,accession,domain,phylum,class,order,family,genus,species,OGT,selected
0,GB_GCA_000814675.1,Bacteria,Proteobacteria,Gammaproteobacteria,Enterobacterales,Alteromonadaceae,Pseudoalteromonas,pseudoalteromonas distincta,13.75,True
1,GB_GCA_002243605.1,Bacteria,Firmicutes,Bacilli,Bacillales,Anoxybacillaceae,Geobacillus,geobacillus lituanicus,56.66666666666666,True
2,GB_GCA_003263785.1,Bacteria,Proteobacteria,Gammaproteobacteria,Enterobacterales,Vibrionaceae,Vibrio,vibrio variabilis,31.5,False
3,GB_GCA_014652975.1,Bacteria,Actinobacteriota,Actinomycetia,Actinomycetales,Micrococcaceae,Kocuria,kocuria marina,23.5,False
4,RS_GCF_000009365.1,Bacteria,Proteobacteria,Gammaproteobacteria,Pseudomonadales,Alcanivoracaceae,Alcanivorax,alcanivorax borkumensis,28.25,True
5,RS_GCF_000009905.1,Bacteria,Firmicutes_E,Symbiobacteriia,Symbiobacteriales,Symbiobacteriaceae,Symbiobacterium,symbiobacterium thermophilum,60.0,True
6,RS_GCF_000009945.1,Bacteria,Chlamydiota,Chlamydiia,Chlamydiales,Chlamydiaceae,Chlamydophila,chlamydophila felis,35.875,True
7,RS_GCF_000014445.1,Bacteria,Firmicutes,Bacilli,Lactobacillales,Lactobacillaceae,Leuconostoc,leuconostoc mesenteroides,28.7202777777778,False
8,RS_GCF_000016565.1,Bacteria,Proteobacteria,Gammaproteobacteria,Pseudomonadales,Pseudomonadaceae,Pseudomonas_E,pseudomonas_e mendocina_a,28.75,False
9,RS_GCF_000017405.1,Bacteria,Proteobacteria,Alphaproteobacteria,Rhizobiales_A,Rhizobiaceae_A,Ochrobactrum,ochrobactrum anthropi,27.875,True
10,RS_GCF_000019085.1,Bacteria,Firmicutes_A,Thermoanaerobacteria,Thermoanaerobacterales,Thermoanaerobacteraceae,Thermoanaerobacter,thermoanaerobacter pseudethanolicus,64.02799999999999,True
11,RS_GCF_000019185.1,Bacteria,Proteobacteria,Gammaproteobacteria,Enterobacterales,Shewanellaceae,Shewanella,shewanella halifaxensis,11.666666666666666,True
12,RS_GCF_000019845.1,Bacteria,Proteobacteria,Alphaproteobacteria,Rhizobiales,Beijerinckiaceae,Beijerinckia,beijerinckia indica,26.0,True
13,RS_GCF_000021725.1,Bacteria,Campylobacterota,Campylobacteria,Nautiliales,Nautiliaceae,Nautilia,nautilia profundicola,40.833333333333336,True
14,RS_GCF_000023065.1,Bacteria,Proteobacteria,Gammaproteobacteria,Enterobacterales,Aeromonadaceae,Tolumonas,tolumonas auensis,22.0,True
15,RS_GCF_000024325.1,Bacteria,Desulfobacterota_I,Desulfovibrionia,Desulfovibrionales,Desulfohalobiaceae,Desulfohalobium,desulfohalobium retbaense,36.1875,True
16,RS_GCF_000024545.1,Bacteria,Actinobacteriota,Actinomycetia,Mycobacteriales,Micromonosporaceae,Stackebrandtia,stackebrandtia nassauensis,26.667,True
17,RS_GCF_000025725.1,Bacteria,Deferribacterota,Deferribacteres,Deferribacterales,Denitrovibrionaceae,Denitrovibrio,denitrovibrio acetiphilus,36.0,True
18,RS_GCF_000152865.1,Bacteria,Proteobacteria,Alphaproteobacteria,Sphingomonadales,Sphingomonadaceae,Erythrobacter,erythrobacter sp000152865,32.0,True
19,RS_GCF_000166195.2,Bacteria,Bacteroidota,Bacteroidia,Sphingobacteriales,Sphingobacteriaceae,Mucilaginibacter,mucilaginibacter paludis,20.5,False
20,RS_GCF_000169375.1,Bacteria,Proteobacteria,Gammaproteobacteria,Pseudomonadales,Oleiphilaceae,Marinobacter,marinobacter sp000169375,13.5,True
21,RS_GCF_000175615.1,Bacteria,Actinobacteriota,Actinomycetia,Actinomycetales,Micrococcaceae,Rothia,rothia mucilaginosa,29.5,True
22,RS_GCF_000186225.1,Bacteria,Bacteroidota,Bacteroidia,Bacteroidales,Bacteroidaceae,Bacteroides,bacteroides helcogenes,32.5,False
23,RS_GCF_000220235.1,Bacteria,Bacteroidota,Bacteroidia,Bacteroidales,Bacteroidaceae,Prevotella,prevotella nigrescens,32.5,True
24,RS_GCF_000231055.2,Bacteria,Actinobacteriota,Actinomycetia,Mycobacteriales,Pseudonocardiaceae,Saccharomonospora,saccharomonospora azurea,32.5,False
25,RS_GCF_000233775.1,Bacteria,Synergistota,Synergistia,Synergistales,Thermovirgaceae,Thermovirga,thermovirga lienii,57.0,True
26,RS_GCF_000241525.1,Bacteria,Proteobacteria,Gammaproteobacteria,Burkholderiales,Burkholderiaceae,Comamonas,comamonas testosteroni,29.8666666666667,True
27,RS_GCF_000252955.1,Bacteria,Proteobacteria,Gammaproteobacteria,Enterobacterales,Enterobacteriaceae,Xenorhabdus,xenorhabdus nematophila,26.0,True
28,RS_GCF_000260835.1,Bacteria,Bacteroidota,Bacteroidia,Flavobacteriales,Flavobacteriaceae,Imtechella,imtechella halotolerans,33.5,True
29,RS_GCF_000264295.1,Bacteria,Proteobacteria,Gammaproteobacteria,Xanthomonadales,Rhodanobacteraceae,Rhodanobacter,rhodanobacter spathiphylli,35.0,False
30,RS_GCF_000281175.1,Bacteria,Chloroflexota,Anaerolineae,Caldilineales,Caldilineaceae,Caldilinea,caldilinea aerophila,55.0,True
31,RS_GCF_000312105.1,Bacteria,Actinobacteriota,Actinomycetia,Propionibacteriales,Nocardioidaceae,Aeromicrobium,aeromicrobium massiliense,31.0,False
32,RS_GCF_000312365.2,Bacteria,Firmicutes_A,Clostridia,Tissierellales,Peptoniphilaceae,Anaerococcus,anaerococcus provencensis,36.0,True
33,RS_GCF_000328765.2,Bacteria,Firmicutes_A,Thermosediminibacteria,Thermosediminibacterales,Tepidanaerobacteraceae,Tepidanaerobacter,tepidanaerobacter acetatoxydans,38.75,True
34,RS_GCF_000332995.1,Bacteria,Actinobacteriota,Actinomycetia,Mycobacteriales,Mycobacteriaceae,Gordonia,gordonia amicalis,27.5,False
35,RS_GCF_000344135.1,Bacteria,Actinobacteriota,Actinomycetia,Mycobacteriales,Mycobacteriaceae,Gordonia,gordonia malaquae,29.5,False
36,RS_GCF_000346615.1,Bacteria,Bacteroidota,Bacteroidia,Cytophagales,Cyclobacteriaceae,Nafulsella,nafulsella turpanensis,33.5,True
37,RS_GCF_000350165.1,Bacteria,Firmicutes_F,Halanaerobiia,Halanaerobiales,Halanaerobiaceae,Halanaerobium,halanaerobium saccharolyticum,38.5,False
38,RS_GCF_000355675.1,Bacteria,Proteobacteria,Gammaproteobacteria,Pseudomonadales,DSM-6294,Thalassolituus,thalassolituus oleivorans,21.375,True
39,RS_GCF_000372425.1,Bacteria,Firmicutes,Bacilli,Lactobacillales,Streptococcaceae,Streptococcus,streptococcus ferus,39.5,False
40,RS_GCF_000381045.1,Bacteria,Deinococcota,Deinococci,Deinococcales,Thermaceae,Thermus,thermus scotoductus,66.18333333333334,True
41,RS_GCF_000423325.1,Bacteria,Proteobacteria,Gammaproteobacteria,Xanthomonadales,Xanthomonadaceae,Lysobacter,lysobacter defluvii,29.5,True
42,RS_GCF_000423405.1,Bacteria,Bacteroidota,Bacteroidia,Flavobacteriales,Flavobacteriaceae,Mesonia,mesonia mobilis,29.0,True
43,RS_GCF_000423665.1,Bacteria,Actinobacteriota,Thermoleophilia,Solirubrobacterales,Solirubrobacteraceae,Solirubrobacter,solirubrobacter soli,26.5,True
44,RS_GCF_000426605.1,Bacteria,Actinobacteriota,Actinomycetia,Propionibacteriales,Propionibacteriaceae,Propionibacterium,propionibacterium acidifaciens,35.0,False
45,RS_GCF_000427665.1,Bacteria,Proteobacteria,Alphaproteobacteria,Geminicoccales,Geminicoccaceae,Geminicoccus,geminicoccus roseus,32.5,True
46,RS_GCF_000428485.1,Bacteria,Bacteroidota,Bacteroidia,Flavobacteriales,Weeksellaceae,Epilithonimonas,epilithonimonas tenax,20.0,True
47,RS_GCF_000429405.1,Bacteria,Bacteroidota,Bacteroidia,Cytophagales,Cyclobacteriaceae,Algoriphagus,algoriphagus marincola,35.0,True
48,RS_GCF_000429925.1,Bacteria,Desulfobacterota,Desulfobacteria,Desulfobacterales,Desulfatirhabdiaceae,Desulfatirhabdium,desulfatirhabdium butyrativorans,29.0,True
49,RS_GCF_000471625.1,Bacteria,Proteobacteria,Gammaproteobacteria,Pseudomonadales,Moraxellaceae,Psychrobacter,psychrobacter aquaticus,22.0,False
50,RS_GCF_000473995.1,Bacteria,Firmicutes_A,Clostridia,Clostridiales,Clostridiaceae,Clostridium,clostridium saccharobutylicum,33.5,False
51,RS_GCF_000511355.1,Bacteria,Proteobacteria,Alphaproteobacteria,Rhodobacterales,Rhodobacteraceae,Leisingera,leisingera methylohalidivorans,20.0,True
52,RS_GCF_000517025.1,Bacteria,Firmicutes_F,Halanaerobiia,Halobacteroidales,Halobacteroidaceae,Halonatronum,halonatronum saccharophilum,40.0,True
53,RS_GCF_000518645.1,Bacteria,Proteobacteria,Gammaproteobacteria,Burkholderiales,Burkholderiaceae,Curvibacter,curvibacter gracilis,27.5,True
54,RS_GCF_000519325.1,Bacteria,Actinobacteriota,Thermoleophilia,Solirubrobacterales,Solirubrobacteraceae,Patulibacter,patulibacter minatonensis,26.3335,False
55,RS_GCF_000524475.1,Bacteria,Actinobacteriota,Actinomycetia,Mycobacteriales,Mycobacteriaceae,Tomitella,tomitella biformata,20.0,True
56,RS_GCF_000741255.1,Bacteria,Actinobacteriota,Actinomycetia,Actinomycetales,Bifidobacteriaceae,Bifidobacterium,bifidobacterium magnum,37.667,False
57,RS_GCF_000744735.1,Bacteria,Proteobacteria,Gammaproteobacteria,Pseudomonadales,Porticoccaceae,Porticoccus,porticoccus hydrocarbonoclasticus,15.0,True
58,RS_GCF_000745375.1,Bacteria,Proteobacteria,Gammaproteobacteria,Methylococcales,Methylomonadaceae,Methylobacter,methylobacter whittenburyi,32.5,True
59,RS_GCF_000771745.2,Bacteria,Deinococcota,Deinococci,Deinococcales,Thermaceae,Thermus_A,thermus_a filiformis,70.0,True
60,RS_GCF_000772705.2,Bacteria,Proteobacteria,Gammaproteobacteria,Xanthomonadales,Xanthomonadaceae,Xanthomonas,xanthomonas vasicola,27.722,True
61,RS_GCF_000819985.1,Bacteria,Proteobacteria,Gammaproteobacteria,Enterobacterales,Aeromonadaceae,Aeromonas,aeromonas media,22.0,False
62,RS_GCF_000820505.1,Bacteria,Desulfobacterota,Desulfuromonadia,Desulfuromonadales,Geoalkalibacteraceae,Geoalkalibacter,geoalkalibacter ferrihydriticus,35.0,True
63,RS_GCF_001027105.1,Bacteria,Firmicutes,Bacilli,Staphylococcales,Staphylococcaceae,Staphylococcus,staphylococcus aureus,35.21212328767125,False
64,RS_GCF_001043955.1,Bacteria,Proteobacteria,Alphaproteobacteria,Rhizobiales,Beijerinckiaceae,Methylobacterium,methylobacterium tarhaniae,26.5,False
65,RS_GCF_001190945.1,Bacteria,Actinobacteriota,Actinomycetia,Actinomycetales,Dermatophilaceae,Luteipulveratus,luteipulveratus mongoliensis,24.0,True
66,RS_GCF_001263415.1,Bacteria,Firmicutes_B,Thermincolia,Thermincolales,Thermincolaceae,Thermincola,thermincola ferriacetica,58.333333333333336,True
67,RS_GCF_001304695.1,Bacteria,Proteobacteria,Gammaproteobacteria,Xanthomonadales,Xanthomonadaceae,Xanthomonas,xanthomonas axonopodis,27.75,False
68,RS_GCF_001437255.1,Bacteria,Firmicutes,Bacilli,Lactobacillales,Lactobacillaceae,Pediococcus,pediococcus damnosus,26.0,True
69,RS_GCF_001509405.1,Bacteria,Actinobacteriota,Actinomycetia,Propionibacteriales,Nocardioidaceae,Aeromicrobium,aeromicrobium erythreum,35.0,False
70,RS_GCF_001552615.1,Bacteria,Actinobacteriota,Actinomycetia,Mycobacteriales,Mycobacteriaceae,Millisia,millisia brevis,32.5,True
71,RS_GCF_001570585.1,Bacteria,Actinobacteriota,Actinomycetia,Streptosporangiales,Streptosporangiaceae,Herbidospora,herbidospora daliensis,29.0,True
72,RS_GCF_001570865.1,Bacteria,Actinobacteriota,Actinomycetia,Actinomycetales,Micrococcaceae,Rothia,rothia kristinae,31.0,False
73,RS_GCF_001570945.1,Bacteria,Actinobacteriota,Actinomycetia,Actinomycetales,Dermatophilaceae,Janibacter,janibacter anophelis,35.0,True
74,RS_GCF_001575205.1,Bacteria,Actinobacteriota,Actinomycetia,Mycobacteriales,Mycobacteriaceae,Tsukamurella,tsukamurella pseudospumae,23.5,False
75,RS_GCF_001579945.1,Bacteria,Proteobacteria,Gammaproteobacteria,Steroidobacterales,Steroidobacteraceae,Steroidobacter,steroidobacter denitrificans,29.0,True
76,RS_GCF_001590965.1,Bacteria,Proteobacteria,Alphaproteobacteria,Sphingomonadales,Sphingomonadaceae,Novosphingobium,novosphingobium lentum,22.0,False
77,RS_GCF_001592285.1,Bacteria,Proteobacteria,Gammaproteobacteria,Burkholderiales,Burkholderiaceae,Hydrogenophaga,hydrogenophaga pseudoflava,32.5,False
78,RS_GCF_001633165.1,Bacteria,Proteobacteria,Alphaproteobacteria,Rhodobacterales,Rhodobacteraceae,Rhodovulum,rhodovulum sulfidophilum,25.3333333333333,True
79,RS_GCF_001654455.1,Bacteria,Bacteroidota,Bacteroidia,Chitinophagales,Chitinophagaceae,Niabella,niabella ginsenosidivorans,27.5,False
80,RS_GCF_001661915.1,Bacteria,Proteobacteria,Alphaproteobacteria,Sphingomonadales,Sphingomonadaceae,Croceicoccus,croceicoccus pelagius,33.5,False
81,RS_GCF_001682385.1,Bacteria,Proteobacteria,Gammaproteobacteria,Burkholderiales,Rhodocyclaceae,Azoarcus,azoarcus olearius,37.5,True
82,RS_GCF_001890925.1,Bacteria,Proteobacteria,Alphaproteobacteria,Rhodobacterales,Rhodobacteraceae,Planktotalea,planktotalea frisia,21.666666666666668,True
83,RS_GCF_001953175.1,Bacteria,Chloroflexota,Dehalococcoidia,Dehalococcoidales,Dehalococcoidaceae,Dehalogenimonas,dehalogenimonas formicexedens,32.0,False
84,RS_GCF_002028405.1,Bacteria,Proteobacteria,Gammaproteobacteria,Burkholderiales,Burkholderiaceae,Thiomonas,thiomonas intermedia,29.58333333333335,True
85,RS_GCF_002086125.1,Bacteria,Actinobacteriota,Actinomycetia,Mycobacteriales,Mycobacteriaceae,Mycobacterium,mycobacterium arosiense,42.0,True
86,RS_GCF_002095535.1,Bacteria,Proteobacteria,Gammaproteobacteria,Enterobacterales,Enterobacteriaceae,Pantoea,pantoea cypripedii,27.3333333333333,False
87,RS_GCF_002217205.1,Bacteria,Bacteroidota,Bacteroidia,Flavobacteriales,Flavobacteriaceae,Flavobacterium,flavobacterium branchiophilum,20.125,False
88,RS_GCF_002218025.2,Bacteria,Proteobacteria,Gammaproteobacteria,Enterobacterales,Vibrionaceae,Vibrio,vibrio casei,29.0,False
89,RS_GCF_002290085.1,Bacteria,Firmicutes,Bacilli,Mycoplasmatales,Mycoplasmataceae,Mesoplasma,mesoplasma chauliocola,34.5,True
90,RS_GCF_002563965.1,Bacteria,Actinobacteriota,Actinomycetia,Mycobacteriales,Mycobacteriaceae,Corynebacterium,corynebacterium renale,35.25,False
91,RS_GCF_002631205.1,Bacteria,Bacteroidota,Bacteroidia,Chitinophagales,Saprospiraceae,Lewinella_A,lewinella_a marina,27.5,True
92,RS_GCF_002847285.1,Bacteria,Actinobacteriota,Actinomycetia,Streptomycetales,Streptomycetaceae,Streptomyces,streptomyces sp002847285,27.0,False
93,RS_GCF_002902365.1,Bacteria,Firmicutes,Bacilli,Staphylococcales,Staphylococcaceae,Staphylococcus,staphylococcus cohnii,34.4285714285714,False
94,RS_GCF_002923755.1,Bacteria,Proteobacteria,Gammaproteobacteria,Methylococcales,Methylomonadaceae,Methylovulum,methylovulum psychrotolerans,22.5,True
95,RS_GCF_002937075.1,Bacteria,Proteobacteria,Alphaproteobacteria,Rhizobiales,Beijerinckiaceae,Rhodoblastus,rhodoblastus sphagnicola,23.75,True
96,RS_GCF_002995795.1,Bacteria,Firmicutes_A,Clostridia,Clostridiales,Clostridiaceae,Clostridium_H,clostridium_h thermopalmarium,55.0,True
97,RS_GCF_003001905.1,Bacteria,Firmicutes,Bacilli,Thermoactinomycetales,DSM-44946,Planifilum,planifilum fimeticola,59.333333333333336,True
98,RS_GCF_003050705.1,Bacteria,Proteobacteria,Alphaproteobacteria,Sphingomonadales,Sphingomonadaceae,Sphingomonas,sphingomonas aurantiaca,22.0,False
99,RS_GCF_003054195.1,Bacteria,Proteobacteria,Alphaproteobacteria,Rhodobacterales,Rhodobacteraceae,Gemmobacter,gemmobacter caeni,30.0,False
100,RS_GCF_003063475.1,Bacteria,Proteobacteria,Gammaproteobacteria,Burkholderiales,Burkholderiaceae,Limnohabitans,limnohabitans curvus,32.0,True
101,RS_GCF_003201975.1,Bacteria,Firmicutes,Bacilli,Bacillales_D,Amphibacillaceae,Pseudogracilibacillus,pseudogracilibacillus auburnensis,29.0,True
102,RS_GCF_003259505.1,Bacteria,Bacteroidota,Bacteroidia,Cytophagales,Cyclobacteriaceae,Algoriphagus,algoriphagus yeomjeoni,27.5,False
103,RS_GCF_003664005.1,Bacteria,Aquificota,Aquificae,Aquificales,Aquificaceae,Hydrogenivirga,hydrogenivirga caldilitoris,75.0,True
104,RS_GCF_003688415.1,Bacteria,Proteobacteria,Gammaproteobacteria,Pseudomonadales,DSM-25080,Umboniibacter,umboniibacter marinipuniceus,26.5,True
105,RS_GCF_003751385.1,Bacteria,Desulfobacterota,Syntrophobacteria,Syntrophobacterales,DSM-9756,Desulfosoma,desulfosoma caldarium,56.0,True
106,RS_GCF_003843835.1,Bacteria,Proteobacteria,Gammaproteobacteria,Burkholderiales,Burkholderiaceae,Tibeticola,tibeticola sediminis,41.0,True
107,RS_GCF_003955735.1,Bacteria,Proteobacteria,Gammaproteobacteria,Burkholderiales,Burkholderiaceae,Undibacterium,undibacterium parvum,22.0,False
108,RS_GCF_004001025.1,Bacteria,Firmicutes,Bacilli,Paenibacillales,Paenibacillaceae,Paenibacillus,paenibacillus amylolyticus,29.0,False
109,RS_GCF_004339665.1,Bacteria,Proteobacteria,Gammaproteobacteria,Pseudomonadales,Pseudomonadaceae,Azotobacter,azotobacter chroococcum,26.2,True
110,RS_GCF_004340665.1,Bacteria,Bacteroidota,Bacteroidia,Sphingobacteriales,Sphingobacteriaceae,Pedobacter,pedobacter psychrotolerans,10.0,True
111,RS_GCF_005048205.1,Bacteria,Proteobacteria,Gammaproteobacteria,Burkholderiales,Chitinibacteraceae,Chitiniphilus,chitiniphilus eburneus,27.5,True
112,RS_GCF_007567505.1,Bacteria,Proteobacteria,Gammaproteobacteria,Enterobacterales,Shewanellaceae,Shewanella,shewanella donghaensis,17.0,True
113,RS_GCF_007859075.1,Bacteria,Proteobacteria,Alphaproteobacteria,Rhodobacterales,Rhodobacteraceae,Gemmobacter,gemmobacter aquaticus,27.5,False
114,RS_GCF_007993815.1,Bacteria,Proteobacteria,Gammaproteobacteria,Burkholderiales,Burkholderiaceae,Acidovorax,acidovorax delafieldii,29.0,True
115,RS_GCF_007997295.1,Bacteria,Bacteroidota,Bacteroidia,Flavobacteriales,Flavobacteriaceae,Gillisia,gillisia hiemivivida,13.0,True
116,RS_GCF_008153345.1,Bacteria,Spirochaetota,Spirochaetia,Treponematales,Treponemataceae,Treponema,treponema phagedenis,37.5,True
117,RS_GCF_008711285.1,Bacteria,Proteobacteria,Alphaproteobacteria,Rhizobiales,Stappiaceae,Roseibium,roseibium aquae,35.0,True
118,RS_GCF_008808095.1,Bacteria,Proteobacteria,Gammaproteobacteria,Enterobacterales,Alteromonadaceae,Pseudoalteromonas,pseudoalteromonas ruthenica,27.5,False
119,RS_GCF_008933115.1,Bacteria,Bacteroidota,Bacteroidia,Flavobacteriales,Schleiferiaceae,Phaeocystidibacter,phaeocystidibacter luteus,32.5,True
120,RS_GCF_008933165.1,Bacteria,Bacteroidota,Bacteroidia,Flavobacteriales,Schleiferiaceae,Phaeocystidibacter,phaeocystidibacter marisrubri,32.5,False
121,RS_GCF_009688945.1,Bacteria,Desulfobacterota,Desulfobacteria,Desulfobacterales,Desulfosarcinaceae,Desulfosarcina,desulfosarcina alkanivorans,32.0,True
122,RS_GCF_009936215.1,Bacteria,Thermotogota,Thermotogae,Mesoaciditogales,Mesoaciditogaceae,Athalassotoga,athalassotoga saccharophila,55.0,True
123,RS_GCF_010078385.1,Bacteria,Firmicutes,Bacilli,Paenibacillales,SCSIO-06110,Chengkuizengella,chengkuizengella sediminis,33.0,True
124,RS_GCF_010550675.1,Bacteria,Actinobacteriota,Actinomycetia,Jiangellales,Jiangellaceae,Phytoactinopolyspora,phytoactinopolyspora halotolerans,32.5,True
125,RS_GCF_011317445.1,Bacteria,Proteobacteria,Alphaproteobacteria,Rhizobiales,Rhizobiaceae,Chelativorans,chelativorans multitrophicus,29.0,True
126,RS_GCF_011761495.1,Bacteria,Firmicutes,Bacilli,Bacillales_D,Alkalibacillaceae,Alkalibacillus,alkalibacillus almallahensis,36.5,True
127,RS_GCF_011801475.1,Bacteria,Proteobacteria,Gammaproteobacteria,Xanthomonadales,Xanthomonadaceae,Xylella,xylella fastidiosa,26.724,True
128,RS_GCF_012979235.1,Bacteria,Desulfobacterota,Dissulfuribacteria,Dissulfuribacterales,Dissulfurirhabdaceae,Dissulfurirhabdus,dissulfurirhabdus thermomarina,50.0,True
129,RS_GCF_014202495.1,Bacteria,Firmicutes,Bacilli,Bacillales_D,Amphibacillaceae,Cerasibacillus,cerasibacillus quisquiliarum,50.0,True
130,RS_GCF_014202505.1,Bacteria,Armatimonadota,Armatimonadia,Armatimonadales,Armatimonadaceae,Armatimonas,armatimonas rosea,32.5,True
131,RS_GCF_014207745.1,Bacteria,Actinobacteriota,Actinomycetia,Streptosporangiales,Streptosporangiaceae,Nonomuraea,nonomuraea muscovyensis,29.0,False
132,RS_GCF_014644735.1,Bacteria,Firmicutes,Bacilli,Caldalkalibacillales,Caldalkalibacillaceae,Caldalkalibacillus,caldalkalibacillus thermarum,61.6665,True
133,RS_GCF_014646675.1,Bacteria,Bacteroidota,Bacteroidia,Flavobacteriales,Flavobacteriaceae,Lutibacter,lutibacter litoralis,27.5,False
134,RS_GCF_014764305.1,Bacteria,Bacteroidota,Bacteroidia,Flavobacteriales,Flavobacteriaceae,Mesoflavibacter,mesoflavibacter profundi,27.5,True
135,RS_GCF_014858725.1,Bacteria,Proteobacteria,Gammaproteobacteria,Enterobacterales,Alteromonadaceae,Pseudoalteromonas,pseudoalteromonas aurantia,19.0,True
136,RS_GCF_015689175.1,Bacteria,Actinobacteriota,Actinomycetia,Mycobacteriales,Mycobacteriaceae,Mycobacterium,mycobacterium kubicae,35.0,False
137,RS_GCF_015710975.1,Bacteria,Firmicutes,Bacilli,Paenibacillales,Paenibacillaceae,Paenibacillus,paenibacillus polymyxa,31.75,False
138,RS_GCF_016906995.1,Bacteria,Proteobacteria,Gammaproteobacteria,Pseudomonadales,Spongiibacteraceae,Spongiibacter,spongiibacter marinus,27.4165,False
139,RS_GCF_016907275.1,Bacteria,Actinobacteriota,Actinomycetia,Mycobacteriales,Micromonosporaceae,Micromonospora,micromonospora luteifusca,29.0,False
140,RS_GCF_016907435.1,Bacteria,Actinobacteriota,Actinomycetia,Propionibacteriales,Nocardioidaceae,Nocardioides,nocardioides salarius,27.5,False
141,RS_GCF_016907455.1,Bacteria,Actinobacteriota,Actinomycetia,Actinomycetales,Dermabacteraceae,Brachybacterium,brachybacterium muris,29.8335,False
142,RS_GCF_016907715.1,Bacteria,Actinobacteriota,Actinomycetia,Propionibacteriales,Actinopolymorphaceae,Tenggerimyces,tenggerimyces flavus,26.5,True
143,RS_GCF_017753665.1,Bacteria,Proteobacteria,Gammaproteobacteria,Burkholderiales,Neisseriaceae,Neisseria,neisseria sicca_d,36.0,False
144,RS_GCF_017912535.1,Bacteria,Proteobacteria,Gammaproteobacteria,Pseudomonadales,Nitrincolaceae,Motiliproteus,motiliproteus sediminis,31.5,True
145,RS_GCF_018127785.1,Bacteria,Bacteroidota,Bacteroidia,Bacteroidales,Bacteroidaceae,Prevotella,prevotella scopos,35.0,False
146,RS_GCF_018324685.1,Bacteria,Actinobacteriota,Actinomycetia,Mycobacteriales,Micromonosporaceae,Actinocatenispora,actinocatenispora sera,21.5,True
147,RS_GCF_900099645.1,Bacteria,Proteobacteria,Gammaproteobacteria,Pseudomonadales,Pseudomonadaceae,Pseudomonas_E,pseudomonas_e peli,33.5,False
148,RS_GCF_900106535.1,Bacteria,Myxococcota,Myxococcia,Myxococcales,Myxococcaceae,Myxococcus,myxococcus xanthus,26.800855072463765,False
149,RS_GCF_900106945.1,Bacteria,Proteobacteria,Gammaproteobacteria,Pseudomonadales,Oleiphilaceae,Marinobacter,marinobacter mobilis,32.5,False
150,RS_GCF_900107755.1,Bacteria,Firmicutes,Bacilli,Bacillales_D,Halobacillaceae,Thalassobacillus,thalassobacillus cyri,38.333333333333336,True
151,RS_GCF_900109605.1,Bacteria,Proteobacteria,Alphaproteobacteria,Rhizobiales,Rhizobiaceae,Pararhizobium,pararhizobium oryzae,32.5,True
152,RS_GCF_900110735.1,Bacteria,Actinobacteriota,Actinomycetia,Streptomycetales,Streptomycetaceae,Streptomyces,streptomyces radiopugnans,35.0,False
153,RS_GCF_900113085.1,Bacteria,Proteobacteria,Gammaproteobacteria,Nevskiales,Nevskiaceae,Fontimonas,fontimonas thermophila,47.5,True
154,RS_GCF_900116605.1,Bacteria,Proteobacteria,Gammaproteobacteria,Pseudomonadales,Pseudomonadaceae,Pseudomonas_E,pseudomonas_e marincola,23.25,False
155,RS_GCF_900129725.1,Bacteria,Bacteroidota,Bacteroidia,Cytophagales,Cyclobacteriaceae,Chryseolinea,chryseolinea serpens,27.5,True
156,RS_GCF_900142435.1,Bacteria,Aquificota,Aquificae,Aquificales,Aquificaceae,Thermocrinis_A,thermocrinis_a minervae,75.0,True
157,RS_GCF_900172255.1,Bacteria,Proteobacteria,Alphaproteobacteria,Rhodobacterales,Rhodobacteraceae,Roseovarius,roseovarius halotolerans,35.0,False
158,RS_GCF_900199215.1,Bacteria,Proteobacteria,Alphaproteobacteria,Caulobacterales,Parvularculaceae,Amphiplicatus,amphiplicatus metriothermophilus,49.0,True
159,RS_GCF_900231835.1,Bacteria,Proteobacteria,Alphaproteobacteria,Rhodobacterales,Rhodobacteraceae,Monaibacterium,monaibacterium marinum,20.0,True
160,RS_GCF_900496975.1,Bacteria,Proteobacteria,Gammaproteobacteria,Burkholderiales,Burkholderiaceae,Achromobacter,achromobacter veterisilvae,32.5,True
161,RS_GCF_901905185.1,Bacteria,Proteobacteria,Alphaproteobacteria,Rhizobiales,Beijerinckiaceae,Methylocella,methylocella tundrae,20.0,False
162,GB_GCA_000333235.1,Bacteria,Proteobacteria,Gammaproteobacteria,Enterobacterales,Alteromonadaceae,Pseudoalteromonas,pseudoalteromonas luteoviolacea_d,20.786,False
163,GB_GCA_000517565.1,Bacteria,Campylobacterota,Desulfurellia,Desulfurellales,Desulfurellaceae,Desulfurella,desulfurella acetivorans,55.27766666666667,True
164,GB_GCA_000759755.1,Bacteria,Proteobacteria,Gammaproteobacteria,Enterobacterales,Enterobacteriaceae,Citrobacter,citrobacter werkmanii,29.0,True
165,GB_GCA_001556025.1,Bacteria,Proteobacteria,Alphaproteobacteria,Rhizobiales,Beijerinckiaceae,Bosea,bosea sp001556025,20.0,False
166,GB_GCA_004570955.1,Bacteria,Firmicutes,Bacilli,Staphylococcales,Salinicoccaceae,Jeotgalicoccus,jeotgalicoccus nanhaiensis,32.5,False
167,GB_GCA_900107365.1,Bacteria,Bacteroidota,Bacteroidia,Flavobacteriales,Flavobacteriaceae,Flavobacterium,flavobacterium aquidurense,23.5,False
168,RS_GCF_000007985.2,Bacteria,Desulfobacterota,Desulfuromonadia,Geobacterales,Geobacteraceae,Geobacter,geobacter sulfurreducens,30.49983333333335,True
169,RS_GCF_000011565.2,Bacteria,Chlamydiota,Chlamydiia,Chlamydiales,Parachlamydiaceae,Protochlamydia,protochlamydia amoebophila,32.5,True
170,RS_GCF_000013885.1,Bacteria,Proteobacteria,Alphaproteobacteria,Rhizobiales,Xanthobacteraceae,Nitrobacter,nitrobacter hamburgensis,29.0,False
171,RS_GCF_000014425.1,Bacteria,Firmicutes,Bacilli,Lactobacillales,Lactobacillaceae,Lactobacillus,lactobacillus gasseri,35.25,False
172,RS_GCF_000020365.1,Bacteria,Desulfobacterota,Desulfobacteria,Desulfobacterales,Desulfobacteraceae,Desulfobacterium_B,desulfobacterium_b autotrophicum,25.25,True
173,RS_GCF_000020525.1,Bacteria,Bacteroidota,Chlorobia,Chlorobiales,Chloroherpetonaceae,Chloroherpeton,chloroherpeton thalassium,32.5,True
174,RS_GCF_000021325.1,Bacteria,Proteobacteria,Alphaproteobacteria,Acetobacterales,Acetobacteraceae,Gluconacetobacter,gluconacetobacter diazotrophicus,29.0,True
175,RS_GCF_000023205.1,Bacteria,Actinobacteriota,Actinomycetia,Actinomycetales,Micrococcaceae,Micrococcus,micrococcus luteus,28.3928571428571,True
176,RS_GCF_000024005.1,Bacteria,Bacteroidota,Bacteroidia,Chitinophagales,Chitinophagaceae,Chitinophaga,chitinophaga pinensis,23.444444444444432,False
177,RS_GCF_000025185.1,Bacteria,Planctomycetota,Planctomycetia,Pirellulales,Pirellulaceae,Pirellula,pirellula staleyi,25.125,True
178,RS_GCF_000025265.1,Bacteria,Actinobacteriota,Thermoleophilia,Solirubrobacterales,Solirubrobacteraceae,Conexibacter,conexibacter woesei,30.25,True
179,RS_GCF_000092825.1,Bacteria,Actinobacteriota,Actinomycetia,Mycobacteriales,Mycobacteriaceae,Segniliparus,segniliparus rotundus,33.1665,True
180,RS_GCF_000158955.1,Bacteria,Actinobacteriota,Actinomycetia,Streptomycetales,Streptomycetaceae,Streptomyces,streptomyces viridochromogenes_b,26.0,False
181,RS_GCF_000166775.1,Bacteria,Firmicutes_A,Thermoanaerobacteria,Caldicellulosiruptorales,Caldicellulosiruptoraceae,Caldicellulosiruptor,caldicellulosiruptor kronotskyensis,70.0,True
182,RS_GCF_000169155.1,Bacteria,Firmicutes_C,Negativicutes,Sporomusales,Thermosinaceae,Thermosinus,thermosinus carboxydivorans,60.0,True
183,RS_GCF_000169175.1,Bacteria,Bacteroidota,Bacteroidia,Cytophagales,Microscillaceae,Microscilla,microscilla marina,22.0,True
184,RS_GCF_000169535.1,Bacteria,Firmicutes,Bacilli,Mycoplasmatales,Mycoplasmoidaceae,Ureaplasma,ureaplasma urealyticum,32.5,True
185,RS_GCF_000170895.1,Bacteria,Myxococcota,Polyangia,Nannocystales,Nannocystaceae,Plesiocystis,plesiocystis pacifica,29.0,True
186,RS_GCF_000172095.1,Bacteria,Proteobacteria,Alphaproteobacteria,Rhodobacterales,Rhodobacteraceae,Sulfitobacter,sulfitobacter indolifex,27.5,True
187,RS_GCF_000182645.1,Bacteria,Proteobacteria,Alphaproteobacteria,Rhizobiales_A,Rhizobiaceae_A,Ochrobactrum,ochrobactrum intermedium,34.75,False
188,RS_GCF_000186245.1,Bacteria,Campylobacterota,Campylobacteria,Campylobacterales,Sulfurovaceae,Nitratifractor,nitratifractor salsuginis,37.2,True
189,RS_GCF_000195315.1,Bacteria,Actinobacteriota,Coriobacteriia,Coriobacteriales,Coriobacteriaceae,Coriobacterium,coriobacterium glomerans,31.25,True
190,RS_GCF_000203915.1,Bacteria,Proteobacteria,Gammaproteobacteria,Burkholderiales,Burkholderiaceae,Burkholderia,burkholderia ambifaria,30.6665,True
191,RS_GCF_000226295.1,Bacteria,Acidobacteriota,Blastocatellia,Chloracidobacteriales,Chloracidobacteriaceae,Chloracidobacterium,chloracidobacterium thermophilum,51.5,True
192,RS_GCF_000250635.1,Bacteria,Bacteroidota,Bacteroidia,Chitinophagales,Saprospiraceae,Saprospira,saprospira grandis_b,28.125,True
193,RS_GCF_000259075.1,Bacteria,Bacteroidota,Bacteroidia,Bacteroidales,Marinilabiliaceae,Marinilabilia,marinilabilia salmonicolor,30.75,True
194,RS_GCF_000262045.1,Bacteria,Firmicutes,Bacilli,Bacillales,Bacillaceae,Bacillus,bacillus siamensis,33.25,False
195,RS_GCF_000285495.1,Bacteria,Firmicutes,Bacilli,Bacillales_D,Amphibacillaceae,Oceanobacillus,oceanobacillus massiliensis,33.5,True
196,RS_GCF_000305935.1,Bacteria,Firmicutes_B,Moorellia,Thermacetogeniales,Thermacetogeniaceae,Thermacetogenium,thermacetogenium phaeum,58.0,True
197,RS_GCF_000308475.2,Bacteria,Actinobacteriota,Actinomycetia,Mycobacteriales,Mycobacteriaceae,Nocardia,nocardia brasiliensis,32.5,False
198,RS_GCF_000315525.1,Bacteria,Proteobacteria,Alphaproteobacteria,Sphingomonadales,Sphingomonadaceae,Sphingobium,sphingobium yanoikuyae,28.75,True
199,RS_GCF_000330705.1,Bacteria,Firmicutes,Bacilli,Staphylococcales,Salinicoccaceae,Salinicoccus,salinicoccus carnicancri,33.5,True
200,RS_GCF_000341105.1,Bacteria,Actinobacteriota,Actinomycetia,Streptosporangiales,Streptosporangiaceae,Nocardiopsis_A,nocardiopsis_a potens,28.5,True
201,RS_GCF_000341505.1,Bacteria,Proteobacteria,Gammaproteobacteria,Enterobacterales,Enterobacteriaceae,Edwardsiella,edwardsiella tarda,32.5,True
202,RS_GCF_000378205.1,Bacteria,Spirochaetota,Spirochaetia,DSM-16054,Sediminispirochaetaceae,Sediminispirochaeta,sediminispirochaeta bajacaliforniensis,36.0,True
203,RS_GCF_000378225.1,Bacteria,Proteobacteria,Gammaproteobacteria,Burkholderiales,Methylophilaceae,Methylophilus,methylophilus methylotrophus,36.8,True
204,RS_GCF_000379705.1,Bacteria,Actinobacteriota,Actinomycetia,Mycobacteriales,Mycobacteriaceae,Corynebacterium,corynebacterium caspium,34.5,False
205,RS_GCF_000423365.1,Bacteria,Proteobacteria,Alphaproteobacteria,Rhizobiales,Devosiaceae,Maritalea,maritalea myrionectae,32.5,True
206,RS_GCF_000423845.1,Bacteria,Desulfobacterota,Thermodesulfobacteria,Thermodesulfobacteriales,Thermodesulfobacteriaceae,Thermodesulfobacterium,thermodesulfobacterium hveragerdense,68.5,True
207,RS_GCF_000425585.1,Bacteria,Bacteroidota,Bacteroidia,Chitinophagales,Chitinophagaceae,Terrimonas,terrimonas ferruginea,28.5,True
208,RS_GCF_000425645.1,Bacteria,Bacteroidota,Bacteroidia,Flavobacteriales,Flavobacteriaceae,Gaetbulibacter,gaetbulibacter saemankumensis,27.25,True
209,RS_GCF_000426625.1,Bacteria,Fusobacteriota,Fusobacteriia,Fusobacteriales,Fusobacteriaceae,Psychrilyobacter,psychrilyobacter atlanticus,18.33333333333333,True
210,RS_GCF_000427905.1,Bacteria,Actinobacteriota,Actinomycetia,Mycobacteriales,Pseudonocardiaceae,Thermocrispum,thermocrispum agreste,48.333333333333336,True
211,RS_GCF_000429865.1,Bacteria,Proteobacteria,Alphaproteobacteria,Rhizobiales,Devosiaceae,Cucumibacter,cucumibacter marinus,32.5,True
212,RS_GCF_000442645.1,Bacteria,Actinobacteriota,Actinomycetia,Mycobacteriales,Mycobacteriaceae,Corynebacterium,corynebacterium maris,35.625,False
213,RS_GCF_000444995.1,Bacteria,Proteobacteria,Alphaproteobacteria,Rhodobacterales,Rhodobacteraceae,Paracoccus,paracoccus aminophilus,29.643,False
214,RS_GCF_000445065.1,Bacteria,Proteobacteria,Alphaproteobacteria,Sphingomonadales,Sphingomonadaceae,Sphingobium,sphingobium quisquiliarum,28.667,False
215,RS_GCF_000482705.1,Bacteria,Actinobacteriota,Actinomycetia,Mycobacteriales,Micromonosporaceae,Glycomyces,glycomyces arizonensis,28.5,False
216,RS_GCF_000498575.2,Bacteria,Proteobacteria,Gammaproteobacteria,Pseudomonadales,Pseudomonadaceae,Pseudomonas_E,pseudomonas_e taeanensis,28.25,False
217,RS_GCF_000512895.1,Bacteria,Firmicutes_B,Desulfitobacteriia,Desulfitobacteriales,Syntrophobotulaceae,Dehalobacter,dehalobacter restrictus,27.5,True
218,RS_GCF_000521505.1,Bacteria,Proteobacteria,Gammaproteobacteria,Burkholderiales,Burkholderiaceae,Advenella,advenella mimigardefordensis,33.5,True
219,RS_GCF_000576425.1,Bacteria,Actinobacteriota,Actinomycetia,Actinomycetales,Dermabacteraceae,Brachybacterium,brachybacterium phenoliresistens,32.0,False
220,RS_GCF_000601455.1,Bacteria,Firmicutes_A,Clostridia,Clostridiales,Caloramatoraceae,Fervidicella,fervidicella metallireducens,50.0,True
221,RS_GCF_000620305.1,Bacteria,Firmicutes_B,Moorellia,Desulfitibacterales,Desulfitibacteraceae,Desulfitibacter,desulfitibacter alkalitolerans,36.0,True
222,RS_GCF_000621705.1,Bacteria,Bacteroidota,Bacteroidia,Bacteroidales,Prolixibacteraceae,Prolixibacter,prolixibacter bellariivorans,22.0,True
223,RS_GCF_000701425.1,Bacteria,Deinococcota,Deinococci,Deinococcales,Deinococcaceae,Deinococcus,deinococcus frigens,14.0,True
224,RS_GCF_000701485.1,Bacteria,Firmicutes,Bacilli,Mycoplasmatales,Metamycoplasmataceae,Mycoplasmopsis_A,mycoplasmopsis_a sturni,35.5,True
225,RS_GCF_000715205.1,Bacteria,Firmicutes,Bacilli,Bacillales,Bacillaceae,Bacillus,bacillus zhangzhouensis,33.5,False
226,RS_GCF_000716445.1,Bacteria,Actinobacteriota,Actinomycetia,Streptomycetales,Streptomycetaceae,Streptomyces,streptomyces wedmorensis,26.0,False
227,RS_GCF_000723785.2,Bacteria,Proteobacteria,Alphaproteobacteria,Acetobacterales,Acetobacteraceae,Acetobacter,acetobacter pasteurianus,27.17857142857145,False
228,RS_GCF_000732725.1,Bacteria,Firmicutes_A,Clostridia,Lachnospirales,Lachnospiraceae,Kineothrix,kineothrix alysoides,37.5,True
229,RS_GCF_000737315.1,Bacteria,Myxococcota,Myxococcia,Myxococcales,Myxococcaceae,Hyalangium,hyalangium minutum,28.2857142857143,True
230,RS_GCF_000741785.1,Bacteria,Actinobacteriota,Actinomycetia,Actinomycetales,Bifidobacteriaceae,Bifidobacterium,bifidobacterium stellenboschense,34.0,False
231,RS_GCF_000745455.1,Bacteria,Thermotogota,Thermotogae,Mesoaciditogales,Mesoaciditogaceae,Mesoaciditoga,mesoaciditoga lauensis,58.5,True
232,RS_GCF_000763885.1,Bacteria,Proteobacteria,Alphaproteobacteria,Rhodobacterales,Rhodobacteraceae,Paracoccus,paracoccus versutus,32.5,False
233,RS_GCF_000819765.1,Bacteria,Proteobacteria,Gammaproteobacteria,Enterobacterales,Aeromonadaceae,Aeromonas,aeromonas bivalvium,33.5,False
234,RS_GCF_000832125.1,Bacteria,Bacteroidota,Bacteroidia,Flavobacteriales,Flavobacteriaceae,Flavobacterium,flavobacterium hibernum,23.0,False
235,RS_GCF_000949295.1,Bacteria,Actinobacteriota,Acidimicrobiia,Acidimicrobiales,Acidimicrobiaceae,Acidithrix,acidithrix ferrooxidans,22.5,True
236,RS_GCF_000973105.1,Bacteria,Bacteroidota,Bacteroidia,Flavobacteriales,Flavobacteriaceae,Zobellia,zobellia galactanivorans,35.0,False
237,RS_GCF_001005085.2,Bacteria,Actinobacteriota,Actinomycetia,Streptomycetales,Streptomycetaceae,Streptomyces,streptomyces humi,32.0,False
238,RS_GCF_001039475.1,Bacteria,Firmicutes,Bacilli,Bacillales_G,HB172195,Anaerobacillus_A,anaerobacillus_a macyae,32.5,True
239,RS_GCF_001050155.1,Bacteria,Proteobacteria,Alphaproteobacteria,Rhizobiales,Rhizobiaceae,Nitratireductor,nitratireductor soli,27.5,False
240,RS_GCF_001295365.1,Bacteria,Firmicutes,Bacilli,Bacillales,Anoxybacillaceae,Parageobacillus,parageobacillus thermoglucosidasius,60.75,True
241,RS_GCF_001310975.1,Bacteria,Firmicutes_A,Thermoanaerobacteria,Thermoanaerobacterales,Thermoanaerobacteraceae,Thermoanaerobacter,thermoanaerobacter thermocopriae,64.02766666666666,True
242,RS_GCF_001418015.1,Bacteria,Bacteroidota,Bacteroidia,Flavobacteriales,Flavobacteriaceae,Lacinutrix,lacinutrix mariniflava,17.5,True
243,RS_GCF_001437405.1,Bacteria,Firmicutes,Bacilli,Lactobacillales,Lactobacillaceae,Pediococcus,pediococcus ethanolidurans,33.0,False
244,RS_GCF_001457455.1,Bacteria,Actinobacteriota,Actinomycetia,Mycobacteriales,Mycobacteriaceae,Corynebacterium,corynebacterium diphtheriae,35.2,False
245,RS_GCF_001457615.1,Bacteria,Proteobacteria,Gammaproteobacteria,Pseudomonadales,Pseudomonadaceae,Pseudomonas,pseudomonas aeruginosa,33.02803921568625,True
246,RS_GCF_001458255.1,Bacteria,Proteobacteria,Alphaproteobacteria,Rhodobacterales,Rhodobacteraceae,Thalassobius,thalassobius autumnalis,26.0,False
247,RS_GCF_001466665.1,Bacteria,Chloroflexota,Dehalococcoidia,Dehalococcoidales,Dehalococcoidaceae,Dehalogenimonas,dehalogenimonas alkenigignens,31.5,False
248,RS_GCF_001482405.1,Bacteria,Proteobacteria,Alphaproteobacteria,Rhodobacterales,Rhodobacteraceae,Ponticoccus,ponticoccus marisrubri,31.5,True
249,RS_GCF_001542405.1,Bacteria,Proteobacteria,Alphaproteobacteria,Rhizobiales,Rhizobiaceae,Rhizobium,rhizobium altiplani,29.0,False
250,RS_GCF_001544255.1,Bacteria,Firmicutes,Bacilli,Lactobacillales,Enterococcaceae,Enterococcus_B,enterococcus_b faecium,36.316,True
251,RS_GCF_001544315.1,Bacteria,Firmicutes,Bacilli,Bacillales,Anoxybacillaceae,Geobacillus,geobacillus jurassicus,58.833333333333336,True
252,RS_GCF_001561995.1,Bacteria,Proteobacteria,Alphaproteobacteria,Rhizobiales,Stappiaceae,Pseudovibrio,pseudovibrio hongkongensis,26.5,False
253,RS_GCF_001571045.1,Bacteria,Actinobacteriota,Actinomycetia,Actinomycetales,Microbacteriaceae,Curtobacterium,curtobacterium ammoniigenes,21.0,True
254,RS_GCF_001584615.1,Bacteria,Actinobacteriota,Actinomycetia,Actinomycetales,Brevibacteriaceae,Brevibacterium,brevibacterium ravenspurgense,34.083333333333336,False
255,RS_GCF_001586255.1,Bacteria,Proteobacteria,Gammaproteobacteria,Pseudomonadales,Spongiibacteraceae,Zhongshania,zhongshania aliphaticivorans,27.5,True
256,RS_GCF_001592205.1,Bacteria,Proteobacteria,Alphaproteobacteria,Caulobacterales,Caulobacteraceae,Brevundimonas,brevundimonas vesicularis,26.0,False
257,RS_GCF_001594015.1,Bacteria,Firmicutes_B,Moorellia,Moorellales,Moorellaceae,Moorella,moorella mulderi,64.0,True
258,RS_GCF_001612725.1,Bacteria,Actinobacteriota,Actinomycetia,Mycobacteriales,Mycobacteriaceae,Nocardia,nocardia anaemiae,27.0,False
259,RS_GCF_001613935.1,Bacteria,Actinobacteriota,Actinomycetia,Mycobacteriales,Pseudonocardiaceae,Amycolatopsis,amycolatopsis regifaucium,32.5,False
260,RS_GCF_001639745.1,Bacteria,Proteobacteria,Gammaproteobacteria,Pseudomonadales,Marinomonadaceae,Marinomonas,marinomonas gallaica,24.0,False
261,RS_GCF_001693735.1,Bacteria,Firmicutes_F,Halanaerobiia,Halobacteroidales,Halobacteroidaceae,Orenia,orenia metallireducens,40.0,True
262,RS_GCF_001792775.2,Bacteria,Firmicutes,Bacilli,Staphylococcales,Staphylococcaceae,Staphylococcus,staphylococcus pseudintermedius,35.0,False
263,RS_GCF_001894885.1,Bacteria,Actinobacteriota,Actinomycetia,Mycobacteriales,Mycobacteriaceae,Rhodococcus,rhodococcus marinonascens,19.0,True
264,RS_GCF_001927245.1,Bacteria,Proteobacteria,Alphaproteobacteria,Rhizobiales,Amorphaceae,Acuticoccus,acuticoccus yangtzensis,35.0,True
265,RS_GCF_001941345.1,Bacteria,Actinobacteriota,Actinomycetia,Mycobacteriales,Mycobacteriaceae,Corynebacterium,corynebacterium stationis,35.0,False
266,RS_GCF_001941975.1,Bacteria,Firmicutes_C,Negativicutes,Sporomusales,Sporomusaceae,Sporomusa,sporomusa sphaeroides,35.0,True
267,RS_GCF_001969855.1,Bacteria,Firmicutes,Bacilli,Bacillales,Bacillaceae,Bacillus,bacillus haynesii,40.556,True
268,RS_GCF_002149965.1,Bacteria,Proteobacteria,Alphaproteobacteria,Sphingomonadales,Sphingomonadaceae,Novosphingobium,novosphingobium panipatense,30.312,False
269,RS_GCF_002155915.1,Bacteria,Actinobacteriota,Actinomycetia,Streptomycetales,Streptomycetaceae,Streptomyces,streptomyces thermovulgaris,40.3333333333333,True
270,RS_GCF_002156455.1,Bacteria,Proteobacteria,Gammaproteobacteria,Enterobacterales,Vibrionaceae,Vibrio,vibrio coralliirubri,20.0,False
271,RS_GCF_002156475.1,Bacteria,Proteobacteria,Gammaproteobacteria,Enterobacterales,Vibrionaceae,Vibrio,vibrio gigantis,4.0,True
272,RS_GCF_002157205.1,Bacteria,Proteobacteria,Gammaproteobacteria,Pseudomonadales,Halomonadaceae,Kushneria,kushneria marisflavi,27.5,False
273,RS_GCF_002163755.1,Bacteria,Proteobacteria,Gammaproteobacteria,Enterobacterales,Vibrionaceae,Vibrio,vibrio campbellii,27.0,False
274,RS_GCF_002263495.1,Bacteria,Actinobacteriota,Actinomycetia,Streptosporangiales,Streptosporangiaceae,Nocardiopsis_C,nocardiopsis_c gilva,28.667,True
275,RS_GCF_002282855.1,Bacteria,Proteobacteria,Gammaproteobacteria,Enterobacterales,Shewanellaceae,Paraferrimonas,paraferrimonas sedimenticola,27.5,True
276,RS_GCF_002285495.1,Bacteria,Firmicutes_A,Clostridia,Clostridiales,Clostridiaceae,Clostridium,clostridium isatidis,50.5,True
277,RS_GCF_002355415.1,Bacteria,Proteobacteria,Gammaproteobacteria,Acidiferrobacterales,Sulfurifustaceae,Sulfurifustis,sulfurifustis variabilis,43.5,True
278,RS_GCF_002443155.1,Bacteria,Proteobacteria,Gammaproteobacteria,Burkholderiales,Burkholderiaceae,Alcaligenes,alcaligenes faecalis,30.8888888888889,True
279,RS_GCF_002797755.1,Bacteria,Proteobacteria,Alphaproteobacteria,Rhodobacterales,Rhodobacteraceae,Brevirhabdus,brevirhabdus pacifica,32.5,True
280,RS_GCF_002798305.1,Bacteria,Firmicutes,Bacilli,Bacillales_A,Planococcaceae,Chryseomicrobium,chryseomicrobium excrementi,36.0,True
281,RS_GCF_002809955.1,Bacteria,Firmicutes,Bacilli,Bacillales,Anoxybacillaceae,Geobacillus,geobacillus sp002809955,60.667,True
282,RS_GCF_002813445.1,Bacteria,Proteobacteria,Gammaproteobacteria,Pseudomonadales,Pseudomonadaceae,Pseudomonas_E,pseudomonas_e tolaasii,26.5,False
283,RS_GCF_002834145.1,Bacteria,Proteobacteria,Alphaproteobacteria,Rhodobacterales,Rhodobacteraceae,Roseovarius,roseovarius salinarum,33.0,True
284,RS_GCF_002845745.1,Bacteria,Proteobacteria,Alphaproteobacteria,Rhodospirillales,Magnetospirillaceae,Telmatospirillum,telmatospirillum siberiense,26.5,True
285,RS_GCF_002902685.1,Bacteria,Firmicutes,Bacilli,Staphylococcales,Staphylococcaceae,Staphylococcus,staphylococcus pettenkoferi,34.25,False
286,RS_GCF_002973595.1,Bacteria,Bacteroidota,Bacteroidia,Flavobacteriales,Flavobacteriaceae,Jejuia,jejuia pallidilutea,27.5,True
287,RS_GCF_003019255.1,Bacteria,Firmicutes,Bacilli,Staphylococcales,Staphylococcaceae,Staphylococcus,staphylococcus kloosii,34.0,False
288,RS_GCF_003026365.1,Bacteria,Proteobacteria,Gammaproteobacteria,Enterobacterales,Vibrionaceae,Photobacterium,photobacterium angustum,26.0,False
289,RS_GCF_003028575.1,Bacteria,Proteobacteria,Gammaproteobacteria,Pseudomonadales,Halomonadaceae,Halomonas,halomonas urumqiensis,39.0,False
290,RS_GCF_003046295.1,Bacteria,Proteobacteria,Alphaproteobacteria,Sphingomonadales,Sphingomonadaceae,Sphingomonas,sphingomonas aerolata,22.0,False
291,RS_GCF_003259905.1,Bacteria,Proteobacteria,Alphaproteobacteria,Rhodobacterales,Rhodobacteraceae,Salipiger,salipiger aestuarii,27.5,False
292,RS_GCF_003315235.1,Bacteria,Proteobacteria,Gammaproteobacteria,Burkholderiales,Neisseriaceae,Neisseria,neisseria gonorrhoeae,36.45833333333335,False
293,RS_GCF_003634015.1,Bacteria,Proteobacteria,Alphaproteobacteria,Caulobacterales,Maricaulaceae,Litorimonas,litorimonas taeanensis,27.5,False
294,RS_GCF_003667225.1,Bacteria,Actinobacteriota,Actinomycetia,Actinomycetales,Micrococcaceae,Kocuria,kocuria rhizophila,31.0,False
295,RS_GCF_003710935.1,Bacteria,Firmicutes,Bacilli,Brevibacillales,Brevibacillaceae,Brevibacillus,brevibacillus gelatini,40.0,True
296,RS_GCF_003725795.1,Bacteria,Bacteroidota,Bacteroidia,Sphingobacteriales,Sphingobacteriaceae,Pedobacter,pedobacter jejuensis,22.5,True
297,RS_GCF_003797125.1,Bacteria,Proteobacteria,Gammaproteobacteria,Enterobacterales,Shewanellaceae,Shewanella,shewanella frigidimarina,20.5,False
298,RS_GCF_003867075.1,Bacteria,Bacteroidota,Bacteroidia,Flavobacteriales,Flavobacteriaceae,Tenacibaculum,tenacibaculum mesophilum,31.5,False
299,RS_GCF_003967195.1,Bacteria,Proteobacteria,Gammaproteobacteria,AKS1,AKS1,Sulfuriflexus,sulfuriflexus mobilis,31.0,True
300,RS_GCF_004307015.1,Bacteria,Deinococcota,Deinococci,Deinococcales,Thermaceae,Thermus,thermus thermamylovorans,65.0,True
301,RS_GCF_004310665.1,Bacteria,Bacteroidota,Bacteroidia,Sphingobacteriales,Sphingobacteriaceae,Pedobacter,pedobacter kyonggii,19.0,True
302,RS_GCF_004358165.1,Bacteria,Proteobacteria,Gammaproteobacteria,Xanthomonadales,Xanthomonadaceae,Luteimonas,luteimonas terrae,27.5,True
303,RS_GCF_004363315.1,Bacteria,Proteobacteria,Gammaproteobacteria,Burkholderiales,Burkholderiaceae,Tepidicella,tepidicella xavieri,45.0,True
304,RS_GCF_004367585.1,Bacteria,Firmicutes,Bacilli,Bacillales_A,Planococcaceae,Paenisporosarcina,paenisporosarcina antarctica,17.5,True
305,RS_GCF_004458765.1,Bacteria,Proteobacteria,Alphaproteobacteria,Rhizobiales,Beijerinckiaceae,Microvirga,microvirga pakistanensis,40.0,True
306,RS_GCF_004571135.1,Bacteria,Bacteroidota,Bacteroidia,Cytophagales,Cyclobacteriaceae,Algoriphagus,algoriphagus kandeliae,40.0,True
307,RS_GCF_004758605.1,Bacteria,Deinococcota,Deinococci,Deinococcales,Deinococcaceae,Deinococcus,deinococcus metallilatus,40.0,True
308,RS_GCF_005221385.1,Bacteria,Proteobacteria,Alphaproteobacteria,Rhizobiales,Rhizobiaceae,Agrobacterium,agrobacterium sp900013535,27.083,True
309,RS_GCF_006569205.1,Bacteria,Firmicutes,Bacilli,Bacillales_A,Planococcaceae,Ureibacillus,ureibacillus terrenus,53.3333333333333,True
310,RS_GCF_008033135.1,Bacteria,Proteobacteria,Gammaproteobacteria,Burkholderiales,Chitinibacteraceae,Chitinolyticbacter,chitinolyticbacter meiyuanensis,33.5,True
311,RS_GCF_008087625.1,Bacteria,Planctomycetota,Planctomycetia,Isosphaerales,Isosphaeraceae,Aquisphaera,aquisphaera giovannonii,33.75,True
312,RS_GCF_008124715.1,Bacteria,Firmicutes_A,Thermosediminibacteria,Thermosediminibacterales,Thermosediminibacteraceae,Thermosediminibacter,thermosediminibacter litoriperuensis,64.0,True
313,RS_GCF_008801935.1,Bacteria,Proteobacteria,Gammaproteobacteria,Burkholderiales,Burkholderiaceae,Comamonas,comamonas kerstersii,37.5,False
314,RS_GCF_008973715.1,Bacteria,Proteobacteria,Gammaproteobacteria,Pseudomonadales,Nitrincolaceae,Nitrincola,nitrincola schmidtii,17.5,True
315,RS_GCF_009193215.1,Bacteria,Bacteroidota,Bacteroidia,Flavobacteriales,Flavobacteriaceae,Flavicella,flavicella marina,26.5,True
316,RS_GCF_009664085.1,Bacteria,Proteobacteria,Gammaproteobacteria,Chromatiales,Chromatiaceae,Thermochromatium,thermochromatium tepidum,48.25,True
317,RS_GCF_009725995.1,Bacteria,Bacteroidota,Bacteroidia,Flavobacteriales,Flavobacteriaceae,Zobellia,zobellia laminariae,22.0,False
318,RS_GCF_009910675.1,Bacteria,Proteobacteria,Gammaproteobacteria,Enterobacterales,Vibrionaceae,Photobacterium,photobacterium alginatilyticum,32.0,False
319,RS_GCF_010093135.1,Bacteria,Proteobacteria,Gammaproteobacteria,Xanthomonadales,Xanthomonadaceae,Pseudoxanthomonas,pseudoxanthomonas taiwanensis,52.5,True
320,RS_GCF_012911875.1,Bacteria,Actinobacteriota,Actinomycetia,Mycobacteriales,Pseudonocardiaceae,Pseudonocardia,pseudonocardia bannensis,24.0,True
321,RS_GCF_013179575.1,Bacteria,Bacteroidota,Bacteroidia,Sphingobacteriales,Sphingobacteriaceae,Sphingobacterium,sphingobacterium shayense,33.5,False
322,RS_GCF_013359815.1,Bacteria,Actinobacteriota,Actinomycetia,Actinomycetales,Microbacteriaceae,Curtobacterium,curtobacterium flaccumfaciens,29.3333333333333,False
323,RS_GCF_013410345.1,Bacteria,Actinobacteriota,Actinomycetia,Mycobacteriales,Pseudonocardiaceae,Saccharopolyspora,saccharopolyspora hordei,45.0,True
324,RS_GCF_013410405.1,Bacteria,Actinobacteriota,Actinomycetia,Mycobacteriales,Pseudonocardiaceae,Amycolatopsis,amycolatopsis endophytica,31.0,False
325,RS_GCF_014192275.1,Bacteria,Proteobacteria,Gammaproteobacteria,Pseudomonadales,Halomonadaceae,Halomonas,halomonas stenophila,26.0,False
326,RS_GCF_014196305.1,Bacteria,Proteobacteria,Alphaproteobacteria,Acetobacterales,Acetobacteraceae,Roseococcus,roseococcus suduntuyensis,25.5,True
327,RS_GCF_014199295.1,Bacteria,Proteobacteria,Alphaproteobacteria,Sphingomonadales,Sphingomonadaceae,Sphingopyxis,sphingopyxis panaciterrulae,27.5,False
328,RS_GCF_014201515.1,Bacteria,Firmicutes,Bacilli,Bacillales,Anoxybacillaceae,Anoxybacillus,anoxybacillus mongoliensis,55.0,True
329,RS_GCF_014202645.1,Bacteria,Deinococcota,Deinococci,Deinococcales,Deinococcaceae,Deinobacterium,deinobacterium chartae,41.0,True
330,RS_GCF_014204835.1,Bacteria,Actinobacteriota,Actinomycetia,Actinomycetales,Microbacteriaceae,Microbacterium,microbacterium marinum,26.5,False
331,RS_GCF_014204895.1,Bacteria,Actinobacteriota,Actinomycetia,Mycobacteriales,Micromonosporaceae,Actinoplanes,actinoplanes abujensis,27.5,False
332,RS_GCF_014638095.1,Bacteria,Bacteroidota,Bacteroidia,Flavobacteriales,Flavobacteriaceae,Muriicola,muriicola marianensis,32.5,True
333,RS_GCF_014638275.1,Bacteria,Proteobacteria,Alphaproteobacteria,Rhodobacterales,Rhodobacteraceae,Pseudooceanicola,pseudooceanicola flagellatus,36.0,False
334,RS_GCF_014639075.1,Bacteria,Proteobacteria,Alphaproteobacteria,Caulobacterales,Maricaulaceae,Glycocaulis,glycocaulis albus,31.0,True
335,RS_GCF_014641735.1,Bacteria,Proteobacteria,Alphaproteobacteria,Sphingomonadales,Sphingomonadaceae,Sphingomonas,sphingomonas metalli,27.5,False
336,RS_GCF_014643455.1,Bacteria,Proteobacteria,Alphaproteobacteria,Sphingomonadales,Sphingomonadaceae,Polymorphobacter,polymorphobacter glacialis,15.0,True
337,RS_GCF_014644455.1,Bacteria,Proteobacteria,Alphaproteobacteria,Acetobacterales,Acetobacteraceae,Caldovatus,caldovatus sediminis,45.0,True
338,RS_GCF_014652895.1,Bacteria,Proteobacteria,Gammaproteobacteria,Pseudomonadales,Moraxellaceae,Psychrobacter,psychrobacter glaciei,27.0,False
339,RS_GCF_014654895.1,Bacteria,Actinobacteriota,Actinomycetia,Streptomycetales,Streptomycetaceae,Streptomyces,streptomyces filamentosus,27.0,False
340,RS_GCF_014699135.1,Bacteria,Proteobacteria,Gammaproteobacteria,Burkholderiales,Burkholderiaceae,Undibacterium,undibacterium aquatile,23.0,False
341,RS_GCF_015356755.1,Bacteria,Bacteroidota,Bacteroidia,Flavobacteriales,Flavobacteriaceae,Nonlabens,nonlabens antarcticus,15.0,True
342,RS_GCF_016653355.1,Bacteria,Proteobacteria,Alphaproteobacteria,Rhizobiales,Xanthobacteraceae,Rhodoplanes,rhodoplanes elegans,26.0,False
343,RS_GCF_016735695.1,Bacteria,Proteobacteria,Alphaproteobacteria,Rhizobiales,Beijerinckiaceae,Microvirga,microvirga zambiensis,35.0,True
344,RS_GCF_016908415.1,Bacteria,Firmicutes_A,Clostridia,Caldicoprobacterales,Caldicoprobacteraceae,Caldicoprobacter,caldicoprobacter guelmensis,65.0,True
345,RS_GCF_017377745.1,Bacteria,Proteobacteria,Alphaproteobacteria,Acetobacterales,Acetobacteraceae,Acetobacter,acetobacter suratthaniensis,29.5,False
346,RS_GCF_017876735.1,Bacteria,Actinobacteriota,Actinomycetia,Actinomycetales,Micrococcaceae,Paeniglutamicibacter,paeniglutamicibacter antarcticus,23.5,True
347,RS_GCF_017901175.1,Bacteria,Proteobacteria,Gammaproteobacteria,Thiotrichales,Thiotrichaceae,Thiothrix,thiothrix unzii,26.0,False
348,RS_GCF_018734325.1,Bacteria,Proteobacteria,Gammaproteobacteria,Methylococcales,Methylomonadaceae,Methylomonas,methylomonas paludis,22.5,True
349,RS_GCF_900096995.1,Bacteria,Proteobacteria,Gammaproteobacteria,Pseudomonadales,Moraxellaceae,Acinetobacter,acinetobacter puyangensis,29.0,False
350,RS_GCF_900101025.1,Bacteria,Actinobacteriota,Actinomycetia,Mycobacteriales,Geodermatophilaceae,Klenkia,klenkia marina,27.5,True
351,RS_GCF_900103625.1,Bacteria,Actinobacteriota,Actinomycetia,Mycobacteriales,Mycobacteriaceae,Corynebacterium,corynebacterium mycetoides,33.5,False
352,RS_GCF_900104045.1,Bacteria,Desulfobacterota_I,Desulfovibrionia,Desulfovibrionales,Desulfonauticaceae,Desulfonauticus,desulfonauticus submarinus,45.0,True
353,RS_GCF_900104305.1,Bacteria,Proteobacteria,Alphaproteobacteria,Rhizobiales,Hyphomicrobiaceae,Filomicrobium,filomicrobium insigne,29.0,True
354,RS_GCF_900106075.1,Bacteria,Bacteroidota,Bacteroidia,Flavobacteriales,Flavobacteriaceae,Polaribacter,polaribacter sp900106075,15.0,True
355,RS_GCF_900110965.1,Bacteria,Proteobacteria,Gammaproteobacteria,Ectothiorhodospirales,Ectothiorhodospiraceae,Ectothiorhodospira,ectothiorhodospira magna,32.5,False
356,RS_GCF_900111365.1,Bacteria,Actinobacteriota,Actinomycetia,Propionibacteriales,Propionibacteriaceae,Propionibacterium,propionibacterium cyclohexanicum,35.0,True
357,RS_GCF_900111965.1,Bacteria,Bacteroidota,Bacteroidia,Flavobacteriales,Flavobacteriaceae,Flavobacterium,flavobacterium swingsii,24.0,False
358,RS_GCF_900115155.1,Bacteria,Actinobacteriota,Actinomycetia,Actinomycetales,Microbacteriaceae,Mycetocola_A,mycetocola_a miduiensis,22.5,True
359,RS_GCF_900129005.1,Bacteria,Bacteroidota,Bacteroidia,Flavobacteriales,Flavobacteriaceae,Leeuwenhoekiella,leeuwenhoekiella marinoflava,22.0,False
360,RS_GCF_900129325.1,Bacteria,Proteobacteria,Alphaproteobacteria,Rhizobiales,Kaistiaceae,Kaistia,kaistia soli,29.0,False
361,RS_GCF_900129985.1,Bacteria,Thermotogota,Thermotogae,Thermotogales,Fervidobacteriaceae,Thermosipho_A,thermosipho_a atlanticus,60.0,True
362,RS_GCF_900156205.1,Bacteria,Spirochaetota,Leptospirae,Leptospirales,Leptospiraceae,Leptospira,leptospira interrogans,28.962,False
363,RS_GCF_900168045.1,Bacteria,Bacteroidota,Bacteroidia,Flavobacteriales,Flavobacteriaceae,Salegentibacter,salegentibacter holothuriorum,20.5,False
364,RS_GCF_900174585.1,Bacteria,Proteobacteria,Gammaproteobacteria,Pseudomonadales,Endozoicomonadaceae,Parendozoicomonas,parendozoicomonas haliclonae,27.5,True
365,RS_GCF_900187985.1,Bacteria,Proteobacteria,Gammaproteobacteria,Burkholderiales,Methylophilaceae,Methylobacillus,methylobacillus rhizosphaerae,27.5,True
366,RS_GCF_900215145.1,Bacteria,Actinobacteriota,Actinomycetia,Mycobacteriales,Geodermatophilaceae,Geodermatophilus,geodermatophilus sabuli,37.5,False
367,RS_GCF_902499135.1,Bacteria,Proteobacteria,Gammaproteobacteria,Burkholderiales,Burkholderiaceae,Burkholderia,burkholderia dolosa,29.5,False
368,RS_GCF_904846315.1,Bacteria,Proteobacteria,Gammaproteobacteria,Pseudomonadales,Moraxellaceae,Psychrobacter,psychrobacter jeotgali,27.5,False
369,RS_GCF_904846345.1,Bacteria,Proteobacteria,Gammaproteobacteria,Pseudomonadales,Moraxellaceae,Psychrobacter,psychrobacter maritimus,26.5,False
370,GB_GCA_000010565.1,Bacteria,Firmicutes_B,Desulfotomaculia,Desulfotomaculales,Pelotomaculaceae,Pelotomaculum,pelotomaculum thermopropionicum,54.77766666666667,True
371,GB_GCA_900114805.1,Bacteria,Actinobacteriota,Actinomycetia,Actinomycetales,Microbacteriaceae,Agrococcus,agrococcus baldri,23.0,True
372,RS_GCF_000015165.1,Bacteria,Proteobacteria,Alphaproteobacteria,Rhizobiales,Xanthobacteraceae,Bradyrhizobium,bradyrhizobium denitrificans,40.0,True
373,RS_GCF_000018145.1,Bacteria,Proteobacteria,Alphaproteobacteria,Rhodobacterales,Rhodobacteraceae,Dinoroseobacter,dinoroseobacter shibae,33.0,True
374,RS_GCF_000022145.1,Bacteria,Myxococcota,Myxococcia,Myxococcales,Anaeromyxobacteraceae,Anaeromyxobacter,anaeromyxobacter dehalogenans,28.2,True
375,RS_GCF_000024125.1,Bacteria,Bacteroidota,Bacteroidia,Flavobacteriales,Flavobacteriaceae,Robiginitalea,robiginitalea biformata,29.875,True
376,RS_GCF_000025485.1,Bacteria,Proteobacteria,Gammaproteobacteria,Chromatiales,Chromatiaceae,Allochromatium,allochromatium vinosum,27.5,True
377,RS_GCF_000092205.1,Bacteria,Desulfobacterota,Desulfobulbia,Desulfobulbales,Desulfurivibrionaceae,Desulfurivibrio,desulfurivibrio alkaliphilus,35.0,True
378,RS_GCF_000144645.1,Bacteria,Firmicutes_A,Thermosediminibacteria,Thermosediminibacterales,Thermosediminibacteraceae,Thermosediminibacter,thermosediminibacter oceani,66.22233333333334,True
379,RS_GCF_000145215.1,Bacteria,Firmicutes_A,Thermoanaerobacteria,Caldicellulosiruptorales,Caldicellulosiruptoraceae,Caldicellulosiruptor,caldicellulosiruptor obsidiansis,78.5,True
380,RS_GCF_000153185.1,Bacteria,Proteobacteria,Gammaproteobacteria,Pseudomonadales,Natronospirillaceae,Reinekea,reinekea blandensis,28.5,True
381,RS_GCF_000153725.1,Bacteria,Proteobacteria,Alphaproteobacteria,Rhodobacterales,Rhodobacteraceae,Salipiger,salipiger bermudensis,31.5,True
382,RS_GCF_000154705.2,Bacteria,Proteobacteria,Alphaproteobacteria,Rhizobiales,Rhizobiaceae,Hoeflea,hoeflea phototrophica,31.0,True
383,RS_GCF_000155675.2,Bacteria,Proteobacteria,Alphaproteobacteria,Rhodobacterales,Rhodobacteraceae,Octadecabacter,octadecabacter antarcticus,7.0,True
384,RS_GCF_000178475.1,Bacteria,Firmicutes,Bacilli,Lactobacillales,Lactobacillaceae,Lactobacillus,lactobacillus amylolyticus,45.0,True
385,RS_GCF_000179915.2,Bacteria,Acidobacteriota,Acidobacteriae,Acidobacteriales,Acidobacteriaceae,Terriglobus,terriglobus saanensis,20.0,True
386,RS_GCF_000183745.1,Bacteria,Deinococcota,Deinococci,Deinococcales,Marinithermaceae,Oceanithermus,oceanithermus profundus,60.0,True
387,RS_GCF_000190635.1,Bacteria,Firmicutes_B,Desulfitobacteriia,Desulfitobacteriales,Syntrophobotulaceae,Syntrophobotulus,syntrophobotulus glycolicus,36.333,True
388,RS_GCF_000193635.1,Bacteria,Firmicutes,Bacilli,Lactobacillales,Lactobacillaceae,Weissella,weissella cibaria,36.125,False
389,RS_GCF_000204015.1,Bacteria,Proteobacteria,Alphaproteobacteria,Caulobacterales,Caulobacteraceae,Asticcacaulis,asticcacaulis biprosthecium,27.5,False
390,RS_GCF_000211855.2,Bacteria,Bacteroidota,Bacteroidia,Flavobacteriales,Flavobacteriaceae,Lacinutrix,lacinutrix sp000211855,17.5,True
391,RS_GCF_000213785.1,Bacteria,Aquificota,Aquificae,Aquificales,Hydrogenobaculaceae,Hydrogenobaculum,hydrogenobaculum sp000213785,58.0,True
392,RS_GCF_000217815.1,Bacteria,Thermotogota,Thermotogae,Thermotogales,DSM-5069,Pseudothermotoga,pseudothermotoga thermarum,72.5,True
393,RS_GCF_000236685.1,Bacteria,Spirochaetota,Spirochaetia,Sphaerochaetales,Sphaerochaetaceae,Sphaerochaeta,sphaerochaeta pleomorpha,26.6665,False
394,RS_GCF_000237825.1,Bacteria,Synergistota,Synergistia,Synergistales,Synergistaceae,Thermanaerovibrio,thermanaerovibrio velox,61.66666666666666,True
395,RS_GCF_000238255.3,Bacteria,Proteobacteria,Gammaproteobacteria,Enterobacterales,Alteromonadaceae,Pseudoalteromonas,pseudoalteromonas spongiae,27.0,False
396,RS_GCF_000242595.2,Bacteria,Spirochaetota,Spirochaetia,DSM-27196,DSM-8902,Spirochaeta_B,spirochaeta_b africana,34.25,True
397,RS_GCF_000252165.1,Bacteria,Proteobacteria,Gammaproteobacteria,Enterobacterales,Alteromonadaceae,Glaciecola,glaciecola punicea,13.333333333333334,True
398,RS_GCF_000255295.1,Bacteria,Myxococcota,Myxococcia,Myxococcales,Myxococcaceae,Corallococcus,corallococcus coralloides,28.0076923076923,True
399,RS_GCF_000275725.1,Bacteria,Proteobacteria,Gammaproteobacteria,Pseudomonadales,Halomonadaceae,Halomonas,halomonas stevensii,32.5,False
400,RS_GCF_000280495.2,Bacteria,Proteobacteria,Gammaproteobacteria,Enterobacterales,Enterobacteriaceae,Kosakonia,kosakonia radicincitans,29.0,False
401,RS_GCF_000307165.1,Bacteria,Firmicutes,Bacilli,Bacillales_D,Amphibacillaceae,Amphibacillus,amphibacillus xylanus,32.5,True
402,RS_GCF_000375545.1,Bacteria,Proteobacteria,Alphaproteobacteria,Sphingomonadales,Kordiimonadaceae,Kordiimonas,kordiimonas gwangyangensis,37.333333333333336,False
403,RS_GCF_000379525.1,Bacteria,Proteobacteria,Gammaproteobacteria,Chromatiales,Chromatiaceae,Lamprocystis,lamprocystis purpurea,24.0,True
404,RS_GCF_000381545.1,Bacteria,Bacteroidota,Bacteroidia,Cytophagales,Cyclobacteriaceae,Rhodonellum,rhodonellum psychrophilum,10.555666666666667,True
405,RS_GCF_000384135.1,Bacteria,Firmicutes_C,Negativicutes,Acidaminococcales,Succinispiraceae,Succinispira,succinispira mobilis,36.0,True
406,RS_GCF_000397205.1,Bacteria,Proteobacteria,Gammaproteobacteria,Pseudomonadales,Pseudomonadaceae,Pseudomonas_E,pseudomonas_e protegens,30.25,False
407,RS_GCF_000420025.1,Bacteria,Actinobacteriota,Thermoleophilia,Solirubrobacterales,Solirubrobacteraceae,Patulibacter,patulibacter americanus,29.0,True
408,RS_GCF_000423045.1,Bacteria,Bacteroidota,Bacteroidia,Flavobacteriales,Flavobacteriaceae,Gramella,gramella portivictoriae,29.0,False
409,RS_GCF_000423125.1,Bacteria,Proteobacteria,Gammaproteobacteria,Pseudomonadales,Halieaceae,Haliea,haliea salexigens,27.5,True
410,RS_GCF_000423705.1,Bacteria,Proteobacteria,Alphaproteobacteria,Rhizobiales,Stappiaceae,Stappia,stappia stellulata,26.0,False
411,RS_GCF_000423865.1,Bacteria,Nitrospirota,Thermodesulfovibrionia,Thermodesulfovibrionales,Thermodesulfovibrionaceae,Thermodesulfovibrio,thermodesulfovibrio thiophilus,55.0,True
412,RS_GCF_000425325.1,Bacteria,Actinobacteriota,Actinomycetia,Actinomycetales,Microbacteriaceae,Rathayibacter,rathayibacter toxicus,26.0,True
413,RS_GCF_000427385.1,Bacteria,Proteobacteria,Gammaproteobacteria,Methylococcales,Methylococcaceae,Methylocaldum,methylocaldum szegediense,41.25,True
414,RS_GCF_000427825.1,Bacteria,Actinobacteriota,Actinomycetia,Mycobacteriales,Pseudonocardiaceae,Thermocrispum,thermocrispum municipale,46.88888888888889,True
415,RS_GCF_000429345.1,Bacteria,Firmicutes_B,Desulfotomaculia,Desulfotomaculales,Desulfovirgulaceae,Desulfovirgula,desulfovirgula thermocuniculi,70.33333333333333,True
416,RS_GCF_000473205.1,Bacteria,Proteobacteria,Alphaproteobacteria,Rhodobacterales,Rhodobacteraceae,Pseudophaeobacter,pseudophaeobacter arcticus,19.5,True
417,RS_GCF_000478195.2,Bacteria,Cyanobacteria,Cyanobacteriia,Cyanobacteriales,Microcoleaceae,Lyngbya,lyngbya aestuarii,28.75,True
418,RS_GCF_000482465.1,Bacteria,Bacteroidota,Bacteroidia,Cytophagales,Spirosomaceae,Runella,runella limosa,27.5,False
419,RS_GCF_000496075.1,Bacteria,Proteobacteria,Alphaproteobacteria,Rhizobiales,Tepidamorphaceae,Lutibaculum,lutibaculum baratangense,33.5,True
420,RS_GCF_000507145.1,Bacteria,Firmicutes,Bacilli,Bacillales,Bacillaceae,Bacillus,bacillus tequilensis,45.0,True
421,RS_GCF_000507185.2,Bacteria,Proteobacteria,Gammaproteobacteria,Pseudomonadales,Pseudomonadaceae,Pseudomonas_E,pseudomonas_e syringae,26.481,False
422,RS_GCF_000521785.1,Bacteria,Proteobacteria,Alphaproteobacteria,Rhodobacterales,Rhodobacteraceae,Roseivivax,roseivivax halodurans,29.0,False
423,RS_GCF_000613345.1,Bacteria,Bacteroidota,Bacteroidia,Bacteroidales,Bacteroidaceae,Prevotella,prevotella disiens,32.5,False
424,RS_GCF_000620845.1,Bacteria,Firmicutes,Bacilli,Exiguobacterales,Exiguobacteraceae,Exiguobacterium,exiguobacterium marinum,33.5,True
425,RS_GCF_000621325.1,Bacteria,Proteobacteria,Gammaproteobacteria,Thiotrichales,Thiotrichaceae,Thiothrix,thiothrix lacustris,23.33333333333333,True
426,RS_GCF_000686725.1,Bacteria,Firmicutes_A,Clostridia,Clostridiales,Clostridiaceae,Clostridium_I,clostridium_i akagii,22.5,False
427,RS_GCF_000711195.1,Bacteria,Proteobacteria,Gammaproteobacteria,Thiomicrospirales,Thiomicrospiraceae,Thiomicrospira,thiomicrospira pelophila,25.5,True
428,RS_GCF_000723385.1,Bacteria,Actinobacteriota,Actinomycetia,Mycobacteriales,Mycobacteriaceae,Mycobacterium,mycobacterium farcinogenes,36.4705882352941,False
429,RS_GCF_000730665.1,Bacteria,Proteobacteria,Gammaproteobacteria,Pseudomonadales,Pseudomonadaceae,Pseudomonas_E,pseudomonas_e plecoglossicida,22.5,False
430,RS_GCF_000745915.1,Bacteria,Deinococcota,Deinococci,Deinococcales,Deinococcaceae,Deinococcus_C,deinococcus_c misasensis,42.5,True
431,RS_GCF_000746845.1,Bacteria,Bacteroidota,Bacteroidia,Flavobacteriales,Flavobacteriaceae,Altibacter,altibacter lentus,27.5,True
432,RS_GCF_000768555.3,Bacteria,Proteobacteria,Alphaproteobacteria,Rhodobacterales,Rhodobacteraceae,Roseovarius,roseovarius mucosus,29.0,False
433,RS_GCF_000820005.1,Bacteria,Proteobacteria,Gammaproteobacteria,Enterobacterales,Aeromonadaceae,Aeromonas,aeromonas piscicola,27.5,True
434,RS_GCF_000820845.2,Bacteria,Acidobacteriota,Blastocatellia,Pyrinomonadales,Pyrinomonadaceae,Pyrinomonas,pyrinomonas methylaliphatogenes,65.0,True
435,RS_GCF_000832025.1,Bacteria,Proteobacteria,Gammaproteobacteria,Enterobacterales,Shewanellaceae,Shewanella,shewanella sp000832025,20.0,False
436,RS_GCF_000832545.1,Bacteria,Bacteroidota,Bacteroidia,Sphingobacteriales,Sphingobacteriaceae,Pedobacter,pedobacter lusitanus,24.0,False
437,RS_GCF_000833605.1,Bacteria,Firmicutes,Bacilli,Bacillales,Anoxybacillaceae,Anoxybacillus,anoxybacillus ayderensis,53.8335,True
438,RS_GCF_000956475.1,Bacteria,Actinobacteriota,Actinomycetia,Actinomycetales,Microbacteriaceae,Microbacterium,microbacterium hydrocarbonoxydans_a,33.5,False
439,RS_GCF_000982825.1,Bacteria,Proteobacteria,Gammaproteobacteria,Enterobacterales,Enterobacteriaceae,Cronobacter,cronobacter sakazakii,36.0,True
440,RS_GCF_001077535.1,Bacteria,Firmicutes_A,Clostridia,Peptostreptococcales,Peptostreptococcaceae,Clostridioides,clostridioides difficile,35.1,True
441,RS_GCF_001258055.1,Bacteria,Proteobacteria,Alphaproteobacteria,Rhodobacterales,Rhodobacteraceae,Phaeobacter,phaeobacter italicus,24.0,True
442,RS_GCF_001267885.1,Bacteria,Actinobacteriota,Actinomycetia,Streptomycetales,Streptomycetaceae,Streptomyces,streptomyces ambofaciens,27.3333333333333,False
443,RS_GCF_001310895.1,Bacteria,Firmicutes,Bacilli,Bacillales_D,Amphibacillaceae,Virgibacillus,virgibacillus halodenitrificans,37.75,True
444,RS_GCF_001317355.1,Bacteria,Firmicutes_A,Clostridia,Clostridiales,Oxobacteraceae,Oxobacter,oxobacter pfennigii,36.0,True
445,RS_GCF_001431535.1,Bacteria,Proteobacteria,Gammaproteobacteria,Xanthomonadales,Xanthomonadaceae,Stenotrophomonas,stenotrophomonas chelatiphaga,32.5,False
446,RS_GCF_001443605.1,Bacteria,Bacteroidota,Bacteroidia,Bacteroidales,Salinivirgaceae,Salinivirga,salinivirga cyanobacteriivorans,35.0,True
447,RS_GCF_001557235.1,Bacteria,Proteobacteria,Alphaproteobacteria,Caulobacterales,Caulobacteraceae,Phenylobacterium,phenylobacterium sp001557235,20.0,False
448,RS_GCF_001611675.1,Bacteria,Bacteroidota,Bacteroidia,Cytophagales,Hymenobacteraceae,Pontibacter,pontibacter akesuensis,29.0,True
449,RS_GCF_001612845.1,Bacteria,Actinobacteriota,Actinomycetia,Mycobacteriales,Mycobacteriaceae,Nocardia,nocardia elegans,32.0,False
450,RS_GCF_001640115.1,Bacteria,Bacteroidota,Bacteroidia,Flavobacteriales,Flavobacteriaceae,Polaribacter,polaribacter atrinae,20.0,False
451,RS_GCF_001646945.1,Bacteria,Proteobacteria,Gammaproteobacteria,Pseudomonadales,Endozoicomonadaceae,Endozoicomonas,endozoicomonas ascidiicola,24.0,True
452,RS_GCF_001708935.1,Bacteria,Proteobacteria,Alphaproteobacteria,Rhizobiales,Methyloligellaceae,Methyloligella,methyloligella halotolerans,29.0,True
453,RS_GCF_001717955.1,Bacteria,Proteobacteria,Alphaproteobacteria,Sphingomonadales,Sphingomonadaceae,Sphingomonas,sphingomonas panacis,27.5,False
454,RS_GCF_001742185.1,Bacteria,Proteobacteria,Gammaproteobacteria,Enterobacterales,Enterobacteriaceae,Pectobacterium,pectobacterium wasabiae,26.0,False
455,RS_GCF_001936475.1,Bacteria,Bacteroidota,Bacteroidia,Cytophagales,Cyclobacteriaceae,Algoriphagus,algoriphagus marinus,33.0,False
456,RS_GCF_001939075.1,Bacteria,Firmicutes,Bacilli,Bacillales_A,Planococcaceae,Paenisporosarcina,paenisporosarcina indica,20.0,True
457,RS_GCF_002005305.1,Bacteria,Proteobacteria,Gammaproteobacteria,Enterobacterales,Shewanellaceae,Shewanella,shewanella psychrophila,12.5,True
458,RS_GCF_002009015.1,Bacteria,Proteobacteria,Gammaproteobacteria,Pseudomonadales,Cellvibrionaceae,Microbulbifer,microbulbifer mangrovi,36.0,True
459,RS_GCF_002072105.2,Bacteria,Bacteroidota,Bacteroidia,Flavobacteriales,Flavobacteriaceae,Croceivirga,croceivirga radicis,36.0,True
460,RS_GCF_002078605.1,Bacteria,Bacteroidota,Bacteroidia,Flavobacteriales,Flavobacteriaceae,Salegentibacter,salegentibacter sediminis,33.0,False
461,RS_GCF_002094855.1,Bacteria,Bacteroidota,Bacteroidia,Flavobacteriales,Flavobacteriaceae,Zunongwangia,zunongwangia atlantica,26.5,False
462,RS_GCF_002117405.1,Bacteria,Proteobacteria,Alphaproteobacteria,Rhizobiales,Beijerinckiaceae,Methylocystis,methylocystis bryophila,27.5,False
463,RS_GCF_002179555.1,Bacteria,Proteobacteria,Gammaproteobacteria,Pseudomonadales,Halomonadaceae,Salinicola,salinicola salarius_a,27.5,False
464,RS_GCF_002222055.1,Bacteria,Bacteroidota,Bacteroidia,Flavobacteriales,Flavobacteriaceae,Flavobacterium,flavobacterium araucananum,27.5,False
465,RS_GCF_002237555.1,Bacteria,Proteobacteria,Alphaproteobacteria,Rhodobacterales,Rhodobacteraceae,Antarctobacter,antarctobacter heliothermus_b,20.0,False
466,RS_GCF_002277955.1,Bacteria,Planctomycetota,Planctomycetia,Pirellulales,Thermoguttaceae,Thermogutta,thermogutta terrifontis,57.5,True
467,RS_GCF_002305895.1,Bacteria,Myxococcota,Myxococcia,Myxococcales,Myxococcaceae,Myxococcus,myxococcus macrosporus,30.333,False
468,RS_GCF_002310495.1,Bacteria,Verrucomicrobiota,Verrucomicrobiae,Opitutales,Opitutaceae,Nibricoccus,nibricoccus aquaticus,27.5,True
469,RS_GCF_002761955.1,Bacteria,Fusobacteriota,Fusobacteriia,Fusobacteriales,Fusobacteriaceae,Fusobacterium,fusobacterium pseudoperiodonticum,36.0,True
470,RS_GCF_002797735.1,Bacteria,Bacteroidota,Bacteroidia,Chitinophagales,Chitinophagaceae,Thermoflavifilum,thermoflavifilum aggregans,60.0,True
471,RS_GCF_002860125.1,Bacteria,Firmicutes,Bacilli,Bacillales_B,DSM-18226,Bacillus_BJ,bacillus_bj canaveralius,32.0,True
472,RS_GCF_002902285.1,Bacteria,Firmicutes,Bacilli,Staphylococcales,Staphylococcaceae,Staphylococcus,staphylococcus simulans,33.25,False
473,RS_GCF_002915575.1,Bacteria,Proteobacteria,Gammaproteobacteria,Enterobacterales,Enterobacteriaceae,Superficieibacter,superficieibacter electus,35.0,True
474,RS_GCF_002959965.1,Bacteria,Proteobacteria,Gammaproteobacteria,Pseudomonadales,Cellvibrionaceae,Microbulbifer,microbulbifer pacificus,35.0,False
475,RS_GCF_002980525.1,Bacteria,Bacteroidota,Bacteroidia,Sphingobacteriales,Sphingobacteriaceae,Sphingobacterium,sphingobacterium haloxyli,29.0,False
476,RS_GCF_003025615.1,Bacteria,Proteobacteria,Gammaproteobacteria,Enterobacterales,Vibrionaceae,Photobacterium,photobacterium frigidiphilum,14.333333333333334,True
477,RS_GCF_003046625.1,Bacteria,Bacteroidota,Bacteroidia,Bacteroidales,Prolixibacteraceae,Mangrovibacterium,mangrovibacterium marinum,33.0,True
478,RS_GCF_003182415.1,Bacteria,Actinobacteriota,Actinomycetia,Mycobacteriales,Pseudonocardiaceae,Actinokineospora,actinokineospora mzabensis,27.5,True
479,RS_GCF_003202155.1,Bacteria,Bacteroidota,Bacteroidia,Bacteroidales,Marinifilaceae,Marinifilum,marinifilum breve,16.0,True
480,RS_GCF_003254115.1,Bacteria,Bacteroidota,Bacteroidia,Chitinophagales,Chitinophagaceae,Hydrotalea,hydrotalea sandarakina,45.0,True
481,RS_GCF_003344765.1,Bacteria,Proteobacteria,Alphaproteobacteria,Kiloniellales,Rhodovibrionaceae,Ferruginivarius,ferruginivarius sediminum,38.5,True
482,RS_GCF_003610355.1,Bacteria,Bacteroidota,Bacteroidia,Sphingobacteriales,Sphingobacteriaceae,Sphingobacterium,sphingobacterium detergens,33.5,False
483,RS_GCF_003815015.1,Bacteria,Firmicutes_B,Desulfotomaculia,Ammonifexales,Ammonificaceae,Thermodesulfitimonas,thermodesulfitimonas autotrophica,65.0,True
484,RS_GCF_004028275.1,Bacteria,Proteobacteria,Gammaproteobacteria,Thiomicrospirales,Thiomicrospiraceae,Hydrogenovibrio,hydrogenovibrio thermophilus,37.5,False
485,RS_GCF_004339545.1,Bacteria,Proteobacteria,Gammaproteobacteria,Enterobacterales,Celerinatantimonadaceae,Celerinatantimonas,celerinatantimonas diazotrophica,31.0,True
486,RS_GCF_004362245.1,Bacteria,Bacteroidota,Bacteroidia,Sphingobacteriales,Sphingobacteriaceae,Pedobacter,pedobacter duraquae,26.0,False
487,RS_GCF_004366815.1,Bacteria,Synergistota,Synergistia,Synergistales,Aminobacteriaceae,Aminivibrio,aminivibrio pyruvatiphilus,38.5,True
488,RS_GCF_004798905.1,Bacteria,Proteobacteria,Gammaproteobacteria,Pseudomonadales,Halomonadaceae,Halomonas,halomonas borealis,23.5,False
489,RS_GCF_006716815.1,Bacteria,Actinobacteriota,Actinomycetia,Actinomycetales,Microbacteriaceae,Microbacterium,microbacterium lacticum,29.3333333333333,False
490,RS_GCF_006740705.1,Bacteria,Firmicutes,Bacilli,Bacillales_H,Marinococcaceae,Salicibibacter,salicibibacter halophilus,35.0,True
491,RS_GCF_007830255.1,Bacteria,Proteobacteria,Gammaproteobacteria,Pseudomonadales,Pseudomonadaceae,Azomonas,azomonas agilis,26.0,True
492,RS_GCF_009662475.1,Bacteria,Proteobacteria,Gammaproteobacteria,Acidithiobacillales,Acidithiobacillaceae,Acidithiobacillus,acidithiobacillus thiooxidans,27.9375,False
493,RS_GCF_009905255.1,Bacteria,Firmicutes_A,Thermoanaerobacteria,Thermoanaerobacterales,Thermoanaerobacteraceae,Thermoanaerobacterium,thermoanaerobacterium aotearoense,62.0,True
494,RS_GCF_009938205.1,Bacteria,Proteobacteria,Gammaproteobacteria,Enterobacterales,Vibrionaceae,Vibrio,vibrio panuliri,29.0,False
495,RS_GCF_010723305.1,Bacteria,Actinobacteriota,Actinomycetia,Mycobacteriales,Mycobacteriaceae,Mycobacterium,mycobacterium botniense,46.6666666666667,True
496,RS_GCF_013112235.1,Bacteria,Proteobacteria,Gammaproteobacteria,Xanthomonadales,Xanthomonadaceae,Xanthomonas,xanthomonas perforans,27.731,False
497,RS_GCF_013409065.1,Bacteria,Actinobacteriota,Actinomycetia,Actinomycetales,Brevibacteriaceae,Spelaeicoccus,spelaeicoccus albus,29.0,True
498,RS_GCF_014191305.1,Bacteria,Actinobacteriota,Actinomycetia,Actinomycetales,Microbacteriaceae,Pseudoclavibacter,pseudoclavibacter helvolus,29.5,False
499,RS_GCF_014191495.1,Bacteria,Actinobacteriota,Actinomycetia,Propionibacteriales,Nocardioidaceae,Nocardioides,nocardioides soli,32.5,False
500,RS_GCF_014202215.1,Bacteria,Proteobacteria,Gammaproteobacteria,Burkholderiales,Burkholderiaceae,Quisquiliibacterium,quisquiliibacterium transsilvanicum,27.5,True
501,RS_GCF_014202415.1,Bacteria,Proteobacteria,Gammaproteobacteria,Enterobacterales,Aeromonadaceae,Tolumonas,tolumonas osonensis,22.0,False
502,RS_GCF_014204855.1,Bacteria,Actinobacteriota,Actinomycetia,Streptomycetales,Streptomycetaceae,Streptomyces,streptomyces haliclonae,27.5,False
503,RS_GCF_014283215.1,Bacteria,Proteobacteria,Alphaproteobacteria,Acetobacterales,Acetobacteraceae,Siccirubricoccus,siccirubricoccus deserti,32.5,True
504,RS_GCF_014639315.1,Bacteria,Actinobacteriota,Actinomycetia,Actinomycetales,Brevibacteriaceae,Sediminivirga,sediminivirga luteola,36.0,True
505,RS_GCF_014639655.1,Bacteria,Actinobacteriota,Actinomycetia,Actinomycetales,Microbacteriaceae,Conyzicola,conyzicola nivalis,14.0,True
506,RS_GCF_015277675.1,Bacteria,Bacteroidota,Bacteroidia,Flavobacteriales,Flavobacteriaceae,Flavobacterium,flavobacterium soyangense,15.0,True
507,RS_GCF_016584115.1,Bacteria,Proteobacteria,Gammaproteobacteria,Ectothiorhodospirales,Ectothiorhodospiraceae,Ectothiorhodospira,ectothiorhodospira mobilis,27.625,True
508,RS_GCF_016592155.1,Bacteria,Actinobacteriota,Actinomycetia,Mycobacteriales,Mycobacteriaceae,Mycobacterium,mycobacterium heckeshornense,42.16666666666665,True
509,RS_GCF_016767175.1,Bacteria,Firmicutes_A,Clostridia,Tissierellales,Tepidimicrobiaceae,Keratinibaculum,keratinibaculum paraultunense,55.0,True
510,RS_GCF_016806835.1,Bacteria,Proteobacteria,Alphaproteobacteria,Azospirillales,Azospirillaceae,Skermanella,skermanella rosea,29.5,True
511,RS_GCF_016863615.1,Bacteria,Actinobacteriota,Actinomycetia,Mycobacteriales,Micromonosporaceae,Virgisporangium,virgisporangium aliadipatigenens,32.5,True
512,RS_GCF_016907385.1,Bacteria,Actinobacteriota,Actinomycetia,Actinomycetales,Microbacteriaceae,Subtercola,subtercola frigoramans,16.0,True
513,RS_GCF_017254865.1,Bacteria,Proteobacteria,Gammaproteobacteria,Enterobacterales,Alteromonadaceae,Bowmanella,bowmanella dokdonensis,33.5,False
514,RS_GCF_018380615.1,Bacteria,Bacteroidota,Bacteroidia,Flavobacteriales,Flavobacteriaceae,Flavobacterium,flavobacterium psychroterrae,20.0,False
515,RS_GCF_018394055.1,Bacteria,Firmicutes,Bacilli,Lactobacillales,Lactobacillaceae,Weissella,weissella ceti,29.667,False
516,RS_GCF_018394335.1,Bacteria,Proteobacteria,Gammaproteobacteria,Enterobacterales,Shewanellaceae,Shewanella,shewanella dokdonensis,27.5,False
517,RS_GCF_018853935.1,Bacteria,Proteobacteria,Gammaproteobacteria,Acidithiobacillales,Acidithiobacillaceae,Acidithiobacillus,acidithiobacillus ferrivorans,29.5,False
518,RS_GCF_900091465.1,Bacteria,Actinobacteriota,Actinomycetia,Mycobacteriales,Micromonosporaceae,Micromonospora,micromonospora rhizosphaerae,34.0,False
519,RS_GCF_900095135.1,Bacteria,Bacteroidota,Bacteroidia,Bacteroidales,Dysgonomonadaceae,Proteiniphilum,proteiniphilum saccharofermentans,37.5,True
520,RS_GCF_900100625.1,Bacteria,Bacteroidota,Bacteroidia,Flavobacteriales,Flavobacteriaceae,Flavobacterium,flavobacterium saliperosum,27.25,False
521,RS_GCF_900101115.1,Bacteria,Actinobacteriota,Actinomycetia,Actinomycetales,Microbacteriaceae,Cryobacterium,cryobacterium psychrotolerans,21.33333333333333,True
522,RS_GCF_900103755.1,Bacteria,Bacteroidota,Bacteroidia,Flavobacteriales,Weeksellaceae,Chryseobacterium,chryseobacterium taihuense,33.5,True
523,RS_GCF_900105195.1,Bacteria,Actinobacteriota,Actinomycetia,Mycobacteriales,Mycobacteriaceae,Rhodococcus,rhodococcus pyridinivorans,31.611,False
524,RS_GCF_900106525.1,Bacteria,Proteobacteria,Gammaproteobacteria,Xanthomonadales,Xanthomonadaceae,Lysobacter,lysobacter enzymogenes,29.3333333333333,False
525,RS_GCF_900108015.1,Bacteria,Bacteroidota,Bacteroidia,Flavobacteriales,Flavobacteriaceae,Flavobacterium,flavobacterium urumqiense,14.5,True
526,RS_GCF_900110855.1,Bacteria,Actinobacteriota,Actinomycetia,Propionibacteriales,Propionibacteriaceae,Friedmanniella,friedmanniella flava,26.5,True
527,RS_GCF_900111675.1,Bacteria,Proteobacteria,Alphaproteobacteria,Rhodobacterales,Rhodobacteraceae,Paracoccus,paracoccus homiensis,27.5,False
528,RS_GCF_900111925.1,Bacteria,Actinobacteriota,Actinomycetia,Actinomycetales,Cellulomonadaceae,Cellulomonas,cellulomonas marina,26.5,False
529,RS_GCF_900112755.1,Bacteria,Proteobacteria,Alphaproteobacteria,Rhodobacterales,Rhodobacteraceae,Sulfitobacter,sulfitobacter brevis,17.25,True
530,RS_GCF_900113055.1,Bacteria,Actinobacteriota,Actinomycetia,Actinomycetales,Cellulomonadaceae,Flavimobilis,flavimobilis marinus,27.5,True
531,RS_GCF_900113545.1,Bacteria,Proteobacteria,Gammaproteobacteria,Burkholderiales,Neisseriaceae,Neisseria,neisseria elongata,34.5,False
532,RS_GCF_900114385.1,Bacteria,Actinobacteriota,Actinomycetia,Mycobacteriales,Geodermatophilaceae,Geodermatophilus,geodermatophilus ruber,26.0,False
533,RS_GCF_900114845.1,Bacteria,Actinobacteriota,Actinomycetia,Propionibacteriales,Nocardioidaceae,Nocardioides,nocardioides simplex,29.0,False
534,RS_GCF_900115105.1,Bacteria,Proteobacteria,Alphaproteobacteria,Rhodobacterales,Rhodobacteraceae,Yoonia,yoonia tamlensis,27.5,True
535,RS_GCF_900119825.1,Bacteria,Proteobacteria,Gammaproteobacteria,Burkholderiales,Chitinimonadaceae,Chitinimonas,chitinimonas taiwanensis,31.0,False
536,RS_GCF_900129265.1,Bacteria,Firmicutes_A,Clostridia,Clostridiales,Caloramatoraceae,Caloramator_A,caloramator_a proteoclasticus,55.0,True
537,RS_GCF_900129585.1,Bacteria,Bacteroidota,Bacteroidia,Flavobacteriales,Flavobacteriaceae,Flavobacterium,flavobacterium micromati,15.0,True
538,RS_GCF_900129925.1,Bacteria,Firmicutes_A,Clostridia,Tissierellales,Peptoniphilaceae,Anaerosphaera,anaerosphaera aminiphila,36.0,True
539,RS_GCF_900130045.1,Bacteria,Bacteroidota,Bacteroidia,Flavobacteriales,Flavobacteriaceae,Leeuwenhoekiella,leeuwenhoekiella palythoae,24.0,False
540,RS_GCF_900142775.1,Bacteria,Bacteroidota,Bacteroidia,Flavobacteriales,Flavobacteriaceae,Flavobacterium,flavobacterium flevense,21.25,False
541,RS_GCF_900155945.1,Bacteria,Proteobacteria,Gammaproteobacteria,Pseudomonadales,Nitrincolaceae,Marinobacterium,marinobacterium stanieri,26.0,True
542,RS_GCF_900167935.1,Bacteria,Bacteroidota,Bacteroidia,Flavobacteriales,Flavobacteriaceae,Maribacter,maribacter arcticus,20.666666666666668,False
543,RS_GCF_900168325.1,Bacteria,Proteobacteria,Alphaproteobacteria,Sphingomonadales,Sphingomonadaceae,Novosphingobium,novosphingobium mathurense,32.5,False
544,RS_GCF_900187105.1,Bacteria,Proteobacteria,Gammaproteobacteria,Burkholderiales,Neisseriaceae,Eikenella,eikenella corrodens,36.0,True
545,RS_GCF_900188145.1,Bacteria,Firmicutes_A,Clostridia,Peptostreptococcales,Natronincolaceae,Anaerovirgula,anaerovirgula multivorans,35.0,True
546,RS_GCF_900215355.1,Bacteria,Proteobacteria,Alphaproteobacteria,Rhodobacterales,Rhodobacteraceae,Pseudooceanicola,pseudooceanicola antarcticus,36.0,False
547,RS_GCF_900221005.1,Bacteria,Actinobacteriota,Actinomycetia,Mycobacteriales,Geodermatophilaceae,Blastococcus,blastococcus aggregatus,26.0,False
548,RS_GCF_900455735.1,Bacteria,Actinobacteriota,Actinomycetia,Mycobacteriales,Mycobacteriaceae,Rhodococcus,rhodococcus wratislaviensis,29.227,False
549,RS_GCF_900460465.1,Bacteria,Proteobacteria,Gammaproteobacteria,Enterobacterales,Enterobacteriaceae,Yersinia,yersinia pestis,31.578,False
550,GB_GCA_000220865.1,Bacteria,Proteobacteria,Gammaproteobacteria,Burkholderiales,Neisseriaceae,Neisseria,neisseria macacae,36.0,False
551,GB_GCA_000482765.1,Bacteria,Deinococcota,Deinococci,Deinococcales,Thermaceae,Meiothermus,meiothermus taiwanensis,55.833333333333336,True
552,GB_GCA_001048675.1,Bacteria,Proteobacteria,Gammaproteobacteria,Enterobacterales,Vibrionaceae,Vibrio,vibrio diabolicus,37.5,False
553,GB_GCA_001512495.1,Bacteria,Firmicutes_B,Syntrophomonadia,Syntrophomonadales,DTU052,DTU052,dtu052 sp001512495,55.0,True
554,GB_GCA_001556125.1,Bacteria,Proteobacteria,Alphaproteobacteria,Rhizobiales,Beijerinckiaceae,Bosea,bosea sp001556125,20.0,True
555,RS_GCF_000008685.2,Bacteria,Spirochaetota,Spirochaetia,Borreliales,Borreliaceae,Borreliella,borreliella burgdorferi,33.12,True
556,RS_GCF_000009765.2,Bacteria,Actinobacteriota,Actinomycetia,Streptomycetales,Streptomycetaceae,Streptomyces,streptomyces avermitilis,27.9,False
557,RS_GCF_000012305.1,Bacteria,Proteobacteria,Gammaproteobacteria,Pseudomonadales,Moraxellaceae,Psychrobacter,psychrobacter arcticus,19.45833333333333,True
558,RS_GCF_000016065.1,Bacteria,Proteobacteria,Gammaproteobacteria,Enterobacterales,Shewanellaceae,Shewanella,shewanella loihica,19.5,True
559,RS_GCF_000018285.1,Bacteria,Proteobacteria,Gammaproteobacteria,Enterobacterales,Shewanellaceae,Shewanella,shewanella pealeana,26.75,False
560,RS_GCF_000018425.1,Bacteria,Firmicutes_B,Desulfotomaculia,Ammonifexales,Desulforudaceae,Desulforudis,desulforudis audaxviator,60.0,True
561,RS_GCF_000021985.1,Bacteria,Proteobacteria,Gammaproteobacteria,Ectothiorhodospirales,Ectothiorhodospiraceae,Thioalkalivibrio_A,thioalkalivibrio_a sulfidiphilus,35.0,True
562,RS_GCF_000024345.1,Bacteria,Actinobacteriota,Actinomycetia,Propionibacteriales,Kribbellaceae,Kribbella,kribbella flavida,28.25,True
563,RS_GCF_000091325.1,Bacteria,Proteobacteria,Gammaproteobacteria,Enterobacterales,Shewanellaceae,Shewanella,shewanella violacea,8.0,True
564,RS_GCF_000092125.1,Bacteria,Deinococcota,Deinococci,Deinococcales,Thermaceae,Meiothermus_B,meiothermus_b silvanus,55.0,True
565,RS_GCF_000145235.1,Bacteria,Actinobacteriota,Actinomycetia,Mycobacteriales,Micromonosporaceae,Micromonospora,micromonospora aurantiaca,34.0,True
566,RS_GCF_000145615.1,Bacteria,Firmicutes_A,Thermoanaerobacteria,Thermoanaerobacterales,Thermoanaerobacteraceae,Thermoanaerobacterium,thermoanaerobacterium thermosaccharolyticum,58.5,True
567,RS_GCF_000152825.2,Bacteria,Proteobacteria,Alphaproteobacteria,Caulobacterales,Parvularculaceae,Parvularcula,parvularcula bermudensis,26.75,True
568,RS_GCF_000152985.1,Bacteria,Bacteroidota,Bacteroidia,Flavobacteriales,Flavobacteriaceae,Leeuwenhoekiella,leeuwenhoekiella blandensis,29.75,True
569,RS_GCF_000170835.1,Bacteria,Proteobacteria,Gammaproteobacteria,Pseudomonadales,Oleiphilaceae,Marinobacter,marinobacter algicola,29.0625,False
570,RS_GCF_000172635.2,Bacteria,Proteobacteria,Gammaproteobacteria,Enterobacterales,Alteromonadaceae,Alteromonas,alteromonas macleodii,33.5,False
571,RS_GCF_000176735.1,Bacteria,Proteobacteria,Gammaproteobacteria,Burkholderiales,Neisseriaceae,Neisseria,neisseria polysaccharea,36.0,False
572,RS_GCF_000177375.1,Bacteria,Firmicutes,Bacilli,Erysipelotrichales,Erysipelotrichaceae,Bulleidia,bulleidia extructa,35.0,True
573,RS_GCF_000183325.1,Bacteria,Actinobacteriota,Actinomycetia,Mycobacteriales,Mycobacteriaceae,Corynebacterium,corynebacterium bovis,30.5,False
574,RS_GCF_000185905.1,Bacteria,Proteobacteria,Alphaproteobacteria,Rhizobiales,Rhizobiaceae,Mesorhizobium,mesorhizobium ciceri,26.0,True
575,RS_GCF_000189755.2,Bacteria,Firmicutes_B,Desulfotomaculia,Desulfotomaculales,Desulfotomaculaceae,Desulfotomaculum,desulfotomaculum nigrificans,50.3939393939394,True
576,RS_GCF_000189775.2,Bacteria,Firmicutes_A,Thermoanaerobacteria,Thermoanaerobacterales,Thermoanaerobacteraceae,Thermoanaerobacterium,thermoanaerobacterium xylanolyticum,60.0,True
577,RS_GCF_000220705.2,Bacteria,Actinobacteriota,Actinomycetia,Streptomycetales,Streptomycetaceae,Streptomyces,streptomyces xinghaiensis,28.25,False
578,RS_GCF_000220945.1,Bacteria,Actinobacteriota,Actinomycetia,Mycobacteriales,Pseudonocardiaceae,Amycolatopsis,amycolatopsis mediterranei,27.333,True
579,RS_GCF_000224085.1,Bacteria,Bacteroidota,Bacteroidia,Flavobacteriales,Flavobacteriaceae,Muricauda,muricauda ruestringensis,27.5,False
580,RS_GCF_000231445.1,Bacteria,Proteobacteria,Alphaproteobacteria,Acetobacterales,Acetobacteraceae,Commensalibacter,commensalibacter intestini,27.5,True
581,RS_GCF_000235405.2,Bacteria,Thermotogota,Thermotogae,Thermotogales,Fervidobacteriaceae,Fervidobacterium,fervidobacterium pennivorans,70.0,True
582,RS_GCF_000297215.2,Bacteria,Proteobacteria,Gammaproteobacteria,Piscirickettsiales,Piscirickettsiaceae,Piscirickettsia,piscirickettsia salmonis,20.062,True
583,RS_GCF_000305785.2,Bacteria,Proteobacteria,Gammaproteobacteria,Pseudomonadales,Cellvibrionaceae,Simiduia,simiduia agarivorans,32.5,True
584,RS_GCF_000316515.1,Bacteria,Cyanobacteria,Cyanobacteriia,PCC-6307,Cyanobiaceae,Cyanobium,cyanobium gracile,32.5,True
585,RS_GCF_000341085.1,Bacteria,Actinobacteriota,Actinomycetia,Streptosporangiales,Streptosporangiaceae,Nocardiopsis,nocardiopsis ganjiahuensis,29.333,False
586,RS_GCF_000349205.1,Bacteria,Proteobacteria,Gammaproteobacteria,Nitrosococcales,Methylophagaceae,Methylophaga,methylophaga lonarensis,29.0,False
587,RS_GCF_000359605.1,Bacteria,Firmicutes,Bacilli,Bacillales_D,Amphibacillaceae,Gracilibacillus,gracilibacillus halophilus,48.125,True
588,RS_GCF_000359745.1,Bacteria,Proteobacteria,Alphaproteobacteria,Rhizobiales,Rhizobiaceae,Rhizobium,rhizobium freirei,27.1,False
589,RS_GCF_000364445.2,Bacteria,Proteobacteria,Alphaproteobacteria,Rhizobiales,Beijerinckiaceae,Methylobacterium,methylobacterium mesophilicum,27.33333333333335,False
590,RS_GCF_000365305.1,Bacteria,Proteobacteria,Gammaproteobacteria,Enterobacterales,Enterobacteriaceae,Dickeya,dickeya dianthicola,36.0,True
591,RS_GCF_000374125.1,Bacteria,Bacteroidota,Bacteroidia,Chitinophagales,Chitinophagaceae,Niabella,niabella aurantiaca,27.5,False
592,RS_GCF_000377745.1,Bacteria,Proteobacteria,Gammaproteobacteria,Pseudomonadales,Cellvibrionaceae,Gilvimarinus,gilvimarinus chinensis,29.0,True
593,RS_GCF_000379485.1,Bacteria,Proteobacteria,Alphaproteobacteria,Rhodobacterales,Rhodobacteraceae,Wenxinia,wenxinia marina,36.0,True
594,RS_GCF_000379645.1,Bacteria,Actinobacteriota,Actinomycetia,Mycobacteriales,Micromonosporaceae,Actinoplanes,actinoplanes globisporus,27.333,True
595,RS_GCF_000384115.1,Bacteria,Actinobacteriota,Actinomycetia,Sporichthyales,Sporichthyaceae,Sporichthya,sporichthya polymorpha,27.0,True
596,RS_GCF_000385335.1,Bacteria,Proteobacteria,Alphaproteobacteria,Rhizobiales,Beijerinckiaceae,Methyloferula,methyloferula stellata,22.25,True
597,RS_GCF_000411375.1,Bacteria,Actinobacteriota,Actinomycetia,Mycobacteriales,Mycobacteriaceae,Corynebacterium,corynebacterium pyruviciproducens,37.833,False
598,RS_GCF_000421145.1,Bacteria,Actinobacteriota,Actinomycetia,Actinomycetales,Microbacteriaceae,Glaciibacter,glaciibacter superstes,18.33333333333333,True
599,RS_GCF_000421185.1,Bacteria,Actinobacteriota,Actinomycetia,Actinomycetales,Dermatophilaceae,Ornithinimicrobium,ornithinimicrobium pekingense,35.0,True
600,RS_GCF_000421285.1,Bacteria,Desulfobacterota,Desulfobacteria,Desulfobacterales,Desulfobacteraceae,Desulfotignum,desulfotignum balticum,29.0,True
601,RS_GCF_000422385.1,Bacteria,Actinobacteriota,Actinomycetia,Actinomycetales,Microbacteriaceae,Microbacterium,microbacterium indicum,22.0,True
602,RS_GCF_000429905.1,Bacteria,Desulfobacterota,Desulfobacteria,Desulfobacterales,Desulfatibacillaceae,Desulfatibacillum,desulfatibacillum aliphaticivorans,29.312,False
603,RS_GCF_000454065.1,Bacteria,Firmicutes,Bacilli,Brevibacillales,Brevibacillaceae,Brevibacillus,brevibacillus thermoruber,47.0,True
604,RS_GCF_000482725.1,Bacteria,Proteobacteria,Gammaproteobacteria,Enterobacterales,Psychromonadaceae,Psychromonas,psychromonas arctica,15.0,True
605,RS_GCF_000484635.1,Bacteria,Proteobacteria,Gammaproteobacteria,Burkholderiales,Burkholderiaceae,Comamonas_C,comamonas_c badia,28.5,True
606,RS_GCF_000512735.1,Bacteria,Aquificota,Aquificae,Aquificales,Aquificaceae,Thermocrinis,thermocrinis ruber,80.0,True
607,RS_GCF_000520595.1,Bacteria,Actinobacteriota,Actinomycetia,Actinomycetales,Micrococcaceae,Arthrobacter_D,arthrobacter_d sp000520595,15.0,True
608,RS_GCF_000620065.1,Bacteria,Deinococcota,Deinococci,Deinococcales,Thermaceae,Meiothermus,meiothermus cerbereus,53.333333333333336,True
609,RS_GCF_000633635.1,Bacteria,Firmicutes,Bacilli,Lactobacillales,Enterococcaceae,Enterococcus,enterococcus crotali,35.0,False
610,RS_GCF_000718095.1,Bacteria,Actinobacteriota,Actinomycetia,Streptomycetales,Streptomycetaceae,Streptomyces,streptomyces scopuliridis,26.0,False
611,RS_GCF_000718325.1,Bacteria,Actinobacteriota,Actinomycetia,Actinomycetales,Cellulomonadaceae,Oerskovia,oerskovia turbata,28.4,True
612,RS_GCF_000730625.1,Bacteria,Proteobacteria,Gammaproteobacteria,Pseudomonadales,Pseudomonadaceae,Pseudomonas_B,pseudomonas_b oryzihabitans,20.5,True
613,RS_GCF_000733845.1,Bacteria,Firmicutes,Bacilli,Bacillales,Anoxybacillaceae,Geobacillus,geobacillus vulcani,55.0,True
614,RS_GCF_000734965.1,Bacteria,Proteobacteria,Gammaproteobacteria,Enterobacterales,Enterobacteriaceae,Trabulsiella,trabulsiella guamensis,33.5,False
615,RS_GCF_000737705.1,Bacteria,Bacteroidota,Bacteroidia,Flavobacteriales,Weeksellaceae,Chryseobacterium,chryseobacterium soli,28.75,False
616,RS_GCF_000744175.1,Bacteria,Deinococcota,Deinococci,Deinococcales,Thermaceae,Thermus,thermus tengchongensis,65.0,True
617,RS_GCF_000786695.1,Bacteria,Proteobacteria,Gammaproteobacteria,Burkholderiales,Burkholderiaceae,Collimonas,collimonas arenae_a,20.0,False
618,RS_GCF_000797445.1,Bacteria,Bacteroidota,Bacteroidia,Flavobacteriales,Flavobacteriaceae,Lacinutrix,lacinutrix jangbogonensis,10.0,True
619,RS_GCF_000816085.1,Bacteria,Firmicutes,Bacilli,Staphylococcales,Staphylococcaceae,Staphylococcus,staphylococcus hyicus,32.5,False
620,RS_GCF_000819845.1,Bacteria,Proteobacteria,Gammaproteobacteria,Enterobacterales,Aeromonadaceae,Aeromonas,aeromonas enteropelogenes,32.8,False
621,RS_GCF_000829435.1,Bacteria,Firmicutes,Bacilli,Bacillales_B,Jeotgalibacillaceae,Jeotgalibacillus,jeotgalibacillus soli,33.5,True
622,RS_GCF_000960975.1,Bacteria,Proteobacteria,Alphaproteobacteria,Rhizobiales,Rhizobiaceae,Martelella,martelella endophytica,29.0,True
623,RS_GCF_000975135.1,Bacteria,Actinobacteriota,Actinomycetia,Actinomycetales,Demequinaceae,Demequina,demequina aurantiaca,29.0,False
624,RS_GCF_000993785.3,Bacteria,Actinobacteriota,Actinomycetia,Streptomycetales,Streptomycetaceae,Streptomyces,streptomyces xiamenensis,32.5,False
625,RS_GCF_001247745.1,Bacteria,Actinobacteriota,Actinomycetia,Actinomycetales,Dermatophilaceae,Luteipulveratus,luteipulveratus halotolerans,24.0,False
626,RS_GCF_001411805.1,Bacteria,Proteobacteria,Gammaproteobacteria,Burkholderiales,Burkholderiaceae,Burkholderia,burkholderia plantarii,30.1111111111111,False
627,RS_GCF_001418255.1,Bacteria,Proteobacteria,Gammaproteobacteria,Burkholderiales,Burkholderiaceae,Thiomonas,thiomonas bhubaneswarensis,33.5,False
628,RS_GCF_001461825.1,Bacteria,Firmicutes,Bacilli,Bacillales,Bacillaceae,Bacillus,bacillus velezensis,33.125,False
629,RS_GCF_001534745.1,Bacteria,Proteobacteria,Gammaproteobacteria,Pseudomonadales,Pseudomonadaceae,Pseudomonas_E,pseudomonas_e monteilii_a,29.2,False
630,RS_GCF_001555965.1,Bacteria,Proteobacteria,Alphaproteobacteria,Sphingomonadales,Sphingomonadaceae,Sphingomonas,sphingomonas sp001555965,20.0,False
631,RS_GCF_001570805.1,Bacteria,Actinobacteriota,Actinomycetia,Actinomycetales,Brevibacteriaceae,Brevibacterium,brevibacterium epidermidis,33.5,True
632,RS_GCF_001570965.1,Bacteria,Actinobacteriota,Actinomycetia,Actinomycetales,Dermatophilaceae,Janibacter,janibacter corallicola,29.5,False
633,RS_GCF_001571005.1,Bacteria,Actinobacteriota,Actinomycetia,Actinomycetales,Microbacteriaceae,Herbiconiux,herbiconiux solani,25.5,True
634,RS_GCF_001571085.1,Bacteria,Proteobacteria,Gammaproteobacteria,Burkholderiales,Burkholderiaceae,Azohydromonas,azohydromonas lata,32.5,True
635,RS_GCF_001598475.1,Bacteria,Proteobacteria,Gammaproteobacteria,Enterobacterales,Enterobacteriaceae,Pantoea,pantoea agglomerans,28.75,True
636,RS_GCF_001672295.1,Bacteria,Desulfobacterota_I,Desulfovibrionia,Desulfovibrionales,Desulfovibrionaceae,Halodesulfovibrio,halodesulfovibrio spirochaetisodalis,32.5,True
637,RS_GCF_001696535.1,Bacteria,Proteobacteria,Alphaproteobacteria,Rhizobiales,Stappiaceae,Stappia,stappia indica,31.0,True
638,RS_GCF_001854245.1,Bacteria,Desulfobacterota,Desulfobacteria,Desulfobacterales,Desulfococcaceae,Desulfococcus,desulfococcus multivorans,35.5,True
639,RS_GCF_001855565.1,Bacteria,Proteobacteria,Gammaproteobacteria,Burkholderiales,Chromobacteriaceae,Chromobacterium,chromobacterium amazonense,30.5,False
640,RS_GCF_001885945.1,Bacteria,Firmicutes,Bacilli,Lactobacillales,Enterococcaceae,Enterococcus_A,enterococcus_a hermanniensis,13.5,True
641,RS_GCF_001907695.1,Bacteria,Proteobacteria,Alphaproteobacteria,Rhodospirillales,Thalassospiraceae,Thalassospira,thalassospira sp001907695,27.5,False
642,RS_GCF_001939065.1,Bacteria,Firmicutes,Bacilli,Exiguobacterales,Exiguobacteraceae,Exiguobacterium_A,exiguobacterium_a indicum,22.0,True
643,RS_GCF_002019765.1,Bacteria,Firmicutes,Bacilli,Bacillales_H,Bacillaceae_D,Bacillus_H,bacillus_h oshimensis,24.167,True
644,RS_GCF_002050515.1,Bacteria,Firmicutes_A,Clostridia,Clostridiales,Clostridiaceae,Clostridium,clostridium thermobutyricum,51.333333333333336,True
645,RS_GCF_002101785.1,Bacteria,Actinobacteriota,Actinomycetia,Mycobacteriales,Mycobacteriaceae,Mycobacterium,mycobacterium palustre,36.0,False
646,RS_GCF_002162375.1,Bacteria,Proteobacteria,Gammaproteobacteria,Pseudomonadales,Oleiphilaceae,Oleiphilus,oleiphilus messinensis,27.5,True
647,RS_GCF_002210225.1,Bacteria,Bacteroidota,Bacteroidia,Bacteroidales,Marinilabiliaceae,Geofilum,geofilum rhodophaeum,33.0,True
648,RS_GCF_002554795.1,Bacteria,Bacteroidota,Rhodothermia,Rhodothermales,Salinibacteraceae,Longibacter,longibacter salinarum,40.0,True
649,RS_GCF_002564005.1,Bacteria,Actinobacteriota,Actinomycetia,Actinomycetales,Cellulomonadaceae,Sanguibacter,sanguibacter antarcticus,24.5,False
650,RS_GCF_002742645.2,Bacteria,Proteobacteria,Alphaproteobacteria,Caulobacterales,Caulobacteraceae,Caulobacter,caulobacter sp002742645,20.0,False
651,RS_GCF_002795825.1,Bacteria,Proteobacteria,Zetaproteobacteria,Mariprofundales,Mariprofundaceae,Mariprofundus,mariprofundus ferrinatatus,27.5,True
652,RS_GCF_002838765.1,Bacteria,Proteobacteria,Gammaproteobacteria,Enterobacterales,Kangiellaceae,Kangiella,kangiella profundi,39.5,True
653,RS_GCF_002902345.1,Bacteria,Firmicutes,Bacilli,Staphylococcales,Staphylococcaceae,Staphylococcus,staphylococcus arlettae,34.0,False
654,RS_GCF_003014675.1,Bacteria,Actinobacteriota,Actinomycetia,Actinomycetales,Microbacteriaceae,Labedella,labedella gwakjiensis,27.5,False
655,RS_GCF_003025005.1,Bacteria,Bacteroidota,Bacteroidia,Flavobacteriales,Crocinitomicaceae,Brumimicrobium,brumimicrobium mesophilum,23.0,False
656,RS_GCF_003026815.1,Bacteria,Proteobacteria,Gammaproteobacteria,Enterobacterales,Vibrionaceae,Photobacterium,photobacterium damselae,25.5,False
657,RS_GCF_003044275.1,Bacteria,Actinobacteriota,Actinomycetia,Actinomycetales,Microbacteriaceae,Rathayibacter,rathayibacter caricis,24.0,False
658,RS_GCF_003096815.1,Bacteria,Bacteroidota,Bacteroidia,Bacteroidales,Bacteroidaceae,Prevotella,prevotella colorans,36.0,False
659,RS_GCF_003148845.1,Bacteria,Bacteroidota,Bacteroidia,Sphingobacteriales,Sphingobacteriaceae,Mucilaginibacter,mucilaginibacter oryzae,27.5,False
660,RS_GCF_003236305.1,Bacteria,Actinobacteriota,Actinomycetia,Mycobacteriales,Micromonosporaceae,Micromonospora,micromonospora endophytica,31.5,False
661,RS_GCF_003254505.1,Bacteria,Proteobacteria,Alphaproteobacteria,Caulobacterales,Caulobacteraceae,Phenylobacterium,phenylobacterium hankyongense,27.5,False
662,RS_GCF_003515705.1,Bacteria,Firmicutes,Bacilli,Bacillales_D,Amphibacillaceae,Oceanobacillus,oceanobacillus profundus,35.0,False
663,RS_GCF_003610735.1,Bacteria,Bacteroidota,Bacteroidia,Flavobacteriales,Flavobacteriaceae,Tenacibaculum,tenacibaculum lutimaris,33.5,False
664,RS_GCF_003626645.1,Bacteria,Actinobacteriota,Actinomycetia,Streptomycetales,Streptomycetaceae,Streptomyces,streptomyces klenkii,32.5,False
665,RS_GCF_003688665.1,Bacteria,Aquificota,Aquificae,Hydrogenothermales,Hydrogenothermaceae,Hydrogenothermus,hydrogenothermus marinus,65.0,True
666,RS_GCF_003725775.1,Bacteria,Actinobacteriota,Actinomycetia,Propionibacteriales,Nocardioidaceae,Marmoricola,marmoricola solisilvae,29.0,True
667,RS_GCF_003851125.1,Bacteria,Proteobacteria,Gammaproteobacteria,Burkholderiales,Sulfuriferulaceae,Sulfuriferula,sulfuriferula multivorans,23.5,True
668,RS_GCF_003970495.1,Bacteria,Firmicutes,Bacilli,Staphylococcales,Staphylococcaceae,Staphylococcus,staphylococcus pasteuri,31.6,False
669,RS_GCF_004000605.1,Bacteria,Proteobacteria,Alphaproteobacteria,Caulobacterales,Maricaulaceae,Glycocaulis,glycocaulis alkaliphilus,33.5,False
670,RS_GCF_004006635.1,Bacteria,Fusobacteriota,Fusobacteriia,Fusobacteriales,Fusobacteriaceae,Fusobacterium_C,fusobacterium_c necrophorum,36.375,True
671,RS_GCF_004217565.1,Bacteria,Actinobacteriota,Actinomycetia,Actinomycetales,Micrococcaceae,Zhihengliuella,zhihengliuella halotolerans,29.0,False
672,RS_GCF_004322705.1,Bacteria,Proteobacteria,Gammaproteobacteria,Xanthomonadales,Rhodanobacteraceae,Dyella,dyella terrae,29.0,False
673,RS_GCF_004322855.1,Bacteria,Actinobacteriota,Actinomycetia,Euzebyales,Egibacteraceae,Egibacter,egibacter rhizosphaerae,32.5,True
674,RS_GCF_004335015.1,Bacteria,Proteobacteria,Gammaproteobacteria,Pseudomonadales,Moraxellaceae,Psychrobacter,psychrobacter pygoscelis,17.0,True
675,RS_GCF_004341375.1,Bacteria,Proteobacteria,Alphaproteobacteria,Sphingomonadales,Rhodothalassiaceae,Rhodothalassium,rhodothalassium salexigens,40.0,True
676,RS_GCF_004352845.1,Bacteria,Proteobacteria,Gammaproteobacteria,Xanthomonadales,Xanthomonadaceae,Luteimonas,luteimonas terricola,12.5,True
677,RS_GCF_005233845.1,Bacteria,Bacteroidota,Bacteroidia,Chitinophagales,Chitinophagaceae,Ilyomonas,ilyomonas limi,29.0,True
678,RS_GCF_006385595.1,Bacteria,Proteobacteria,Gammaproteobacteria,Xanthomonadales,Rhodanobacteraceae,Luteibacter,luteibacter pinisoli,29.0,False
679,RS_GCF_006539685.1,Bacteria,Proteobacteria,Alphaproteobacteria,Acetobacterales,Acetobacteraceae,Gluconobacter,gluconobacter oxydans,27.0,True
680,RS_GCF_006539945.1,Bacteria,Actinobacteriota,Actinomycetia,Actinomycetales,Cellulomonadaceae,Cellulosimicrobium,cellulosimicrobium cellulans,28.4285714285714,True
681,RS_GCF_006788895.1,Bacteria,Actinobacteriota,Actinomycetia,Actinomycetales,Microbacteriaceae,Rhodoglobus,rhodoglobus vestalii,18.0,True
682,RS_GCF_006861775.1,Bacteria,Firmicutes,Bacilli,Bacillales_A,Planococcaceae,Psychrobacillus,psychrobacillus soli,29.0,False
683,RS_GCF_007845635.1,Bacteria,Bacteroidota,Bacteroidia,Flavobacteriales,Weeksellaceae,Apibacter,apibacter muscae,32.5,True
684,RS_GCF_007971525.1,Bacteria,Bacteroidota,Bacteroidia,Sphingobacteriales,Sphingobacteriaceae,Mucilaginibacter,mucilaginibacter ginsenosidivorax,33.5,False
685,RS_GCF_008327825.1,Bacteria,Fusobacteriota,Fusobacteriia,Fusobacteriales,Leptotrichiaceae,Leptotrichia,leptotrichia shahii,37.667,True
686,RS_GCF_008831075.1,Bacteria,Actinobacteriota,Actinomycetia,Actinomycetales,Microbacteriaceae,Pseudoclavibacter,pseudoclavibacter terrae,26.5,True
687,RS_GCF_009711405.1,Bacteria,Bacteroidota,Bacteroidia,Cytophagales,Cyclobacteriaceae,Fulvivirga,fulvivirga kasyanovii,36.0,True
688,RS_GCF_009738225.1,Bacteria,Firmicutes,Bacilli,Lactobacillales,Streptococcaceae,Streptococcus,streptococcus sp001556435,25.667,False
689,RS_GCF_009932395.1,Bacteria,Firmicutes_B,Desulfotomaculia,Desulfotomaculales,Desulfallaceae,Sporotomaculum,sporotomaculum syntrophicum,37.5,True
690,RS_GCF_010211765.1,Bacteria,Proteobacteria,Gammaproteobacteria,Xanthomonadales,Xanthomonadaceae,Pseudoxanthomonas,pseudoxanthomonas kaohsiungensis,35.0,True
691,RS_GCF_011058165.1,Bacteria,Actinobacteriota,Actinomycetia,Mycobacteriales,Mycobacteriaceae,Rhodococcus,rhodococcus aetherivorans,29.0,True
692,RS_GCF_011602085.1,Bacteria,Proteobacteria,Gammaproteobacteria,Pseudomonadales,Cellvibrionaceae,Pseudoteredinibacter,pseudoteredinibacter isoporae,32.5,True
693,RS_GCF_011761565.1,Bacteria,Proteobacteria,Alphaproteobacteria,Micropepsales,Micropepsaceae,Rhizomicrobium,rhizomicrobium palustre,32.5,True
694,RS_GCF_011762095.1,Bacteria,Proteobacteria,Alphaproteobacteria,Parvibaculales,Parvibaculaceae,Parvibaculum,parvibaculum indicum,31.0,True
695,RS_GCF_012222965.1,Bacteria,Proteobacteria,Gammaproteobacteria,Francisellales,Francisellaceae,Allofrancisella,allofrancisella inopinata,32.0,False
696,RS_GCF_013249065.1,Bacteria,Bacteroidota,Bacteroidia,Flavobacteriales,Flavobacteriaceae,Winogradskyella,winogradskyella litoriviva,26.5,False
697,RS_GCF_013344475.1,Bacteria,Proteobacteria,Alphaproteobacteria,Rhizobiales,Rhizobiaceae,Martelella,martelella limonii,27.5,False
698,RS_GCF_013372265.1,Bacteria,Campylobacterota,Campylobacteria,Campylobacterales,Arcobacteraceae,Aliarcobacter,aliarcobacter cibarius,24.75,True
699,RS_GCF_013403245.1,Bacteria,Firmicutes_A,Clostridia,Tissierellales,Sedimentibacteraceae,Sedimentibacter,sedimentibacter hydroxybenzoicus,35.0,True
700,RS_GCF_013761005.1,Bacteria,Desulfobacterota,Desulfobacteria,Desulfobacterales,SURF-3,Desulfosalsimonas,desulfosalsimonas propionicica,37.5,True
701,RS_GCF_014200405.1,Bacteria,Actinobacteriota,Actinomycetia,Actinomycetales,Microbacteriaceae,Cryobacterium,cryobacterium roopkundense,15.75,True
702,RS_GCF_014201675.1,Bacteria,Deinococcota,Deinococci,Deinococcales,Marinithermaceae,Oceanithermus,oceanithermus desulfurans,60.0,True
703,RS_GCF_014205875.1,Bacteria,Firmicutes_A,Clostridia,Peptostreptococcales,Thermotaleaceae,Anaerosolibacter,anaerosolibacter carboniphilus,40.0,True
704,RS_GCF_014212135.1,Bacteria,Firmicutes,Bacilli,Paenibacillales,Paenibacillaceae,Cohnella,cohnella thailandensis,35.0,True
705,RS_GCF_014230055.1,Bacteria,Verrucomicrobiota,Verrucomicrobiae,Opitutales,Puniceicoccaceae,Puniceicoccus,puniceicoccus vermicola,27.5,True
706,RS_GCF_014502795.1,Bacteria,Firmicutes_B,Desulfitobacteriia,Heliobacteriales,Heliobacteriaceae,Heliobacterium,heliobacterium chlorum,38.5,True
707,RS_GCF_014634745.1,Bacteria,Firmicutes,Bacilli,Lactobacillales,Lactobacillaceae,Leuconostoc,leuconostoc pseudomesenteroides,23.75,False
708,RS_GCF_014636775.1,Bacteria,Actinobacteriota,Actinomycetia,Actinomycetales,Micrococcaceae,Kocuria,kocuria dechangensis,35.0,True
709,RS_GCF_014641195.1,Bacteria,Firmicutes,Bacilli,Thermoactinomycetales,DSM-45169,Marinithermofilum,marinithermofilum abyssi,57.5,True
710,RS_GCF_014646215.1,Bacteria,Actinobacteriota,Actinomycetia,Mycobacteriales,Nakamurellaceae,Nakamurella,nakamurella endophytica,29.0,True
711,RS_GCF_014652655.1,Bacteria,Proteobacteria,Alphaproteobacteria,Rhodobacterales,Rhodobacteraceae,Amylibacter,amylibacter ulvae,26.5,False
712,RS_GCF_016107575.1,Bacteria,Proteobacteria,Gammaproteobacteria,Pseudomonadales,Moraxellaceae,Psychrobacter,psychrobacter faecalis,29.25,False
713,RS_GCF_016595435.1,Bacteria,Verrucomicrobiota,Verrucomicrobiae,Verrucomicrobiales,Akkermansiaceae,Luteolibacter,luteolibacter pohnpeiensis,33.5,True
714,RS_GCF_016908215.1,Bacteria,Firmicutes,Bacilli,Paenibacillales,Paenibacillaceae,Paenibacillus,paenibacillus urinalis,35.0,False
715,RS_GCF_016908465.1,Bacteria,Firmicutes,Bacilli,Bacillales_A,Planococcaceae,Ureibacillus,ureibacillus composti,52.5,True
716,RS_GCF_018728565.1,Bacteria,Bacteroidota,Bacteroidia,Flavobacteriales,Flavobacteriaceae,Zobellia,zobellia russellii,26.5,True
717,RS_GCF_900100085.1,Bacteria,Proteobacteria,Alphaproteobacteria,Rhodobacterales,Rhodobacteraceae,Salipiger,salipiger marinus,26.5,False
718,RS_GCF_900101895.1,Bacteria,Bacteroidota,Bacteroidia,Flavobacteriales,Flavobacteriaceae,Flavobacterium,flavobacterium caeni,22.5,False
719,RS_GCF_900106565.1,Bacteria,Bacteroidota,Bacteroidia,Flavobacteriales,Flavobacteriaceae,Lutibacter,lutibacter oricola,26.5,False
720,RS_GCF_900107595.1,Bacteria,Bacteroidota,Bacteroidia,Flavobacteriales,Flavobacteriaceae,Psychroflexus,psychroflexus halocasei,28.5,False
721,RS_GCF_900108225.1,Bacteria,Proteobacteria,Alphaproteobacteria,Rhodobacterales,Rhodobacteraceae,Thalassococcus,thalassococcus halodurans,32.0,True
722,RS_GCF_900109345.1,Bacteria,Bacteroidota,Bacteroidia,Flavobacteriales,Flavobacteriaceae,Maribacter,maribacter orientalis,22.0,False
723,RS_GCF_900111745.1,Bacteria,Myxococcota,Myxococcia,Myxococcales,Myxococcaceae,Stigmatella,stigmatella erecta,28.0425531914894,True
724,RS_GCF_900112345.1,Bacteria,Actinobacteriota,Actinomycetia,Propionibacteriales,Nocardioidaceae,Nocardioides,nocardioides terrae,29.0,False
725,RS_GCF_900112795.1,Bacteria,Bacteroidota,Bacteroidia,Bacteroidales,Marinilabiliaceae,Thermophagus,thermophagus xiamenensis,50.0,True
726,RS_GCF_900116285.1,Bacteria,Proteobacteria,Alphaproteobacteria,Rhodobacterales,Rhodobacteraceae,Sulfitobacter,sulfitobacter marinus,22.5,False
727,RS_GCF_900129445.1,Bacteria,Bacteroidota,Bacteroidia,Flavobacteriales,Flavobacteriaceae,Salegentibacter,salegentibacter echinorum,29.0,True
728,RS_GCF_900129785.1,Bacteria,Bacteroidota,Bacteroidia,Cytophagales,Cyclobacteriaceae,Algoriphagus,algoriphagus halophilus,35.0,False
729,RS_GCF_900141665.1,Bacteria,Bacteroidota,Bacteroidia,Flavobacteriales,Weeksellaceae,Cruoricaptor,cruoricaptor ignavus,35.0,True
730,RS_GCF_900142005.1,Bacteria,Firmicutes_A,Clostridia,Tissierellales,Dethiosulfatibacteraceae,Dethiosulfatibacter,dethiosulfatibacter aminovorans,29.0,True
731,RS_GCF_900142805.1,Bacteria,Firmicutes,Bacilli,Staphylococcales,Salinicoccaceae,Salinicoccus,salinicoccus alkaliphilus,32.5,False
732,RS_GCF_900143695.1,Bacteria,Desulfobacterota,Desulfobulbia,Desulfobulbales,Desulfocapsaceae,Desulfopila,desulfopila aestuarii,35.0,True
733,RS_GCF_900176515.1,Bacteria,Actinobacteriota,Actinomycetia,Mycobacteriales,Pseudonocardiaceae,Kibdelosporangium,kibdelosporangium aridum,28.5,True
734,RS_GCF_900182565.1,Bacteria,Firmicutes,Bacilli,Thermoactinomycetales,DSM-45169,Melghirimyces,melghirimyces algeriensis,51.25,True
735,RS_GCF_900182595.1,Bacteria,Bacteroidota,Bacteroidia,Sphingobacteriales,Sphingobacteriaceae,Pedobacter,pedobacter westerhofensis,23.0,False
736,RS_GCF_900188245.1,Bacteria,Bacteroidota,Bacteroidia,Cytophagales,Cyclobacteriaceae,Belliella,belliella buryatensis,31.5,True
737,RS_GCF_900188425.1,Bacteria,Proteobacteria,Alphaproteobacteria,Rhodobacterales,Rhodobacteraceae,Antarctobacter,antarctobacter heliothermus,20.5,True
738,RS_GCF_900458435.1,Bacteria,Firmicutes,Bacilli,Staphylococcales,Staphylococcaceae,Staphylococcus,staphylococcus carnosus,35.0,False
739,RS_GCF_900460535.1,Bacteria,Proteobacteria,Gammaproteobacteria,Enterobacterales,Vibrionaceae,Vibrio,vibrio parahaemolyticus,30.65714285714285,True
740,GB_GCA_000163695.1,Bacteria,Bacteroidota,Bacteroidia,Bacteroidales,Paludibacteraceae,F0058,f0058 sp000163695,32.5,True
741,GB_GCA_003129525.1,Bacteria,Firmicutes_A,Clostridia,Clostridiales,Clostridiaceae,Clostridium,clostridium beijerinckii_d,33.25,False
742,RS_GCF_000009045.1,Bacteria,Firmicutes,Bacilli,Bacillales,Bacillaceae,Bacillus,bacillus subtilis,28.264679653679668,False
743,RS_GCF_000011365.1,Bacteria,Proteobacteria,Alphaproteobacteria,Rhizobiales,Xanthobacteraceae,Bradyrhizobium,bradyrhizobium diazoefficiens,27.6,False
744,RS_GCF_000013665.1,Bacteria,Proteobacteria,Gammaproteobacteria,Pseudomonadales,Cellvibrionaceae,Saccharophagus,saccharophagus degradans,27.0,True
745,RS_GCF_000013705.1,Bacteria,Proteobacteria,Gammaproteobacteria,Burkholderiales,Methylophilaceae,Methylobacillus,methylobacillus flagellatus,37.55555555555557,False
746,RS_GCF_000013865.1,Bacteria,Proteobacteria,Gammaproteobacteria,Burkholderiales,Burkholderiaceae,Polaromonas,polaromonas sp000013865,20.0,True
747,RS_GCF_000014285.2,Bacteria,Proteobacteria,Alphaproteobacteria,Acetobacterales,Acetobacteraceae,Granulibacter,granulibacter bethesdensis,35.8335,True
748,RS_GCF_000020005.1,Bacteria,Firmicutes_D,Natranaerobiia,Natranaerobiales,Natranaerobiaceae,Natranaerobius,natranaerobius thermophilus,52.0,True
749,RS_GCF_000022025.1,Bacteria,Actinobacteriota,Actinomycetia,Actinomycetales,Micrococcaceae,Pseudarthrobacter,pseudarthrobacter chlorophenolicus,16.5,True
750,RS_GCF_000023465.1,Bacteria,Bacteroidota,Bacteroidia,Flavobacteriales,Flavobacteriaceae,Zunongwangia,zunongwangia profunda,30.0,False
751,RS_GCF_000025545.1,Bacteria,Proteobacteria,Gammaproteobacteria,Ectothiorhodospirales,Thioalkalivibrionaceae,Thioalkalivibrio,thioalkalivibrio sp000025545,34.0,True
752,RS_GCF_000026185.1,Bacteria,Proteobacteria,Gammaproteobacteria,Enterobacterales,Enterobacteriaceae,Erwinia,erwinia tasmaniensis,28.5,False
753,RS_GCF_000092405.1,Bacteria,Firmicutes_B,Syntrophomonadia,Syntrophomonadales,Syntrophothermaceae,Syntrophothermus,syntrophothermus lipocalidus,55.0,True
754,RS_GCF_000154785.2,Bacteria,Proteobacteria,Alphaproteobacteria,Rhodobacterales,Rhodobacteraceae,Roseobacter,roseobacter litoralis,20.0,False
755,RS_GCF_000154985.1,Bacteria,Firmicutes,Bacilli,Lactobacillales,Streptococcaceae,Streptococcus,streptococcus infantarius,35.667,False
756,RS_GCF_000155555.1,Bacteria,Cyanobacteria,Cyanobacteriia,Cyanobacteriales,Coleofasciculaceae,Coleofasciculus,coleofasciculus chthonoplastes,32.5,True
757,RS_GCF_000155735.2,Bacteria,Proteobacteria,Alphaproteobacteria,Rhodobacterales,Rhodobacteraceae,Octadecabacter,octadecabacter arcticus,4.0,True
758,RS_GCF_000156355.1,Bacteria,Proteobacteria,Gammaproteobacteria,Nitrosococcales,Methylophagaceae,Methylophaga,methylophaga thiooxydans,23.0,False
759,RS_GCF_000165795.1,Bacteria,Synergistota,Synergistia,Synergistales,Synergistaceae,Aminomonas,aminomonas paucivorans,35.667,True
760,RS_GCF_000166055.1,Bacteria,Proteobacteria,Alphaproteobacteria,Rhizobiales,Rhodomicrobiaceae,Rhodomicrobium,rhodomicrobium vannielii,25.2,True
761,RS_GCF_000166355.1,Bacteria,Firmicutes_A,Thermoanaerobacteria,Caldicellulosiruptorales,Caldicellulosiruptoraceae,Caldicellulosiruptor,caldicellulosiruptor hydrothermalis,67.33333333333333,True
762,RS_GCF_000183545.2,Bacteria,Firmicutes_E,Thermaerobacteria,Thermaerobacterales,Thermaerobacteraceae,Thermaerobacter,thermaerobacter subterraneus,66.66666666666667,True
763,RS_GCF_000233695.2,Bacteria,Desulfobacterota,Desulfobacteria,Desulfobacterales,Desulfobacteraceae,Desulfobacter,desulfobacter postgatei,30.6666666666667,True
764,RS_GCF_000244755.1,Bacteria,Spirochaetota,Leptospirae,Leptospirales,Leptospiraceae,Leptospira_B,leptospira_b licerasiae,29.0,True
765,RS_GCF_000252995.1,Bacteria,Proteobacteria,Gammaproteobacteria,Enterobacterales,Enterobacteriaceae,Salmonella,salmonella bongori,33.5,False
766,RS_GCF_000262405.1,Bacteria,Proteobacteria,Alphaproteobacteria,Rhizobiales,Beijerinckiaceae,Microvirga,microvirga lotononidis,41.0,True
767,RS_GCF_000265385.1,Bacteria,Bacteroidota,Bacteroidia,Flavobacteriales,Flavobacteriaceae,Aequorivita,aequorivita sublithincola,12.0,True
768,RS_GCF_000300005.1,Bacteria,Proteobacteria,Gammaproteobacteria,Pseudomonadales,Alcanivoracaceae,Alcanivorax,alcanivorax dieselolei,28.75,False
769,RS_GCF_000312045.1,Bacteria,Proteobacteria,Gammaproteobacteria,Burkholderiales,Burkholderiaceae,Noviherbaspirillum,noviherbaspirillum massiliense,32.5,True
770,RS_GCF_000325745.1,Bacteria,Proteobacteria,Alphaproteobacteria,Rhizobiales_A,Rhizobiaceae_A,Liberibacter,liberibacter crescens,27.0,True
771,RS_GCF_000374525.1,Bacteria,Proteobacteria,Alphaproteobacteria,Rhizobiales,Amorphaceae,Amorphus,amorphus coralli,27.5,True
772,RS_GCF_000380645.1,Bacteria,Actinobacteriota,Actinomycetia,Mycobacteriales,Mycobacteriaceae,Smaragdicoccus,smaragdicoccus niigatensis,25.25,True
773,RS_GCF_000406965.1,Bacteria,Firmicutes,Bacilli,Lactobacillales,Enterococcaceae,Enterococcus_A,enterococcus_a avium,35.286,False
774,RS_GCF_000420145.1,Bacteria,Proteobacteria,Alphaproteobacteria,Rhodobacterales,Rhodobacteraceae,Paracoccus,paracoccus zeaxanthinifaciens,27.5,False
775,RS_GCF_000420765.1,Bacteria,Proteobacteria,Alphaproteobacteria,Sphingomonadales,Sphingomonadaceae,Sandarakinorhabdus,sandarakinorhabdus limnophila,15.0,True
776,RS_GCF_000422725.1,Bacteria,Bacteroidota,Bacteroidia,Flavobacteriales,Flavobacteriaceae,Flavobacterium,flavobacterium subsaxonicum,25.33333333333333,False
777,RS_GCF_000425345.1,Bacteria,Proteobacteria,Gammaproteobacteria,Enterobacterales,Alteromonadaceae,Rheinheimera,rheinheimera baltica,22.5,False
778,RS_GCF_000526715.1,Bacteria,Proteobacteria,Gammaproteobacteria,Thiomicrospirales,Thiomicrospiraceae,Hydrogenovibrio,hydrogenovibrio kuenenii,31.0,True
779,RS_GCF_000620985.1,Bacteria,Firmicutes,Bacilli,Lactobacillales,Listeriaceae,Brochothrix,brochothrix thermosphacta,22.5,True
780,RS_GCF_000621145.1,Bacteria,Desulfobacterota,Desulfobulbia,Desulfobulbales,Desulfobulbaceae,Desulfobulbus,desulfobulbus elongatus,36.3333333333333,False
781,RS_GCF_000708045.1,Bacteria,Proteobacteria,Gammaproteobacteria,Pseudomonadales,Oleiphilaceae,Marinobacter,marinobacter nitratireducens,31.5,False
782,RS_GCF_000712295.1,Bacteria,Synergistota,Synergistia,Synergistales,Synergistaceae,Synergistes,synergistes jonesii,39.0,True
783,RS_GCF_000717475.1,Bacteria,Desulfobacterota_I,Desulfovibrionia,Desulfovibrionales,Desulfonatronaceae,Desulfonatronum,desulfonatronum thiodismutans,35.0,True
784,RS_GCF_000725285.1,Bacteria,Firmicutes,Bacilli,Bacillales_D,Amphibacillaceae,Virgibacillus,virgibacillus sp000725285,36.667,False
785,RS_GCF_000770585.1,Bacteria,Proteobacteria,Gammaproteobacteria,Legionellales,Legionellaceae,Legionella,legionella norrlandica,33.5,False
786,RS_GCF_000785515.1,Bacteria,Firmicutes,Bacilli,Lactobacillales,Streptococcaceae,Streptococcus,streptococcus salivarius,37.8888888888889,False
787,RS_GCF_000827125.1,Bacteria,Desulfobacterota,Desulfuromonadia,Desulfuromonadales,Geoalkalibacteraceae,Geoalkalibacter_A,geoalkalibacter_a subterraneus,40.0,True
788,RS_GCF_000836725.1,Bacteria,Firmicutes,Bacilli,Bacillales,Anoxybacillaceae,Anoxybacillus,anoxybacillus thermarum,60.0,True
789,RS_GCF_000934545.1,Bacteria,Proteobacteria,Gammaproteobacteria,Burkholderiales,Rhodocyclaceae,Rugosibacter,rugosibacter aromaticivorans,32.0,True
790,RS_GCF_000959725.1,Bacteria,Proteobacteria,Gammaproteobacteria,Burkholderiales,Burkholderiaceae,Burkholderia,burkholderia gladioli,30.08333333333335,False
791,RS_GCF_001005305.1,Bacteria,Bacteroidota,Bacteroidia,Flavobacteriales,Flavobacteriaceae,Kordia,kordia zhangzhouensis,31.5,False
792,RS_GCF_001187595.1,Bacteria,Firmicutes,Bacilli,Bacillales,Anoxybacillaceae,Anoxybacillus,anoxybacillus gonensis,57.5,True
793,RS_GCF_001306415.1,Bacteria,Bacteroidota,Bacteroidia,Flavobacteriales,Flavobacteriaceae,Croceitalea,croceitalea dokdonensis,35.0,True
794,RS_GCF_001310955.1,Bacteria,Bacteroidota,Bacteroidia,Bacteroidales,Marinifilaceae,Marinifilum,marinifilum fragile,33.4,True
795,RS_GCF_001434815.1,Bacteria,Firmicutes,Bacilli,Lactobacillales,Lactobacillaceae,Lactobacillus,lactobacillus equicursoris,35.0,False
796,RS_GCF_001457595.1,Bacteria,Actinobacteriota,Actinomycetia,Mycobacteriales,Mycobacteriaceae,Mycobacterium,mycobacterium smegmatis,36.6666666666667,False
797,RS_GCF_001514495.1,Bacteria,Firmicutes,Bacilli,Paenibacillales,Paenibacillaceae,Paenibacillus,paenibacillus pabuli,29.0,False
798,RS_GCF_001517975.1,Bacteria,Actinobacteriota,Actinomycetia,Streptosporangiales,Streptosporangiaceae,Thermobifida,thermobifida cellulosilytica,45.0,True
799,RS_GCF_001535545.1,Bacteria,Deinococcota,Deinococci,Deinococcales,Thermaceae,Thermus,thermus parvatiensis,70.0,True
800,RS_GCF_001547735.1,Bacteria,Thermosulfidibacterota,Thermosulfidibacteria,Thermosulfidibacterales,Thermosulfidibacteraceae,Thermosulfidibacter,thermosulfidibacter takaii,70.0,True
801,RS_GCF_001553855.1,Bacteria,Firmicutes,Bacilli,Lactobacillales,Streptococcaceae,Streptococcus,streptococcus gordonii,20.0,True
802,RS_GCF_001570545.1,Bacteria,Actinobacteriota,Actinomycetia,Streptosporangiales,Streptosporangiaceae,Herbidospora,herbidospora mongoliensis,27.75,False
803,RS_GCF_001577525.1,Bacteria,Desulfobacterota,Desulfofervidia,Desulfofervidales,Desulfofervidaceae,Desulfofervidus,desulfofervidus auxilii,60.0,True
804,RS_GCF_001590685.1,Bacteria,Firmicutes,Bacilli,Bacillales_A,Planococcaceae,Sporosarcina,sporosarcina psychrophila,18.125,True
805,RS_GCF_001591965.1,Bacteria,Firmicutes,Bacilli,Bacillales_A,Planococcaceae,Lysinibacillus_B,lysinibacillus_b odysseyi,32.5,True
806,RS_GCF_001598235.1,Bacteria,Proteobacteria,Gammaproteobacteria,Burkholderiales,Burkholderiaceae,Polaromonas,polaromonas jejuensis,29.0,False
807,RS_GCF_001598815.1,Bacteria,Proteobacteria,Alphaproteobacteria,Sphingomonadales,Sphingomonadaceae,Sphingopyxis,sphingopyxis terrae,28.5,True
808,RS_GCF_001644015.1,Bacteria,Proteobacteria,Gammaproteobacteria,Methylococcales,Methylomonadaceae,Methylomonas,methylomonas lenta,20.0,False
809,RS_GCF_001655005.1,Bacteria,Proteobacteria,Gammaproteobacteria,Enterobacterales,Enterobacteriaceae,Hafnia,hafnia paralvei,31.25,True
810,RS_GCF_001656035.1,Bacteria,Proteobacteria,Gammaproteobacteria,Enterobacterales,Enterobacteriaceae,Yersinia,yersinia entomophaga,33.5,False
811,RS_GCF_001704115.1,Bacteria,Proteobacteria,Gammaproteobacteria,Pseudomonadales,Moraxellaceae,Acinetobacter,acinetobacter larvae,32.5,False
812,RS_GCF_001708405.1,Bacteria,Proteobacteria,Gammaproteobacteria,Enterobacterales,Kangiellaceae,Kangiella,kangiella sediminilitoris,32.625,False
813,RS_GCF_001721685.1,Bacteria,Firmicutes,Bacilli,Bacillales_H,Salisediminibacteriaceae,Salisediminibacterium,salisediminibacterium beveridgei,40.0,True
814,RS_GCF_001748225.1,Bacteria,Desulfobacterota_I,Desulfovibrionia,Desulfovibrionales,Desulfoplanaceae,Desulfoplanes,desulfoplanes formicivorans,43.5,True
815,RS_GCF_001870485.1,Bacteria,Proteobacteria,Gammaproteobacteria,Enterobacterales,Aeromonadaceae,Oceanisphaera,oceanisphaera psychrotolerans,26.5,False
816,RS_GCF_001922545.1,Bacteria,Spirochaetota,Spirochaetia,Borreliales,Borreliaceae,Borreliella,borreliella garinii,35.333,False
817,RS_GCF_001938565.1,Bacteria,Proteobacteria,Gammaproteobacteria,Burkholderiales,Burkholderiaceae,Rhodoferax,rhodoferax antarcticus,19.25,True
818,RS_GCF_001950325.1,Bacteria,Firmicutes_B,Z-2901,Carboxydothermales,Carboxydothermaceae,Carboxydothermus,carboxydothermus islandicus,61.66666666666666,True
819,RS_GCF_002008165.1,Bacteria,Proteobacteria,Alphaproteobacteria,Rhizobiales,Rhizobiaceae,Rhizobium,rhizobium laguerreae,27.875,False
820,RS_GCF_002087335.1,Bacteria,Proteobacteria,Alphaproteobacteria,Rhodobacterales,Rhodobacteraceae,Pseudophaeobacter,pseudophaeobacter leonis,19.5,True
821,RS_GCF_002102355.1,Bacteria,Actinobacteriota,Actinomycetia,Mycobacteriales,Mycobacteriaceae,Mycobacterium,mycobacterium sherrisii,33.5,False
822,RS_GCF_002150765.1,Bacteria,Actinobacteriota,Actinomycetia,Mycobacteriales,Pseudonocardiaceae,Lentzea,lentzea kentuckyensis,23.5,False
823,RS_GCF_002211785.1,Bacteria,Proteobacteria,Gammaproteobacteria,Francisellales,Francisellaceae,Francisella,francisella halioticida,20.0,False
824,RS_GCF_002283365.1,Bacteria,Bacteroidota,Rhodothermia,Rhodothermales,Rubricoccaceae,Rubrivirga,rubrivirga marina,27.5,True
825,RS_GCF_002751875.1,Bacteria,Proteobacteria,Alphaproteobacteria,Rhodobacterales,Rhodobacteraceae,Oceaniglobus,oceaniglobus indicus,31.5,True
826,RS_GCF_002843315.1,Bacteria,Bacteroidota,Bacteroidia,Bacteroidales,Marinifilaceae,Labilibaculum,labilibaculum filiforme,22.5,True
827,RS_GCF_002886255.1,Bacteria,Firmicutes,Bacilli,Bacillales_H,Marinococcaceae,Alteribacillus,alteribacillus bidgolensis,35.0,True
828,RS_GCF_002901705.1,Bacteria,Firmicutes,Bacilli,Staphylococcales,Staphylococcaceae,Staphylococcus,staphylococcus lugdunensis,34.639,False
829,RS_GCF_002954325.1,Bacteria,Bacteroidota,Bacteroidia,Flavobacteriales,Flavobacteriaceae,Aureicoccus,aureicoccus marinus,27.5,True
830,RS_GCF_002954545.1,Bacteria,Proteobacteria,Gammaproteobacteria,Enterobacterales,Alteromonadaceae,Psychrosphaera,psychrosphaera saromensis,17.5,True
831,RS_GCF_002982115.1,Bacteria,Firmicutes,Bacilli,Bacillales_A,Planococcaceae,Lysinibacillus,lysinibacillus sphaericus,36.7857142857143,True
832,RS_GCF_003007715.1,Bacteria,Proteobacteria,Gammaproteobacteria,Pseudomonadales,Oleiphilaceae,Marinobacter,marinobacter shengliensis,35.0,True
833,RS_GCF_003014495.1,Bacteria,Bacteroidota,Bacteroidia,Bacteroidales,Prolixibacteraceae,Prolixibacter,prolixibacter denitrificans,36.0,False
834,RS_GCF_003014555.1,Bacteria,Actinobacteriota,Actinomycetia,Jiangellales,Jiangellaceae,Haloactinopolyspora,haloactinopolyspora alba,32.5,True
835,RS_GCF_003054225.1,Bacteria,Bacteroidota,Bacteroidia,Flavobacteriales,Flavobacteriaceae,Gramella,gramella gaetbulicola,33.5,False
836,RS_GCF_003075525.1,Bacteria,Proteobacteria,Alphaproteobacteria,Rhodobacterales,Rhodobacteraceae,Pararhodobacter,pararhodobacter aggregans,35.0,True
837,RS_GCF_003173015.1,Bacteria,Deinococcota,Deinococci,Deinococcales,Deinococcaceae,Deinococcus,deinococcus irradiatisoli,29.0,True
838,RS_GCF_003182135.1,Bacteria,Actinobacteriota,Actinomycetia,Mycobacteriales,Mycobacteriaceae,Nocardia,nocardia neocaledoniensis,27.75,False
839,RS_GCF_003226255.1,Bacteria,Proteobacteria,Gammaproteobacteria,Enterobacterales,Alteromonadaceae,Idiomarina,idiomarina fontislapidosi,32.0,False
840,RS_GCF_003254705.1,Bacteria,Proteobacteria,Alphaproteobacteria,Caulobacterales,Caulobacteraceae,Phenylobacterium,phenylobacterium deserti,33.5,False
841,RS_GCF_003268815.1,Bacteria,Bacteroidota,Bacteroidia,Flavobacteriales,Flavobacteriaceae,Flavobacterium,flavobacterium lacus,17.5,True
842,RS_GCF_003312875.1,Bacteria,Actinobacteriota,Actinomycetia,Mycobacteriales,Pseudonocardiaceae,Amycolatopsis,amycolatopsis albispora,32.5,False
843,RS_GCF_003333315.1,Bacteria,Proteobacteria,Gammaproteobacteria,Acidiferrobacterales,Acidiferrobacteraceae,Acidiferrobacter,acidiferrobacter thiooxydans,38.0,True
844,RS_GCF_003337435.1,Bacteria,Bacteroidota,Bacteroidia,Flavobacteriales,Schleiferiaceae,Schleiferia,schleiferia thermophila,47.5,True
845,RS_GCF_003337485.1,Bacteria,Firmicutes,Bacilli,Bacillales_D,Amphibacillaceae,Saliterribacillus,saliterribacillus persicus,35.0,True
846,RS_GCF_003350545.1,Bacteria,Bacteroidota,Bacteroidia,Flavobacteriales,Flavobacteriaceae,Flavobacterium,flavobacterium glaciei,21.0,False
847,RS_GCF_003385455.1,Bacteria,Bacteroidota,Bacteroidia,Flavobacteriales,Weeksellaceae,Chryseobacterium,chryseobacterium rhizosphaerae,33.5,False
848,RS_GCF_003385775.1,Bacteria,Proteobacteria,Alphaproteobacteria,Sphingomonadales,Sphingomonadaceae,Parasphingopyxis,parasphingopyxis lamellibrachiae,29.0,True
849,RS_GCF_003584645.1,Bacteria,Proteobacteria,Gammaproteobacteria,Methylococcales,Methylococcaceae,Methylocaldum,methylocaldum marinum,36.0,True
850,RS_GCF_003762925.1,Bacteria,Proteobacteria,Gammaproteobacteria,Pseudomonadales,Cellvibrionaceae,Marinimicrobium,marinimicrobium koreense,37.5,True
851,RS_GCF_003858655.1,Bacteria,Proteobacteria,Gammaproteobacteria,Pseudomonadales,Nitrincolaceae,Amphritea,amphritea balenae,21.0,False
852,RS_GCF_003966155.1,Bacteria,Proteobacteria,Gammaproteobacteria,Pseudomonadales,Halomonadaceae,Halomonas,halomonas nitroreducens,26.0,False
853,RS_GCF_004000885.1,Bacteria,Firmicutes,Bacilli,Paenibacillales,Paenibacillaceae,Paenibacillus,paenibacillus glucanolyticus,29.0,False
854,RS_GCF_004134825.1,Bacteria,Actinobacteriota,Actinomycetia,Actinomycetales,Microbacteriaceae,Agromyces,agromyces albus,25.5,False
855,RS_GCF_004363245.1,Bacteria,Bacteroidota,Bacteroidia,Sphingobacteriales,Sphingobacteriaceae,Sphingobacterium,sphingobacterium yanglingense,29.0,False
856,RS_GCF_004551525.1,Bacteria,Proteobacteria,Gammaproteobacteria,Enterobacterales,Vibrionaceae,Vibrio,vibrio ouci,32.0,False
857,RS_GCF_004792695.1,Bacteria,Proteobacteria,Alphaproteobacteria,Sphingomonadales,Sphingomonadaceae,Sphingomonas,sphingomonas naasensis,29.0,False
858,RS_GCF_009758125.1,Bacteria,Bacteroidota,Bacteroidia,Chitinophagales,Chitinophagaceae,Chitinophaga,chitinophaga oryziterrae,27.5,False
859,RS_GCF_009936235.1,Bacteria,Actinobacteriota,Actinomycetia,Mycobacteriales,Mycobacteriaceae,Mycobacterium,mycobacterium xenopi,43.5,True
860,RS_GCF_009982895.1,Bacteria,Deinococcota,Deinococci,Deinococcales,Deinococcaceae,Deinococcus,deinococcus alpinitundrae,10.0,True
861,RS_GCF_010378095.1,Bacteria,Proteobacteria,Gammaproteobacteria,Acidithiobacillales,Acidithiobacillaceae,Acidithiobacillus,acidithiobacillus ferrianus,29.0,False
862,RS_GCF_011022235.1,Bacteria,Proteobacteria,Alphaproteobacteria,Rhodospirillales,Magnetospirillaceae,Magnetospirillum,magnetospirillum aberrantis,31.0,True
863,RS_GCF_012223425.1,Bacteria,Actinobacteriota,Actinomycetia,Mycobacteriales,Mycobacteriaceae,Mycobacterium,mycobacterium frederiksbergense,34.0,False
864,RS_GCF_012276755.1,Bacteria,Proteobacteria,Gammaproteobacteria,Chromatiales,Chromatiaceae,Marichromatium,marichromatium bheemlicum,32.5,True
865,RS_GCF_013004695.1,Bacteria,Actinobacteriota,Actinomycetia,Actinomycetales,Cellulomonadaceae,Promicromonospora,promicromonospora citrea,28.5,True
866,RS_GCF_013410775.1,Bacteria,Proteobacteria,Gammaproteobacteria,Burkholderiales,Burkholderiaceae,Sphaerotilus,sphaerotilus montanus,26.0,False
867,RS_GCF_014195535.1,Bacteria,Bacteroidota,Bacteroidia,Cytophagales,Spirosomaceae,Runella,runella defluvii,32.5,True
868,RS_GCF_014201735.1,Bacteria,Proteobacteria,Gammaproteobacteria,Pseudomonadales,Oleiphilaceae,Marinobacter,marinobacter oulmenensis,38.5,False
869,RS_GCF_014202275.1,Bacteria,Bacteroidota,Bacteroidia,Cytophagales,Spirosomaceae,Rhabdobacter,rhabdobacter roseus,27.5,True
870,RS_GCF_014202425.1,Bacteria,Actinobacteriota,Actinomycetia,Mycobacteriales,Micromonosporaceae,Phytomonospora,phytomonospora endophytica,24.0,True
871,RS_GCF_014203705.1,Bacteria,Actinobacteriota,Actinomycetia,Streptomycetales,Streptomycetaceae,Kitasatospora,kitasatospora gansuensis,26.5,True
872,RS_GCF_014652815.1,Bacteria,Proteobacteria,Gammaproteobacteria,Burkholderiales,Burkholderiaceae,Alcaligenes,alcaligenes pakistanensis,29.0,False
873,RS_GCF_014653575.1,Bacteria,Proteobacteria,Alphaproteobacteria,Sphingomonadales,Sphingomonadaceae,Sphingomonas,sphingomonas glacialis,22.0,False
874,RS_GCF_015751905.1,Bacteria,Actinobacteriota,Actinomycetia,Mycobacteriales,Micromonosporaceae,Longispora,longispora fulva,29.0,True
875,RS_GCF_016415625.1,Bacteria,Proteobacteria,Gammaproteobacteria,Enterobacterales,Enterobacteriaceae,Shimwellia,shimwellia pseudoproteus,29.0,True
876,RS_GCF_016735115.1,Bacteria,Bacteroidota,Bacteroidia,Flavobacteriales,Flavobacteriaceae,Aquimarina,aquimarina mytili,27.5,False
877,RS_GCF_016909585.1,Bacteria,Proteobacteria,Gammaproteobacteria,Burkholderiales,Burkholderiaceae,Hydrogenophaga,hydrogenophaga laconesensis,26.5,True
878,RS_GCF_017874545.1,Bacteria,Firmicutes_A,Thermoanaerobacteria,Thermoanaerobacterales,Thermoanaerobacteraceae,Thermoanaerobacterium,thermoanaerobacterium butyriciformans,52.5,True
879,RS_GCF_018221685.1,Bacteria,Proteobacteria,Alphaproteobacteria,Acetobacterales,Acetobacteraceae,Bombella,bombella apis,33.5,True
880,RS_GCF_019056595.1,Bacteria,Proteobacteria,Gammaproteobacteria,Enterobacterales,Enterobacteriaceae,Pectobacterium,pectobacterium atrosepticum,27.3875,False
881,RS_GCF_900009275.2,Bacteria,Cyanobacteria,Cyanobacteriia,Cyanobacteriales,Microcoleaceae,Planktothrix,planktothrix rubescens,20.0,True
882,RS_GCF_900088415.1,Bacteria,Proteobacteria,Gammaproteobacteria,Enterobacterales,Vibrionaceae,Vibrio,vibrio mediterranei,26.0,False
883,RS_GCF_900099625.1,Bacteria,Firmicutes,Bacilli,Lactobacillales,Streptococcaceae,Lactococcus,lactococcus lactis,30.1739130434783,False
884,RS_GCF_900100115.1,Bacteria,Bacteroidota,Bacteroidia,Flavobacteriales,Weeksellaceae,Chryseobacterium,chryseobacterium soldanellicola,27.5,False
885,RS_GCF_900102145.1,Bacteria,Deinococcota,Deinococci,Deinococcales,Thermaceae,Thermus,thermus arciformis,70.0,True
886,RS_GCF_900102535.1,Bacteria,Proteobacteria,Alphaproteobacteria,Rhodobacterales,Rhodobacteraceae,Sulfitobacter,sulfitobacter delicatus,25.5,False
887,RS_GCF_900103175.1,Bacteria,Actinobacteriota,Actinomycetia,Mycobacteriales,Mycobacteriaceae,Tsukamurella,tsukamurella pulmonis,31.0,False
888,RS_GCF_900103655.1,Bacteria,Firmicutes,Bacilli,Lactobacillales,Lactobacillaceae,Lactobacillus,lactobacillus kefiranofaciens,28.6666666666667,False
889,RS_GCF_900105335.1,Bacteria,Actinobacteriota,Actinomycetia,Actinomycetales,Microbacteriaceae,Microbacterium,microbacterium paraoxydans,30.45,False
890,RS_GCF_900107215.1,Bacteria,Synergistota,Synergistia,Synergistales,Acetomicrobiaceae,Acetomicrobium,acetomicrobium thermoterrenum,55.0,True
891,RS_GCF_900109705.1,Bacteria,Proteobacteria,Alphaproteobacteria,Rhodobacterales,Rhodobacteraceae,Roseivivax,roseivivax marinus,32.0,True
892,RS_GCF_900109935.1,Bacteria,Bacteroidota,Bacteroidia,Flavobacteriales,Weeksellaceae,Chryseobacterium,chryseobacterium taichungense,23.5,False
893,RS_GCF_900110025.1,Bacteria,Proteobacteria,Alphaproteobacteria,Rhodobacterales,Rhodobacteraceae,Gemmobacter,gemmobacter aquatilis,31.0,True
894,RS_GCF_900110065.1,Bacteria,Proteobacteria,Alphaproteobacteria,Rhodobacterales,Rhodobacteraceae,Loktanella,loktanella fryxellensis,20.0,True
895,RS_GCF_900110575.1,Bacteria,Actinobacteriota,Actinomycetia,Mycobacteriales,Pseudonocardiaceae,Amycolatopsis,amycolatopsis saalfeldensis,27.5,False
896,RS_GCF_900112245.1,Bacteria,Bacteroidota,Bacteroidia,Flavobacteriales,Flavobacteriaceae,Maribacter,maribacter stanieri,25.5,False
897,RS_GCF_900112305.1,Bacteria,Proteobacteria,Gammaproteobacteria,Pseudomonadales,Cellvibrionaceae,Microbulbifer,microbulbifer thermotolerans,44.0,True
898,RS_GCF_900112485.1,Bacteria,Firmicutes_A,Clostridia,Clostridiales,Clostridiaceae,Clostridium,clostridium uliginosum,21.666666666666668,False
899,RS_GCF_900112605.1,Bacteria,Proteobacteria,Gammaproteobacteria,Thiohalospirales,Thiohalospiraceae,Thiohalospira,thiohalospira halophila,33.5,True
900,RS_GCF_900129385.1,Bacteria,Bacteroidota,Bacteroidia,Flavobacteriales,Weeksellaceae,Chryseobacterium,chryseobacterium takakiae,29.0,False
901,RS_GCF_900129745.1,Bacteria,Bacteroidota,Bacteroidia,Flavobacteriales,Flavobacteriaceae,Winogradskyella,winogradskyella jejuensis,22.5,True
902,RS_GCF_900129755.1,Bacteria,Bacteroidota,Bacteroidia,Flavobacteriales,Weeksellaceae,Chryseobacterium,chryseobacterium oranimense,31.5,False
903,RS_GCF_900142145.1,Bacteria,Firmicutes_A,Clostridia,Peptostreptococcales,Thermotaleaceae,Geosporobacter,geosporobacter subterraneus,41.333333333333336,True
904,RS_GCF_900142365.1,Bacteria,Actinobacteriota,Actinomycetia,Mycobacteriales,Pseudonocardiaceae,Pseudonocardia,pseudonocardia thermophila,45.83333333333335,True
905,RS_GCF_900156625.1,Bacteria,Bacteroidota,Bacteroidia,Flavobacteriales,Flavobacteriaceae,Zobellia,zobellia uliginosa,26.0,False
906,RS_GCF_900176365.1,Bacteria,Desulfobacterota,Desulfobacteria,Desulfobacterales,Desulfobacteraceae,Desulfobacterium_A,desulfobacterium_a vacuolatum,27.5,True
907,RS_GCF_900221025.1,Bacteria,Proteobacteria,Gammaproteobacteria,Pseudomonadales,Halomonadaceae,Chromohalobacter,chromohalobacter canadensis,29.0,False
908,RS_GCF_900454835.1,Bacteria,Bacteroidota,Bacteroidia,Bacteroidales,Bacteroidaceae,Prevotella,prevotella denticola,34.75,False
909,RS_GCF_900458565.1,Bacteria,Firmicutes,Bacilli,Staphylococcales,Staphylococcaceae,Staphylococcus,staphylococcus equorum,35.25,False
910,RS_GCF_900637185.1,Bacteria,Actinobacteriota,Actinomycetia,Mycobacteriales,Mycobacteriaceae,Nocardia,nocardia asteroides,30.32236842105265,False
911,RS_GCF_902804485.1,Bacteria,Bacteroidota,Bacteroidia,Flavobacteriales,Flavobacteriaceae,Flavobacterium,flavobacterium collinsii,22.0,False
912,GB_GCA_002205125.1,Bacteria,Proteobacteria,Gammaproteobacteria,Burkholderiales,Burkholderiaceae,Mitsuaria,mitsuaria noduli,27.5,True
913,GB_GCA_004340125.1,Bacteria,Firmicutes_A,Clostridia,Oscillospirales,Ruminococcaceae,Harryflintia,harryflintia acetispora,39.0,True
914,GB_GCA_902825215.1,Bacteria,Proteobacteria,Gammaproteobacteria,Pseudomonadales,Pseudomonadaceae,Pseudomonas_E,pseudomonas_e fluorescens_g,30.448,False
915,RS_GCF_000008045.1,Bacteria,Proteobacteria,Alphaproteobacteria,Rickettsiales,Rickettsiaceae,Rickettsia,rickettsia typhi,34.0,True
916,RS_GCF_000008485.1,Bacteria,Proteobacteria,Gammaproteobacteria,Legionellales,Legionellaceae,Legionella,legionella pneumophila,35.7443181818182,True
917,RS_GCF_000008985.1,Bacteria,Proteobacteria,Gammaproteobacteria,Francisellales,Francisellaceae,Francisella,francisella tularensis,36.5,True
918,RS_GCF_000010725.1,Bacteria,Proteobacteria,Alphaproteobacteria,Azospirillales,Azospirillaceae,Azospirillum,azospirillum lipoferum_b,34.889,True
919,RS_GCF_000010985.1,Bacteria,Deferribacterota,Deferribacteres,Deferribacterales,Deferribacteraceae,Deferribacter,deferribacter desulfuricans,61.708333333333336,True
920,RS_GCF_000012365.1,Bacteria,Proteobacteria,Gammaproteobacteria,Burkholderiales,Burkholderiaceae,Burkholderia,burkholderia thailandensis,31.25,False
921,RS_GCF_000012945.1,Bacteria,Proteobacteria,Gammaproteobacteria,Burkholderiales,Burkholderiaceae,Burkholderia,burkholderia lata,33.5,False
922,RS_GCF_000013085.1,Bacteria,Proteobacteria,Alphaproteobacteria,Rhodospirillales,Rhodospirillaceae,Rhodospirillum,rhodospirillum rubrum,27.475,True
923,RS_GCF_000014785.1,Bacteria,Proteobacteria,Gammaproteobacteria,Nitrococcales,Halorhodospiraceae,Alkalilimnicola,alkalilimnicola ehrlichii,31.25,True
924,RS_GCF_000016905.1,Bacteria,Thermotogota,Thermotogae,Thermotogales,Fervidobacteriaceae,Thermosipho,thermosipho melanesiensis,70.0,True
925,RS_GCF_000024425.1,Bacteria,Deinococcota,Deinococci,Deinococcales,Thermaceae,Meiothermus,meiothermus ruber,58.333333333333336,True
926,RS_GCF_000025565.1,Bacteria,Proteobacteria,Gammaproteobacteria,Enterobacterales,Enterobacteriaceae,Enterobacter,enterobacter cloacae,30.1111111111111,True
927,RS_GCF_000155815.1,Bacteria,Bacteroidota,Bacteroidia,Bacteroidales,Bacteroidaceae,Bacteroides,bacteroides eggerthii,34.75,False
928,RS_GCF_000160055.1,Bacteria,Firmicutes_C,Negativicutes,Veillonellales,Dialisteraceae,Dialister,dialister invisus,35.0,True
929,RS_GCF_000162755.2,Bacteria,Proteobacteria,Gammaproteobacteria,Legionellales,Legionellaceae,Legionella,legionella drancourtii,31.0,False
930,RS_GCF_000166395.1,Bacteria,Bacteroidota,Bacteroidia,Cytophagales,Spirosomaceae,Leadbetterella,leadbetterella byssophila,30.667,True
931,RS_GCF_000166715.1,Bacteria,Firmicutes,Bacilli,Lactobacillales,Lactobacillaceae,Leuconostoc,leuconostoc gelidum,17.25,True
932,RS_GCF_000195635.1,Bacteria,Bacteroidota,Bacteroidia,Bacteroidales,Bacteroidaceae,Bacteroides,bacteroides fluxus,34.75,True
933,RS_GCF_000212395.1,Bacteria,Thermodesulfobiota,Thermodesulfobiia,Thermodesulfobiales,Thermodesulfobiaceae,Thermodesulfobium,thermodesulfobium narugense,51.25,True
934,RS_GCF_000235585.1,Bacteria,Firmicutes,Bacilli,Paenibacillales,Paenibacillaceae,Paenibacillus,paenibacillus terrae_b,32.5,True
935,RS_GCF_000238335.3,Bacteria,Proteobacteria,Gammaproteobacteria,Enterobacterales,Alteromonadaceae,Pseudoalteromonas,pseudoalteromonas marina,20.5,True
936,RS_GCF_000258405.1,Bacteria,Bacteroidota,Ignavibacteria,Ignavibacteriales,Ignavibacteriaceae,Ignavibacterium,ignavibacterium album,45.0,True
937,RS_GCF_000260965.1,Bacteria,Proteobacteria,Gammaproteobacteria,Nitrosococcales,Methylophagaceae,Methylophaga,methylophaga frappieri,34.0,True
938,RS_GCF_000295855.1,Bacteria,Actinobacteriota,Actinomycetia,Mycobacteriales,Mycobacteriaceae,Mycobacterium,mycobacterium fortuitum,37.0666666666667,False
939,RS_GCF_000299915.1,Bacteria,Proteobacteria,Gammaproteobacteria,Enterobacterales,Gallaecimonadaceae,Gallaecimonas,gallaecimonas xiamenensis,27.5,True
940,RS_GCF_000299935.1,Bacteria,Proteobacteria,Alphaproteobacteria,Oceanibaculales,Oceanibaculaceae,Oceanibaculum,oceanibaculum indicum,29.75,True
941,RS_GCF_000301075.1,Bacteria,Bacteroidota,Bacteroidia,Flavobacteriales,Weeksellaceae,Bergeyella,bergeyella zoohelcum,32.5,True
942,RS_GCF_000308515.1,Bacteria,Actinobacteriota,Actinomycetia,Mycobacteriales,Mycobacteriaceae,Nocardia,nocardia carnea,29.0,False
943,RS_GCF_000371925.1,Bacteria,Proteobacteria,Gammaproteobacteria,Thiotrichales,Thiotrichaceae,Thiolinea,thiolinea disciformis,27.5,True
944,RS_GCF_000372845.1,Bacteria,Proteobacteria,Alphaproteobacteria,Rhizobiales,Beijerinckiaceae,Methylocystis,methylocystis rosea,27.0,True
945,RS_GCF_000376105.1,Bacteria,Proteobacteria,Alphaproteobacteria,Caulobacterales,Caulobacteraceae,Asticcacaulis,asticcacaulis benevestitus,18.33333333333333,True
946,RS_GCF_000379725.1,Bacteria,Bacteroidota,Bacteroidia,Cytophagales,Cytophagaceae,Cytophaga,cytophaga aurantiaca,24.0,False
947,RS_GCF_000384395.1,Bacteria,Desulfobacterota,Desulfuromonadia,Desulfuromonadales,Geopsychrobacteraceae,Geopsychrobacter,geopsychrobacter electrodiphilus,22.0,True
948,RS_GCF_000416985.1,Bacteria,Bacteroidota,Bacteroidia,Sphingobacteriales,Sphingobacteriaceae,Sphingobacterium,sphingobacterium paucimobilis,31.25,False
949,RS_GCF_000420665.1,Bacteria,Proteobacteria,Alphaproteobacteria,Caulobacterales,Hyphomonadaceae,Ponticaulis,ponticaulis koreensis,33.5,True
950,RS_GCF_000421625.1,Bacteria,Deinococcota,Deinococci,Deinococcales,Thermaceae,Thermus,thermus islandicus,65.0,True
951,RS_GCF_000422085.1,Bacteria,Proteobacteria,Gammaproteobacteria,Enterobacterales,Enterobacteriaceae,Serratia,serratia liquefaciens,26.0,False
952,RS_GCF_000426445.1,Bacteria,Actinobacteriota,Actinomycetia,Actinomycetales,Brevibacteriaceae,Brevibacterium,brevibacterium album,34.0,False
953,RS_GCF_000427095.1,Bacteria,Armatimonadota,Chthonomonadetes,Chthonomonadales,Chthonomonadaceae,Chthonomonas,chthonomonas calidirosea,63.16666666666666,True
954,RS_GCF_000429545.1,Bacteria,Bacteroidota,Bacteroidia,Flavobacteriales,Flavobacteriaceae,Arenibacter,arenibacter certesii,16.0,True
955,RS_GCF_000473325.1,Bacteria,Proteobacteria,Alphaproteobacteria,Rhodobacterales,Rhodobacteraceae,Leisingera,leisingera caerulea,23.0,False
956,RS_GCF_000515255.1,Bacteria,Proteobacteria,Alphaproteobacteria,Kiloniellales,Rhodovibrionaceae,Rhodovibrio,rhodovibrio salinarum,40.0,True
957,RS_GCF_000518085.1,Bacteria,Proteobacteria,Alphaproteobacteria,Rhizobiales_A,Rhizobiaceae_A,Bartonella,bartonella grahamii,36.0,False
958,RS_GCF_000565195.1,Bacteria,Firmicutes,Bacilli,Mycoplasmatales,Mycoplasmataceae,Spiroplasma,spiroplasma mirum,33.5,False
959,RS_GCF_000633935.1,Bacteria,Proteobacteria,Gammaproteobacteria,Ectothiorhodospirales,Ectothiorhodospiraceae,Ectothiorhodospira,ectothiorhodospira haloalkaliphila,45.0,True
960,RS_GCF_000686525.1,Bacteria,Desulfobacterota_I,Desulfovibrionia,Desulfovibrionales,Desulfonatronovibrionaceae,Desulfonatronovibrio,desulfonatronovibrio hydrogenovorans,33.5,True
961,RS_GCF_000718985.1,Bacteria,Actinobacteriota,Actinomycetia,Streptomycetales,Streptomycetaceae,Streptomyces,streptomyces megasporus,45.0,True
962,RS_GCF_000734015.1,Bacteria,Desulfobacterota,Thermodesulfobacteria,Thermodesulfobacteriales,Thermodesulfobacteriaceae,Thermodesulfobacterium,thermodesulfobacterium commune,70.0,True
963,RS_GCF_000757885.1,Bacteria,Firmicutes,Bacilli,Paenibacillales,Paenibacillaceae,Paenibacillus,paenibacillus wynnii,21.0,False
964,RS_GCF_000768345.1,Bacteria,Proteobacteria,Gammaproteobacteria,Xanthomonadales,Xanthomonadaceae,Lysobacter,lysobacter concretionis,27.5,False
965,RS_GCF_000812665.2,Bacteria,Proteobacteria,Alphaproteobacteria,Rhodobacterales,Rhodobacteraceae,Halocynthiibacter_B,halocynthiibacter_b arcticus,21.0,True
966,RS_GCF_000831385.1,Bacteria,Bacteroidota,Bacteroidia,Flavobacteriales,Flavobacteriaceae,Nonlabens,nonlabens marinus,22.5,False
967,RS_GCF_000948975.1,Bacteria,Proteobacteria,Gammaproteobacteria,Enterobacterales,Alteromonadaceae,Thalassomonas,thalassomonas actiniarum,27.5,True
968,RS_GCF_000987075.1,Bacteria,Proteobacteria,Gammaproteobacteria,Burkholderiales,Burkholderiaceae,Burkholderia,burkholderia contaminans,33.0,False
969,RS_GCF_001186155.3,Bacteria,Firmicutes,Bacilli,Bacillales_A,Planococcaceae,Planococcus,planococcus versutus,26.0,False
970,RS_GCF_001262015.1,Bacteria,Bacteroidota,Bacteroidia,Bacteroidales,Bacteroidaceae,Prevotella,prevotella fusca,35.0,False
971,RS_GCF_001263355.1,Bacteria,Firmicutes_A,Clostridia,Eubacteriales,Eubacteriaceae,Acetobacterium,acetobacterium bakii,20.0,False
972,RS_GCF_001267405.1,Bacteria,Firmicutes_B,Moorellia,Moorellales,Moorellaceae,Moorella,moorella thermoacetica,57.576923076923066,True
973,RS_GCF_001437285.1,Bacteria,Firmicutes,Bacilli,Lactobacillales,Lactobacillaceae,Pediococcus,pediococcus pentosaceus,31.604,False
974,RS_GCF_001441615.1,Bacteria,Proteobacteria,Alphaproteobacteria,Rhodobacterales,Rhodobacteraceae,Roseovarius,roseovarius atlanticus,26.5,False
975,RS_GCF_001442535.1,Bacteria,Proteobacteria,Gammaproteobacteria,Xanthomonadales,Xanthomonadaceae,Lysobacter,lysobacter antibioticus,29.0,False
976,RS_GCF_001465545.3,Bacteria,Proteobacteria,Gammaproteobacteria,Burkholderiales,Burkholderiaceae,Pandoraea,pandoraea norimbergensis,29.0,True
977,RS_GCF_001468005.1,Bacteria,Proteobacteria,Gammaproteobacteria,Legionellales,Legionellaceae,Legionella,legionella steelei,35.0,False
978,RS_GCF_001487165.1,Bacteria,Firmicutes_A,Clostridia,Lachnospirales,Lachnospiraceae,Blautia_A,blautia_a massiliensis,40.0,True
979,RS_GCF_001507545.1,Bacteria,Proteobacteria,Alphaproteobacteria,Rhodobacterales,Rhodobacteraceae,Ruegeria,ruegeria profundi,34.0,False
980,RS_GCF_001556865.1,Bacteria,Proteobacteria,Alphaproteobacteria,Sphingomonadales,Sphingomonadaceae,Sphingobium,sphingobium sp001556865,20.0,False
981,RS_GCF_001583415.1,Bacteria,Actinobacteriota,Actinomycetia,Mycobacteriales,Mycobacteriaceae,Mycobacterium,mycobacterium phlei,36.4166666666667,False
982,RS_GCF_001658025.2,Bacteria,Proteobacteria,Gammaproteobacteria,Enterobacterales,Enterobacteriaceae,Kosakonia,kosakonia oryzae,32.5,False
983,RS_GCF_001687665.2,Bacteria,Firmicutes,Bacilli,Bacillales_A,Planococcaceae,Planococcus,planococcus donghaensis,27.5,False
984,RS_GCF_001721645.1,Bacteria,Bacteroidota,Bacteroidia,Sphingobacteriales,Sphingobacteriaceae,Pedobacter,pedobacter steynii_a,26.0,False
985,RS_GCF_001730305.1,Bacteria,Firmicutes,Bacilli,Lactobacillales,Enterococcaceae,Enterococcus,enterococcus termitis,37.5,False
986,RS_GCF_001911425.1,Bacteria,Bacteroidota,Bacteroidia,Sphingobacteriales,Sphingobacteriaceae,Mucilaginibacter,mucilaginibacter polytrichastri,29.0,False
987,RS_GCF_001950255.1,Bacteria,Firmicutes_B,Z-2901,Carboxydothermales,Carboxydothermaceae,Carboxydothermus,carboxydothermus pertinax,65.0,True
988,RS_GCF_002088935.1,Bacteria,Proteobacteria,Alphaproteobacteria,Caulobacterales,Hyphomonadaceae,Henriciella,henriciella litoralis,27.5,False
989,RS_GCF_002091475.1,Bacteria,Proteobacteria,Alphaproteobacteria,Sphingomonadales,Sphingomonadaceae,Sphingomonas,sphingomonas azotifigens,31.0,False
990,RS_GCF_002215585.1,Bacteria,Proteobacteria,Gammaproteobacteria,Enterobacterales,Shewanellaceae,Shewanella,shewanella marisflavi,33.5,False
991,RS_GCF_002216005.1,Bacteria,Firmicutes_D,Natranaerobiia,Natranaerobiales,Natranaerobiaceae,Natranaerobius_A,natranaerobius_a trueperi,52.0,True
992,RS_GCF_002234405.1,Bacteria,Actinobacteriota,Actinomycetia,Mycobacteriales,Pseudonocardiaceae,Amycolatopsis,amycolatopsis thailandensis,31.0,False
993,RS_GCF_002257525.1,Bacteria,Proteobacteria,Gammaproteobacteria,Pseudomonadales,Halomonadaceae,Halomonas,halomonas ventosae_b,32.5,False
994,RS_GCF_002735695.1,Bacteria,Proteobacteria,Gammaproteobacteria,Burkholderiales,Chitinimonadaceae,Chitinimonas,chitinimonas sp002735695,22.0,True
995,RS_GCF_002843425.1,Bacteria,Bacteroidota,Bacteroidia,Cytophagales,Thermonemataceae,Raineya,raineya orbicola,50.0,True
996,RS_GCF_002936955.1,Bacteria,Proteobacteria,Gammaproteobacteria,Enterobacterales,Aeromonadaceae,Oceanisphaera,oceanisphaera arctica,24.0,True
997,RS_GCF_003008535.1,Bacteria,Proteobacteria,Gammaproteobacteria,Burkholderiales,Burkholderiaceae,Ottowia,ottowia oryzae,29.0,False
998,RS_GCF_003012935.1,Bacteria,Proteobacteria,Alphaproteobacteria,Rhizobiales,Stappiaceae,Pannonibacter,pannonibacter carbonis,32.5,False
999,RS_GCF_003014595.1,Bacteria,Bacteroidota,Bacteroidia,Chitinophagales,Chitinophagaceae,Chitinophaga,chitinophaga ginsengisoli,28.5,False
1000,RS_GCF_003025595.1,Bacteria,Proteobacteria,Gammaproteobacteria,Enterobacterales,Vibrionaceae,Photobacterium,photobacterium ganghwense,35.0,False
1001,RS_GCF_003034225.1,Bacteria,Proteobacteria,Alphaproteobacteria,Sphingomonadales,Sphingomonadaceae,Sphingomonas_E,sphingomonas_e fennica,29.25,True
1002,RS_GCF_003044645.1,Bacteria,Proteobacteria,Gammaproteobacteria,Burkholderiales,Neisseriaceae,Neisseria,neisseria subflava_b,36.0,False
1003,RS_GCF_003046315.1,Bacteria,Firmicutes,Bacilli,Thermoactinomycetales,DSM-45169,Desmospora,desmospora activa,40.0,True
1004,RS_GCF_003054245.1,Bacteria,Firmicutes,Bacilli,Thermoactinomycetales,DSM-45169,Melghirimyces,melghirimyces profundicolus,52.5,True
1005,RS_GCF_003074135.1,Bacteria,Actinobacteriota,Actinomycetia,Euzebyales,Euzebyaceae,Euzebya,euzebya tangerina,24.0,True
1006,RS_GCF_003076515.1,Bacteria,Proteobacteria,Gammaproteobacteria,Burkholderiales,Burkholderiaceae,Alcaligenes,alcaligenes aquatilis,29.143,False
1007,RS_GCF_003182475.1,Bacteria,Proteobacteria,Gammaproteobacteria,Enterobacterales,Enterobacteriaceae,Mangrovibacter,mangrovibacter plantisponsor,29.0,True
1008,RS_GCF_003254295.1,Bacteria,Proteobacteria,Alphaproteobacteria,Rhodobacterales,Rhodobacteraceae,Rhodobacter,rhodobacter capsulatus,27.7272727272727,True
1009,RS_GCF_003254625.1,Bacteria,Bacteroidota,Bacteroidia,Flavobacteriales,Flavobacteriaceae,Flavobacterium,flavobacterium ginsenosidimutans,27.5,False
1010,RS_GCF_003258705.1,Bacteria,Bacteroidota,Bacteroidia,Cytophagales,Spirosomaceae,Arcticibacterium,arcticibacterium luteifluviistationis,20.0,True
1011,RS_GCF_003258835.1,Bacteria,Proteobacteria,Alphaproteobacteria,Rhizobiales,Rhodobiaceae,Rhodobium,rhodobium orientis,27.3333333333333,True
1012,RS_GCF_003337415.1,Bacteria,Firmicutes_A,Clostridia,Acetivibrionales,DSM-27016,Anaerobacterium,anaerobacterium chartisolvens,35.0,True
1013,RS_GCF_003337425.1,Bacteria,Proteobacteria,Gammaproteobacteria,Burkholderiales,Burkholderiaceae,Extensimonas,extensimonas vulgaris,48.0,True
1014,RS_GCF_003413745.1,Bacteria,Bacteroidota,Bacteroidia,Flavobacteriales,Flavobacteriaceae,Marixanthomonas,marixanthomonas ophiurae,26.5,True
1015,RS_GCF_003628755.1,Bacteria,Firmicutes_A,Clostridia,Christensenellales,Christensenellaceae,Christensenella,christensenella minuta,38.5,True
1016,RS_GCF_003634345.1,Bacteria,Bacteroidota,Bacteroidia,Bacteroidales,Coprobacteraceae,Coprobacter,coprobacter fastidiosus,35.25,True
1017,RS_GCF_003966655.1,Bacteria,Proteobacteria,Gammaproteobacteria,Acidithiobacillales,Acidithiobacillaceae,Acidithiobacillus,acidithiobacillus ferridurans,29.0,True
1018,RS_GCF_003987345.1,Bacteria,Proteobacteria,Gammaproteobacteria,Enterobacterales,Alteromonadaceae,Aliidiomarina,aliidiomarina shirensis,32.5,False
1019,RS_GCF_003992625.1,Bacteria,Proteobacteria,Alphaproteobacteria,Rhizobiales,Devosiaceae,Pelagibacterium,pelagibacterium lentulum,33.0,True
1020,RS_GCF_004217115.1,Bacteria,Bacteroidota,Bacteroidia,Bacteroidales,Marinifilaceae,Ancylomarina,ancylomarina subtilis,29.0,True
1021,RS_GCF_004340905.1,Bacteria,Proteobacteria,Gammaproteobacteria,Burkholderiales,Burkholderiaceae,Rubrivivax,rubrivivax gelatinosus,27.875,False
1022,RS_GCF_004359615.1,Bacteria,Firmicutes,Bacilli,Staphylococcales,Staphylococcaceae,Macrococcus,macrococcus brunensis,35.0,False
1023,RS_GCF_004366375.1,Bacteria,Firmicutes_F,Halanaerobiia,Halanaerobiales,Halanaerobiaceae,Halanaerobium,halanaerobium congolense,42.0,True
1024,RS_GCF_004684805.1,Bacteria,Actinobacteriota,Actinomycetia,Streptomycetales,Streptomycetaceae,Streptomyces,streptomyces palmae,32.5,False
1025,RS_GCF_005144585.1,Bacteria,Myxococcota,Polyangia,Polyangiales,Polyangiaceae,Polyangium,polyangium fumosum,28.4444444444444,False
1026,RS_GCF_006783905.1,Bacteria,Actinobacteriota,Actinomycetia,Actinomycetales,Microbacteriaceae,Microbacterium,microbacterium kyungheense,27.5,False
1027,RS_GCF_007671675.1,Bacteria,Proteobacteria,Gammaproteobacteria,Pseudomonadales,Oleiphilaceae,Marinobacter,marinobacter maritimus,22.0,False
1028,RS_GCF_007970805.1,Bacteria,Bacteroidota,Bacteroidia,Chitinophagales,Chitinophagaceae,Flavisolibacter,flavisolibacter ginsenosidimutans,27.5,True
1029,RS_GCF_008124615.1,Bacteria,Desulfobacterota,Desulfuromonadia,Desulfuromonadales,Geothermobacteraceae,Geothermobacter,geothermobacter ehrlichii,52.5,True
1030,RS_GCF_008806775.1,Bacteria,Bacteroidota,Bacteroidia,Flavobacteriales,Flavobacteriaceae,Flavobacterium,flavobacterium luteum,20.0,False
1031,RS_GCF_009301415.1,Bacteria,Proteobacteria,Alphaproteobacteria,Rhodobacterales,Rhodobacteraceae,Paracoccus,paracoccus kondratievae,40.0,True
1032,RS_GCF_009696605.1,Bacteria,Firmicutes_A,Clostridia,Tissierellales,Sporanaerobacteraceae,Anaerosalibacter,anaerosalibacter bizertensis,40.0,True
1033,RS_GCF_009811315.1,Bacteria,Proteobacteria,Gammaproteobacteria,Enterobacterales,Vibrionaceae,Vibrio,vibrio atypicus,20.0,False
1034,RS_GCF_009835145.1,Bacteria,Proteobacteria,Alphaproteobacteria,Rhodobacterales,Rhodobacteraceae,Profundibacterium,profundibacterium mesophilum,22.5,True
1035,RS_GCF_010669225.1,Bacteria,Firmicutes_C,Negativicutes,Selenomonadales,Selenomonadaceae,Megamonas,megamonas funiformis,38.0,True
1036,RS_GCF_010686725.1,Bacteria,Actinobacteriota,Actinomycetia,Actinomycetales,Microbacteriaceae,Galbitalea,galbitalea soli,29.0,True
1037,RS_GCF_011762185.1,Bacteria,Bacteroidota,Bacteroidia,Cytophagales,Spirosomaceae,Dyadobacter,dyadobacter arcticus,18.0,True
1038,RS_GCF_013409005.1,Bacteria,Actinobacteriota,Actinomycetia,Actinomycetales,Demequinaceae,Demequina,demequina lutea,22.75,True
1039,RS_GCF_013410655.1,Bacteria,Actinobacteriota,Actinomycetia,Propionibacteriales,Nocardioidaceae,Nocardioides,nocardioides thalensis,33.5,False
1040,RS_GCF_014138045.1,Bacteria,Actinobacteriota,Actinomycetia,Propionibacteriales,Nocardioidaceae,Nocardioides,nocardioides ginsengisegetis,27.5,True
1041,RS_GCF_014199305.1,Bacteria,Proteobacteria,Alphaproteobacteria,Sphingomonadales,Sphingomonadaceae,Sphingomonas,sphingomonas aerophila,29.0,False
1042,RS_GCF_014199415.1,Bacteria,Proteobacteria,Alphaproteobacteria,Sphingomonadales,Sphingomonadaceae,Sphingomonas,sphingomonas endophytica,28.75,False
1043,RS_GCF_014203095.1,Bacteria,Verrucomicrobiota,Verrucomicrobiae,Verrucomicrobiales,Verrucomicrobiaceae,Prosthecobacter,prosthecobacter vanneervenii,26.0,False
1044,RS_GCF_014529945.1,Bacteria,Bacteroidota,Bacteroidia,Chitinophagales,Chitinophagaceae,Chitinophaga,chitinophaga varians,29.0,False
1045,RS_GCF_014635725.1,Bacteria,Bacteroidota,Bacteroidia,Sphingobacteriales,Sphingobacteriaceae,Pedobacter,pedobacter mendelii,20.0,False
1046,RS_GCF_014636935.1,Bacteria,Proteobacteria,Alphaproteobacteria,Rhizobiales,Beijerinckiaceae,Alsobacter,alsobacter metallidurans,27.5,True
1047,RS_GCF_014640255.1,Bacteria,Actinobacteriota,Actinomycetia,Actinomycetales,Microbacteriaceae,Subtercola,subtercola lobariae,20.0,True
1048,RS_GCF_014640335.1,Bacteria,Acidobacteriota,Acidobacteriae,Acidobacteriales,Acidobacteriaceae,Edaphobacter,edaphobacter dinghuensis,30.5,False
1049,RS_GCF_014642735.1,Bacteria,Proteobacteria,Alphaproteobacteria,Rhodobacterales,Rhodobacteraceae,Paracoccus,paracoccus acridae,27.5,False
1050,RS_GCF_014650075.1,Bacteria,Actinobacteriota,Actinomycetia,Streptomycetales,Streptomycetaceae,Streptomyces,streptomyces microflavus,28.25,False
1051,RS_GCF_014650695.1,Bacteria,Actinobacteriota,Actinomycetia,Streptomycetales,Streptomycetaceae,Streptomyces,streptomyces avidinii,27.3333333333333,False
1052,RS_GCF_014652355.1,Bacteria,Proteobacteria,Alphaproteobacteria,Rhodobacterales,Rhodobacteraceae,Gemmobacter,gemmobacter lanyuensis,27.5,False
1053,RS_GCF_014656395.1,Bacteria,Proteobacteria,Alphaproteobacteria,Sphingomonadales,Kordiimonadaceae,Kordiimonas,kordiimonas sediminis,36.0,True
1054,RS_GCF_015645465.1,Bacteria,Proteobacteria,Gammaproteobacteria,Burkholderiales,Burkholderiaceae,Herminiimonas,herminiimonas contaminans,27.5,True
1055,RS_GCF_015999465.1,Bacteria,Proteobacteria,Gammaproteobacteria,Enterobacterales,Enterobacteriaceae,Lonsdalea,lonsdalea populi,32.0,True
1056,RS_GCF_016584085.1,Bacteria,Proteobacteria,Gammaproteobacteria,Chromatiales,Chromatiaceae,Halochromatium,halochromatium glycolicum,25.5,True
1057,RS_GCF_016595415.1,Bacteria,Verrucomicrobiota,Verrucomicrobiae,Verrucomicrobiales,Akkermansiaceae,Roseibacillus,roseibacillus ishigakijimensis,33.5,False
1058,RS_GCF_016889425.1,Bacteria,Actinobacteriota,Actinomycetia,Mycobacteriales,Mycobacteriaceae,Corynebacterium,corynebacterium amycolatum,35.8333333333333,True
1059,RS_GCF_016908315.1,Bacteria,Firmicutes_F,Halanaerobiia,Halobacteroidales,Halobacteroidaceae,Halanaerobacter,halanaerobacter jeridensis,45.0,True
1060,RS_GCF_017255295.1,Bacteria,Proteobacteria,Alphaproteobacteria,Rhizobiales,Rhizobiaceae,Nitratireductor,nitratireductor aquimarinus,32.5,False
1061,RS_GCF_017874355.1,Bacteria,Firmicutes_A,Clostridia,Peptostreptococcales,Filifactoraceae,Acetoanaerobium,acetoanaerobium pronyense,35.0,True
1062,RS_GCF_017875465.1,Bacteria,Proteobacteria,Gammaproteobacteria,Enterobacterales,Enterobacteriaceae,Erwinia,erwinia toletana,28.25,False
1063,RS_GCF_018390645.1,Bacteria,Proteobacteria,Alphaproteobacteria,Rhizobiales,Xanthobacteraceae,Ancylobacter,ancylobacter dichloromethanicus,29.0,False
1064,RS_GCF_018398935.1,Bacteria,Planctomycetota,Planctomycetia,Gemmatales,Gemmataceae,Telmatocola,telmatocola sphagniphila,23.0,True
1065,RS_GCF_018642165.1,Bacteria,Bacteroidota,Bacteroidia,Cytophagales,Cyclobacteriaceae,Echinicola,echinicola shivajiensis,33.5,False
1066,RS_GCF_900070355.1,Bacteria,Actinobacteriota,Actinomycetia,Actinomycetales,Dermabacteraceae,Devriesea,devriesea agamarum,27.5,True
1067,RS_GCF_900092135.1,Bacteria,Actinobacteriota,Actinomycetia,Propionibacteriales,Propionibacteriaceae,Raineyella,raineyella antarctica,26.0,True
1068,RS_GCF_900099995.1,Bacteria,Bacteroidota,Bacteroidia,Flavobacteriales,Flavobacteriaceae,Winogradskyella,winogradskyella thalassocola,21.5,False
1069,RS_GCF_900102345.1,Bacteria,Actinobacteriota,Actinomycetia,Actinomycetales,Microbacteriaceae,Leucobacter,leucobacter chromiiresistens,33.5,True
1070,RS_GCF_900108275.1,Bacteria,Proteobacteria,Alphaproteobacteria,Rhodobacterales,Rhodobacteraceae,Jhaorihella,jhaorihella thermophila,41.0,True
1071,RS_GCF_900111795.1,Bacteria,Firmicutes,Bacilli,Bacillales,Anoxybacillaceae,Anoxybacillus,anoxybacillus pushchinoensis,61.0,True
1072,RS_GCF_900113685.1,Bacteria,Actinobacteriota,Actinomycetia,Propionibacteriales,Nocardioidaceae,Nocardioides,nocardioides psychrotolerans,20.0,False
1073,RS_GCF_900113745.1,Bacteria,Proteobacteria,Gammaproteobacteria,Pseudomonadales,Pseudomonadaceae,Pseudomonas_E,pseudomonas_e guineae,13.0,True
1074,RS_GCF_900115605.1,Bacteria,Firmicutes,Bacilli,Bacillales_D,Amphibacillaceae,Halolactibacillus,halolactibacillus halophilus,33.5,True
1075,RS_GCF_900115755.1,Bacteria,Bacteroidota,Bacteroidia,Chitinophagales,Chitinophagaceae,Parafilimonas,parafilimonas terrae,29.0,True
1076,RS_GCF_900128985.1,Bacteria,Bacteroidota,Bacteroidia,Bacteroidales,Dysgonomonadaceae,Dysgonomonas,dysgonomonas macrotermitis,36.0,True
1077,RS_GCF_900129155.1,Bacteria,Proteobacteria,Gammaproteobacteria,Pseudomonadales,Marinomonadaceae,Marinomonas,marinomonas polaris,22.0,False
1078,RS_GCF_900129825.1,Bacteria,Proteobacteria,Gammaproteobacteria,Nevskiales,Nevskiaceae,Hydrocarboniphaga,hydrocarboniphaga daqingensis,22.5,True
1079,RS_GCF_900141785.1,Bacteria,Bacteroidota,Bacteroidia,Flavobacteriales,Flavobacteriaceae,Aquimarina,aquimarina spongiae,32.5,False
1080,RS_GCF_900156415.1,Bacteria,Bacteroidota,Bacteroidia,Cytophagales,Hymenobacteraceae,Pontibacter,pontibacter lucknowensis,34.0,False
1081,RS_GCF_900156675.1,Bacteria,Proteobacteria,Gammaproteobacteria,Pseudomonadales,DSM-6294,Oleibacter,oleibacter marinus,27.5,True
1082,RS_GCF_900168195.1,Bacteria,Proteobacteria,Alphaproteobacteria,Rhizobiales,Beijerinckiaceae,Bosea,bosea thiooxidans,31.83333333333333,False
1083,RS_GCF_900168345.1,Bacteria,Actinobacteriota,Actinomycetia,Actinomycetales,Microbacteriaceae,Clavibacter,clavibacter michiganensis,27.24166666666665,True
1084,RS_GCF_900176415.1,Bacteria,Bacteroidota,Bacteroidia,Flavobacteriales,Flavobacteriaceae,Cellulophaga,cellulophaga tyrosinoxydans,27.25,True
1085,RS_GCF_900183385.1,Bacteria,Firmicutes,Bacilli,Lactobacillales,Listeriaceae,Listeria,listeria costaricensis,33.5,False
1086,RS_GCF_900454025.1,Bacteria,Actinobacteriota,Actinomycetia,Mycobacteriales,Mycobacteriaceae,Mycobacterium,mycobacterium gilvum,34.2222222222222,False
1087,RS_GCF_900637055.1,Bacteria,Firmicutes,Bacilli,Brevibacillales,Brevibacillaceae,Brevibacillus,brevibacillus brevis,32.5,True
1088,RS_GCF_900637305.1,Bacteria,Proteobacteria,Gammaproteobacteria,Cardiobacteriales,Cardiobacteriaceae,Cardiobacterium,cardiobacterium hominis,35.0,True
1089,RS_GCF_901447495.1,Bacteria,Firmicutes_A,Clostridia,Clostridiales,Clostridiaceae,Haloimpatiens,haloimpatiens lingqiaonensis,43.0,True
1090,GB_GCA_000011445.1,Bacteria,Firmicutes,Bacilli,Mycoplasmatales,Mycoplasmataceae,Mycoplasma,mycoplasma mycoides,37.5,True
1091,GB_GCA_000972765.1,Bacteria,Verrucomicrobiota,Verrucomicrobiae,Opitutales,Opitutaceae,IMCC26134_A,imcc26134_a sp000972765,20.0,True
1092,GB_GCA_001436895.1,Bacteria,Firmicutes,Bacilli,Lactobacillales,Lactobacillaceae,Weissella,weissella confusa,32.75,False
1093,GB_GCA_001557035.1,Bacteria,Proteobacteria,Alphaproteobacteria,Reyranellales,Reyranellaceae,Reyranella,reyranella sp001557035,20.0,False
1094,GB_GCA_003028315.1,Bacteria,Proteobacteria,Gammaproteobacteria,Burkholderiales,Neisseriaceae,Neisseria,neisseria mucosa,21.227,False
1095,GB_GCA_003096615.1,Bacteria,Proteobacteria,Alphaproteobacteria,Rhizobiales,Beijerinckiaceae,Methylobacterium,methylobacterium organophilum,28.667,True
1096,RS_GCF_000011325.1,Bacteria,Actinobacteriota,Actinomycetia,Mycobacteriales,Mycobacteriaceae,Corynebacterium,corynebacterium glutamicum,31.46707142857145,False
1097,RS_GCF_000013405.1,Bacteria,Desulfobacterota,Syntrophia,Syntrophales,Syntrophaceae,Syntrophus,syntrophus aciditrophicus,34.5835,True
1098,RS_GCF_000013905.1,Bacteria,Proteobacteria,Gammaproteobacteria,Pseudomonadales,Moraxellaceae,Psychrobacter,psychrobacter cryohalolentis,24.055555555555568,True
1099,RS_GCF_000014185.1,Bacteria,Actinobacteriota,Rubrobacteria,Rubrobacterales,Rubrobacteraceae,Rubrobacter_B,rubrobacter_b xylanophilus,59.5,True
1100,RS_GCF_000016085.1,Bacteria,Bacteroidota,Chlorobia,Chlorobiales,Chlorobiaceae,Chlorobium,chlorobium phaeovibrioides,32.5,False
1101,RS_GCF_000018885.1,Bacteria,Actinobacteriota,Actinomycetia,Actinomycetales,Micrococcaceae,Renibacterium,renibacterium salmoninarum,15.0,True
1102,RS_GCF_000024805.1,Bacteria,Myxococcota,Polyangia,Haliangiales,Haliangiaceae,Haliangium,haliangium ochraceum,32.0,True
1103,RS_GCF_000025305.1,Bacteria,Firmicutes_C,Negativicutes,Acidaminococcales,Acidaminococcaceae,Acidaminococcus,acidaminococcus fermentans,34.375,True
1104,RS_GCF_000026985.1,Bacteria,Proteobacteria,Gammaproteobacteria,Enterobacterales,Enterobacteriaceae,Erwinia,erwinia pyrifoliae,28.5,False
1105,RS_GCF_000091545.1,Bacteria,Deinococcota,Deinococci,Deinococcales,Thermaceae,Thermus,thermus thermophilus,71.06914285714286,True
1106,RS_GCF_000092225.1,Bacteria,Actinobacteriota,Actinomycetia,Mycobacteriales,Mycobacteriaceae,Tsukamurella,tsukamurella paurometabola,29.2857142857143,True
1107,RS_GCF_000092845.1,Bacteria,Spirochaetota,Brachyspirae,Brachyspirales,Brachyspiraceae,Brachyspira,brachyspira murdochii,39.0,True
1108,RS_GCF_000092985.1,Bacteria,Actinobacteriota,Actinomycetia,Streptosporangiales,Streptosporangiaceae,Nocardiopsis,nocardiopsis dassonvillei,28.6,True
1109,RS_GCF_000147715.2,Bacteria,Thermotogota,Thermotogae,Petrotogales,Kosmotogaceae,Mesotoga,mesotoga prima,41.75,True
1110,RS_GCF_000153205.1,Bacteria,Proteobacteria,Gammaproteobacteria,Nitrococcales,Nitrococcaceae,Nitrococcus,nitrococcus mobilis,27.5,True
1111,RS_GCF_000156215.1,Bacteria,Actinobacteriota,Coriobacteriia,Coriobacteriales,Coriobacteriaceae,Collinsella,collinsella stercoris,34.75,True
1112,RS_GCF_000166295.1,Bacteria,Proteobacteria,Gammaproteobacteria,Pseudomonadales,Oleiphilaceae,Marinobacter,marinobacter adhaerens,36.0,False
1113,RS_GCF_000171615.1,Bacteria,Firmicutes,Bacilli,Bacillales_B,Bacillaceae_K,Bacillus_T,bacillus_t coahuilensis,35.833,True
1114,RS_GCF_000178835.2,Bacteria,Firmicutes_A,Clostridia,Lachnospirales,Cellulosilyticaceae,Cellulosilyticum,cellulosilyticum lentocellum,36.5,False
1115,RS_GCF_000178955.2,Bacteria,Acidobacteriota,Acidobacteriae,Acidobacteriales,Acidobacteriaceae,Granulicella_A,granulicella_a mallensis,25.5,True
1116,RS_GCF_000184685.1,Bacteria,Actinobacteriota,Actinomycetia,Actinomycetales,Dermatophilaceae,Intrasporangium,intrasporangium calvum,34.0,True
1117,RS_GCF_000190435.1,Bacteria,Spirochaetota,Spirochaetia,Sphaerochaetales,Sphaerochaetaceae,Sphaerochaeta,sphaerochaeta globosa,27.9165,True
1118,RS_GCF_000194135.1,Bacteria,Campylobacterota,Desulfurellia,Desulfurellales,Hippeaceae,Hippea,hippea maritima,54.111,True
1119,RS_GCF_000194155.1,Bacteria,Actinobacteriota,Actinomycetia,Mycobacteriales,Pseudonocardiaceae,Saccharopolyspora,saccharopolyspora spinosa,26.0,False
1120,RS_GCF_000194605.1,Bacteria,Bacteroidota,Bacteroidia,Flavobacteriales,Crocinitomicaceae,Fluviicola,fluviicola taffensis,20.0,True
1121,RS_GCF_000213255.1,Bacteria,Firmicutes_A,Clostridia,Mahellales,Mahellaceae,Mahella,mahella australiensis,50.0,True
1122,RS_GCF_000218625.1,Bacteria,Deferribacterota,Deferribacteres,Deferribacterales,Flexistipitaceae,Flexistipes,flexistipes sinusarabici,46.66666666666666,True
1123,RS_GCF_000238375.3,Bacteria,Proteobacteria,Gammaproteobacteria,Enterobacterales,Alteromonadaceae,Pseudoalteromonas,pseudoalteromonas citrea,26.0,False
1124,RS_GCF_000243235.1,Bacteria,Bacteroidota,Bacteroidia,Flavobacteriales,Flavobacteriaceae,Gillisia,gillisia limnaea,20.0,True
1125,RS_GCF_000244975.1,Bacteria,Actinobacteriota,Actinomycetia,Mycobacteriales,Pseudonocardiaceae,Saccharomonospora,saccharomonospora cyanea,32.5,False
1126,RS_GCF_000278135.1,Bacteria,Proteobacteria,Alphaproteobacteria,Rhizobiales_A,Rhizobiaceae_A,Bartonella,bartonella washoeensis,35.0,True
1127,RS_GCF_000295935.2,Bacteria,Bacteroidota,Bacteroidia,Cytophagales,Cyclobacteriaceae,Indibacter,indibacter alkaliphilus,32.625,True
1128,RS_GCF_000298295.1,Bacteria,Bacteroidota,Bacteroidia,Cytophagales,Cyclobacteriaceae,Cecembia,cecembia lonarensis,33.5,True
1129,RS_GCF_000308675.1,Bacteria,Actinobacteriota,Actinomycetia,Mycobacteriales,Mycobacteriaceae,Nocardia,nocardia paucivorans,31.0,True
1130,RS_GCF_000344155.1,Bacteria,Actinobacteriota,Actinomycetia,Mycobacteriales,Mycobacteriaceae,Gordonia,gordonia paraffinivorans,33.5,True
1131,RS_GCF_000373265.1,Bacteria,Bacteroidota,Bacteroidia,Cytophagales,Hymenobacteraceae,Pontibacter,pontibacter roseus,31.167,False
1132,RS_GCF_000374465.1,Bacteria,Proteobacteria,Alphaproteobacteria,Rhizobiales,Rhizobiaceae,Ahrensia,ahrensia kielensis,29.0,True
1133,RS_GCF_000378465.1,Bacteria,Proteobacteria,Alphaproteobacteria,Acetobacterales,Acetobacteraceae,Elioraea,elioraea tepidiphila,48.75,True
1134,RS_GCF_000378485.1,Bacteria,Bacteroidota,Bacteroidia,Flavobacteriales,Flavobacteriaceae,Flavobacterium,flavobacterium rivuli,20.0,False
1135,RS_GCF_000381085.1,Bacteria,Proteobacteria,Gammaproteobacteria,Thiomicrospirales,Thiomicrospiraceae,Thiomicrorhabdus,thiomicrorhabdus arctica,13.0125,True
1136,RS_GCF_000383595.1,Bacteria,Actinobacteriota,Actinomycetia,Streptomycetales,Streptomycetaceae,Streptomyces,streptomyces bottropensis,26.0,False
1137,RS_GCF_000384215.1,Bacteria,Actinobacteriota,Actinomycetia,Mycobacteriales,Pseudonocardiaceae,Amycolatopsis,amycolatopsis alba,26.0,False
1138,RS_GCF_000400955.1,Bacteria,Firmicutes,Bacilli,Mycoplasmatales,Mycoplasmataceae,Spiroplasma,spiroplasma syrphidicola,29.0,False
1139,RS_GCF_000409775.1,Bacteria,Proteobacteria,Gammaproteobacteria,Pseudomonadales,Halomonadaceae,Halomonas_A,halomonas_a anticariensis,32.5,True
1140,RS_GCF_000419585.1,Bacteria,Bacteroidota,Rhodothermia,Rhodothermales,Salinibacteraceae,Salisaeta,salisaeta longa,41.5,True
1141,RS_GCF_000422625.1,Bacteria,Actinobacteriota,Coriobacteriia,Coriobacteriales,Eggerthellaceae,Adlercreutzia,adlercreutzia mucosicola,35.0,True
1142,RS_GCF_000422685.1,Bacteria,Bacteroidota,Bacteroidia,Flavobacteriales,Flavobacteriaceae,Flavobacterium,flavobacterium gelidilacus,20.0,False
1143,RS_GCF_000423645.1,Bacteria,Proteobacteria,Alphaproteobacteria,Rhodobacterales,Rhodobacteraceae,Sediminimonas,sediminimonas qiaohouensis,29.0,True
1144,RS_GCF_000428905.1,Bacteria,Proteobacteria,Gammaproteobacteria,Enterobacterales,Alteromonadaceae,Glaciecola,glaciecola pallidula,10.25,True
1145,RS_GCF_000429045.1,Bacteria,Proteobacteria,Alphaproteobacteria,Rhizobiales,Beijerinckiaceae,Salinarimonas,salinarimonas rosea,29.0,True
1146,RS_GCF_000430545.1,Bacteria,Bacteroidota,Bacteroidia,Flavobacteriales,Flavobacteriaceae,Tenacibaculum,tenacibaculum ovolyticum,15.0,True
1147,RS_GCF_000430825.1,Bacteria,Bacteroidota,Bacteroidia,Flavobacteriales,Weeksellaceae,Chryseobacterium,chryseobacterium daeguense,33.5,False
1148,RS_GCF_000482865.1,Bacteria,Actinobacteriota,Actinomycetia,Mycobacteriales,Pseudonocardiaceae,Actinokineospora,actinokineospora inagensis,24.5,False
1149,RS_GCF_000488215.1,Bacteria,Proteobacteria,Gammaproteobacteria,Pseudomonadales,Moraxellaceae,Acinetobacter,acinetobacter nectaris,27.5,False
1150,RS_GCF_000520975.1,Bacteria,Bacteroidota,Bacteroidia,Flavobacteriales,Flavobacteriaceae,Aquimarina,aquimarina megaterium,29.0,False
1151,RS_GCF_000525915.1,Bacteria,Firmicutes,Bacilli,Lactobacillales,Listeriaceae,Brochothrix,brochothrix campestris,26.0,False
1152,RS_GCF_000600975.2,Bacteria,Proteobacteria,Alphaproteobacteria,Rhodobacterales,Rhodobacteraceae,Limimaricola,limimaricola hongkongensis,27.0,True
1153,RS_GCF_000616095.1,Bacteria,Proteobacteria,Alphaproteobacteria,Sneathiellales,Sneathiellaceae,Sneathiella,sneathiella glossodoripedis,40.0,True
1154,RS_GCF_000682715.1,Bacteria,Proteobacteria,Alphaproteobacteria,Caulobacterales,Hyphomonadaceae,Hyphomonas,hyphomonas atlantica,31.0,False
1155,RS_GCF_000732535.1,Bacteria,Proteobacteria,Gammaproteobacteria,Nevskiales,Salinisphaeraceae,Salinisphaera,salinisphaera hydrothermalis,32.5,False
1156,RS_GCF_000735355.1,Bacteria,Proteobacteria,Gammaproteobacteria,Enterobacterales,Enterobacteriaceae,Buttiauxella,buttiauxella agrestis,29.0,True
1157,RS_GCF_000739915.1,Bacteria,Firmicutes,Bacilli,Paenibacillales,NBRC-103111,Paenibacillus_F,paenibacillus_f chitinolyticus,31.0,True
1158,RS_GCF_000746255.1,Bacteria,Desulfobacterota,Thermodesulfobacteria,Thermodesulfobacteriales,Thermodesulfobacteriaceae,Thermodesulfobacterium,thermodesulfobacterium hydrogeniphilum,72.5,True
1159,RS_GCF_000807925.1,Bacteria,Proteobacteria,Alphaproteobacteria,Sphingomonadales,Sphingomonadaceae,Novosphingobium,novosphingobium subterraneum,20.0,True
1160,RS_GCF_000812965.1,Bacteria,Bacteroidota,Bacteroidia,Sphingobacteriales,Sphingobacteriaceae,Pedobacter,pedobacter kyungheensis,27.5,False
1161,RS_GCF_000819785.1,Bacteria,Proteobacteria,Gammaproteobacteria,Enterobacterales,Aeromonadaceae,Aeromonas,aeromonas caviae,29.39583333333335,False
1162,RS_GCF_000829445.1,Bacteria,Firmicutes,Bacilli,Bacillales_B,Jeotgalibacillaceae,Jeotgalibacillus,jeotgalibacillus alimentarius,32.5,False
1163,RS_GCF_000971275.1,Bacteria,Proteobacteria,Alphaproteobacteria,Rhizobiales,Devosiaceae,Devosia,devosia psychrophila,10.0,True
1164,RS_GCF_000974365.1,Bacteria,Bacteroidota,Bacteroidia,Bacteroidales,Marinilabiliaceae,Geofilum,geofilum rubicundum,33.0,False
1165,RS_GCF_001047375.1,Bacteria,Firmicutes_A,Clostridia,Clostridiales,Caloramatoraceae,Clostridium_AB,clostridium_ab cylindrosporum,42.5,True
1166,RS_GCF_001050135.1,Bacteria,Bacteroidota,Bacteroidia,Cytophagales,Cyclobacteriaceae,Cyclobacterium,cyclobacterium amurskyense,26.0,True
1167,RS_GCF_001311925.1,Bacteria,Firmicutes_A,Clostridia,Lachnospirales,Cellulosilyticaceae,Cellulosilyticum,cellulosilyticum ruminicola,39.0,True
1168,RS_GCF_001401755.1,Bacteria,Bacteroidota,Bacteroidia,Flavobacteriales,Flavobacteriaceae,Aquimarina,aquimarina longa,22.0,True
1169,RS_GCF_001404985.1,Bacteria,Bacteroidota,Bacteroidia,Flavobacteriales,Flavobacteriaceae,Flavobacterium,flavobacterium aquidurense_b,23.5,False
1170,RS_GCF_001437605.1,Bacteria,Firmicutes,Bacilli,Lactobacillales,Lactobacillaceae,Pediococcus,pediococcus argentinicus,40.0,True
1171,RS_GCF_001442805.1,Bacteria,Proteobacteria,Gammaproteobacteria,Xanthomonadales,Xanthomonadaceae,Lysobacter,lysobacter gummosus,20.0,False
1172,RS_GCF_001465345.1,Bacteria,Firmicutes,Bacilli,Lactobacillales,Enterococcaceae,Enterococcus,enterococcus rotai,26.0,False
1173,RS_GCF_001467525.1,Bacteria,Proteobacteria,Gammaproteobacteria,Legionellales,Legionellaceae,Legionella,legionella anisa,38.5,False
1174,RS_GCF_001471585.2,Bacteria,Proteobacteria,Gammaproteobacteria,Enterobacterales,Vibrionaceae,Vibrio,vibrio cholerae,29.25,False
1175,RS_GCF_001514535.1,Bacteria,Nitrospirota,Thermodesulfovibrionia,Thermodesulfovibrionales,Thermodesulfovibrionaceae,Thermodesulfovibrio,thermodesulfovibrio aggregans,60.0,True
1176,RS_GCF_001556185.1,Bacteria,Proteobacteria,Alphaproteobacteria,Sphingomonadales,Sphingomonadaceae,Sphingomonas,sphingomonas sp001556185,20.0,True
1177,RS_GCF_001570885.1,Bacteria,Actinobacteriota,Actinomycetia,Actinomycetales,Micrococcaceae,Micrococcus,micrococcus lylae,32.5,False
1178,RS_GCF_001591265.1,Bacteria,Proteobacteria,Gammaproteobacteria,Pseudomonadales,Moraxellaceae,Moraxella_A,moraxella_a atlantae,35.0,True
1179,RS_GCF_001592045.1,Bacteria,Actinobacteriota,Actinomycetia,Streptosporangiales,Streptosporangiaceae,Thermobifida,thermobifida fusca,50.85,True
1180,RS_GCF_001592935.1,Bacteria,Bacteroidota,Bacteroidia,Cytophagales,Cyclobacteriaceae,Roseivirga,roseivirga echinicomitans,22.0,False
1181,RS_GCF_001613065.1,Bacteria,Actinobacteriota,Actinomycetia,Mycobacteriales,Mycobacteriaceae,Nocardia,nocardia miyunensis,27.0,False
1182,RS_GCF_001613325.1,Bacteria,Actinobacteriota,Actinomycetia,Mycobacteriales,Mycobacteriaceae,Nocardia,nocardia yamanashiensis,32.5,False
1183,RS_GCF_001620365.2,Bacteria,Actinobacteriota,Actinomycetia,Mycobacteriales,Pseudonocardiaceae,Amycolatopsis,amycolatopsis keratiniphila,27.0,False
1184,RS_GCF_001642325.1,Bacteria,Desulfobacterota,Thermodesulfobacteria,Thermodesulfobacteriales,Thermodesulfatatoraceae,Thermodesulfatator,thermodesulfatator autotrophicus,67.5,True
1185,RS_GCF_001643305.1,Bacteria,Proteobacteria,Gammaproteobacteria,Enterobacterales,Aeromonadaceae,Aeromonas,aeromonas salmonicida,22.7,False
1186,RS_GCF_001661495.1,Bacteria,Proteobacteria,Gammaproteobacteria,Enterobacterales,Alteromonadaceae,Pseudoalteromonas,pseudoalteromonas prydzensis,21.75,False
1187,RS_GCF_001748285.1,Bacteria,Chloroflexota,Ktedonobacteria,Ktedonobacterales,Ktedonobacteraceae,Thermogemmatispora,thermogemmatispora onikobensis,62.5,True
1188,RS_GCF_001758785.1,Bacteria,Proteobacteria,Gammaproteobacteria,Burkholderiales,Burkholderiaceae,Duganella,duganella phyllosphaerae,29.0,True
1189,RS_GCF_001832905.1,Bacteria,Firmicutes,Bacilli,Lactobacillales,Streptococcaceae,Floricoccus,floricoccus tropicus,33.5,False
1190,RS_GCF_001886815.1,Bacteria,Calditrichota,Calditrichia,Calditrichales,Calditrichaceae,Caldithrix,caldithrix abyssi,60.0,True
1191,RS_GCF_001888185.1,Bacteria,Proteobacteria,Alphaproteobacteria,Rhodobacterales,Rhodobacteraceae,Phaeobacter,phaeobacter porticola,24.0,False
1192,RS_GCF_001894925.1,Bacteria,Actinobacteriota,Actinomycetia,Mycobacteriales,Mycobacteriaceae,Rhodococcus,rhodococcus rhodnii,29.0,False
1193,RS_GCF_001975785.1,Bacteria,Firmicutes,Bacilli,Bacillales_B,Domibacillaceae,Domibacillus,domibacillus epiphyticus,37.5,True
1194,RS_GCF_001982615.1,Bacteria,Proteobacteria,Alphaproteobacteria,Acetobacterales,Acetobacteraceae,Roseomonas,roseomonas deserti,32.5,False
1195,RS_GCF_001983995.1,Bacteria,Proteobacteria,Gammaproteobacteria,Pseudomonadales,Halieaceae,Halioglobus,halioglobus japonicus,22.5,False
1196,RS_GCF_001990485.1,Bacteria,Thermotogota,Thermotogae,Thermotogales,Fervidobacteriaceae,Thermosipho,thermosipho affectus,70.0,True
1197,RS_GCF_002101675.1,Bacteria,Actinobacteriota,Actinomycetia,Mycobacteriales,Mycobacteriaceae,Mycobacterium,mycobacterium gordonae,35.0,False
1198,RS_GCF_002209445.1,Bacteria,Bacteroidota,Bacteroidia,Flavobacteriales,Flavobacteriaceae,Capnocytophaga,capnocytophaga endodontalis,35.0,False
1199,RS_GCF_002217655.1,Bacteria,Firmicutes,Bacilli,Bacillales,Anoxybacillaceae,Geobacillus,geobacillus thermocatenulatus,61.66666666666666,True
1200,RS_GCF_002499975.2,Bacteria,Proteobacteria,Gammaproteobacteria,Enterobacterales,Alteromonadaceae,Alteromonas,alteromonas pelagimontana,35.0,False
1201,RS_GCF_002514735.1,Bacteria,Bacteroidota,Bacteroidia,Flavobacteriales,Flavobacteriaceae,Sediminicola_A,sediminicola_a luteus,20.0,True
1202,RS_GCF_002563695.1,Bacteria,Actinobacteriota,Actinomycetia,Actinomycetales,Actinomycetaceae,Georgenia,georgenia soli,27.5,True
1203,RS_GCF_002760435.1,Bacteria,Firmicutes_A,Clostridia,Clostridiales,Clostridiaceae,Clostridium,clostridium sp002760435,50.0,True
1204,RS_GCF_002846575.1,Bacteria,Bacteroidota,Bacteroidia,Flavobacteriales,Flavobacteriaceae,Flavobacterium,flavobacterium lindanitolerans,29.4,False
1205,RS_GCF_002847345.1,Bacteria,Proteobacteria,Gammaproteobacteria,Enterobacterales,Enterobacteriaceae,Pectobacterium,pectobacterium peruviense,26.5,True
1206,RS_GCF_002874775.1,Bacteria,Firmicutes_A,Clostridia,Monoglobales,Monoglobaceae,Monoglobus,monoglobus pectinilyticus,35.0,True
1207,RS_GCF_002909235.1,Bacteria,Bacteroidota,Bacteroidia,Flavobacteriales,Flavobacteriaceae,Arenibacter,arenibacter catalasegens,22.5,False
1208,RS_GCF_002964975.1,Bacteria,Bacteroidota,Bacteroidia,Flavobacteriales,Weeksellaceae,Apibacter,apibacter adventoris,32.5,False
1209,RS_GCF_002980555.1,Bacteria,Proteobacteria,Alphaproteobacteria,Rhizobiales_A,Rhizobiaceae_A,Phyllobacterium,phyllobacterium myrsinacearum,26.0,True
1210,RS_GCF_003026395.1,Bacteria,Proteobacteria,Gammaproteobacteria,Enterobacterales,Vibrionaceae,Photobacterium,photobacterium iliopiscarium,18.3333333333333,True
1211,RS_GCF_003030465.1,Bacteria,Proteobacteria,Gammaproteobacteria,Burkholderiales,Rhodocyclaceae,Thauera,thauera aromatica,29.6,True
1212,RS_GCF_003046185.1,Bacteria,Proteobacteria,Alphaproteobacteria,Rhizobiales,Phreatobacteraceae,Phreatobacter,phreatobacter oligotrophus,31.0,True
1213,RS_GCF_003073135.1,Bacteria,Actinobacteriota,Actinomycetia,Euzebyales,Euzebyaceae,Euzebya,euzebya rosea,27.5,False
1214,RS_GCF_003254055.1,Bacteria,Bacteroidota,Bacteroidia,Cytophagales,Cyclobacteriaceae,Algoriphagus,algoriphagus chordae,24.0,False
1215,RS_GCF_003350505.1,Bacteria,Firmicutes,Bacilli,Bacillales_B,DSM-25281,Falsibacillus,falsibacillus pallidus,33.5,True
1216,RS_GCF_003353085.1,Bacteria,Proteobacteria,Gammaproteobacteria,Enterobacterales,Shewanellaceae,Shewanella,shewanella corallii,26.0,False
1217,RS_GCF_003574035.1,Bacteria,Deinococcota,Deinococci,Deinococcales,Thermaceae,Meiothermus,meiothermus hypogaeus,50.0,True
1218,RS_GCF_003633715.1,Bacteria,Aquificota,Desulfurobacteriia,Desulfurobacteriales,Desulfurobacteriaceae,Thermovibrio,thermovibrio guaymasensis,76.25,True
1219,RS_GCF_003710865.1,Bacteria,Firmicutes,Bacilli,Brevibacillales,Brevibacillaceae,Brevibacillus,brevibacillus borstelensis,37.91666666666665,False
1220,RS_GCF_003788635.1,Bacteria,Proteobacteria,Gammaproteobacteria,Nevskiales,Salinisphaeraceae,Salinisphaera,salinisphaera orenii,36.0,False
1221,RS_GCF_003860565.1,Bacteria,Bacteroidota,Bacteroidia,Flavobacteriales,Weeksellaceae,Cloacibacterium,cloacibacterium normanense,35.0,True
1222,RS_GCF_003932505.1,Bacteria,Proteobacteria,Gammaproteobacteria,Thiohalobacterales,Thiohalobacteraceae,Thiohalobacter,thiohalobacter thiocyanaticus,32.0,True
1223,RS_GCF_003985125.1,Bacteria,Proteobacteria,Alphaproteobacteria,Rhizobiales,Rhizobiaceae,Rhizobium,rhizobium phaseoli,27.8,False
1224,RS_GCF_003987275.1,Bacteria,Proteobacteria,Gammaproteobacteria,Enterobacterales,Alteromonadaceae,Idiomarina,idiomarina seosinensis,32.5,False
1225,RS_GCF_004346195.1,Bacteria,Proteobacteria,Alphaproteobacteria,Rhizobiales,Tepidamorphaceae,Tepidamorphus,tepidamorphus gemmatus,48.75,True
1226,RS_GCF_004354915.1,Bacteria,Proteobacteria,Alphaproteobacteria,Rhizobiales,Rhizobiaceae,Pseudohoeflea,pseudohoeflea suaedae,33.5,True
1227,RS_GCF_004359545.1,Bacteria,Firmicutes,Bacilli,Staphylococcales,Staphylococcaceae,Macrococcus,macrococcus lamae,35.0,True
1228,RS_GCF_004366355.1,Bacteria,Bacteroidota,Bacteroidia,Chitinophagales,Chitinophagaceae,Dinghuibacter,dinghuibacter silviterrae,29.0,True
1229,RS_GCF_004366715.1,Bacteria,Bacteroidota,Bacteroidia,Flavobacteriales,Flavobacteriaceae,Meridianimaribacter,meridianimaribacter flavus,33.5,True
1230,RS_GCF_004923255.1,Bacteria,Actinobacteriota,Actinomycetia,Actinomycetales,Microbacteriaceae,Subtercola,subtercola vilae,12.5,True
1231,RS_GCF_006716675.1,Bacteria,Actinobacteriota,Actinomycetia,Actinomycetales,Dermatophilaceae,Humibacillus,humibacillus xanthopallidus,29.5,True
1232,RS_GCF_006742205.1,Bacteria,Firmicutes,Bacilli,Staphylococcales,Staphylococcaceae,Staphylococcus,staphylococcus epidermidis,33.36010144927537,True
1233,RS_GCF_007556595.1,Bacteria,Proteobacteria,Gammaproteobacteria,Burkholderiales,Burkholderiaceae,Tepidimonas,tepidimonas alkaliphilus,45.0,True
1234,RS_GCF_007681555.1,Bacteria,Actinobacteriota,Actinomycetia,Actinomycetales,Micrococcaceae,Kocuria,kocuria salsicia,33.5,False
1235,RS_GCF_007830115.1,Bacteria,Proteobacteria,Gammaproteobacteria,Xanthomonadales,Xanthomonadaceae,Lysobacter,lysobacter ruishenii,29.0,False
1236,RS_GCF_007997135.1,Bacteria,Bacteroidota,Bacteroidia,Flavobacteriales,Flavobacteriaceae,Aequorivita,aequorivita lipolytica,20.0,False
1237,RS_GCF_007997225.1,Bacteria,Bacteroidota,Bacteroidia,Flavobacteriales,Flavobacteriaceae,Subsaximicrobium,subsaximicrobium wynnwilliamsii,10.5,True
1238,RS_GCF_008124875.1,Bacteria,Bacteroidota,Bacteroidia,Flavobacteriales,Flavobacteriaceae,Tenacibaculum,tenacibaculum adriaticum,22.0,False
1239,RS_GCF_010093385.1,Bacteria,Proteobacteria,Gammaproteobacteria,Xanthomonadales,Xanthomonadaceae,Pseudoxanthomonas_A,pseudoxanthomonas_a mexicana,26.75,False
1240,RS_GCF_010671595.1,Bacteria,Bacteroidota,Bacteroidia,Flavobacteriales,Flavobacteriaceae,Muriicola,muriicola jejuensis,27.5,False
1241,RS_GCF_010730355.1,Bacteria,Actinobacteriota,Actinomycetia,Mycobacteriales,Mycobacteriaceae,Mycobacterium,mycobacterium florentinum,31.0,False
1242,RS_GCF_011207455.1,Bacteria,Desulfobacterota,Thermodesulfobacteria,Thermodesulfobacteriales,ST65,Thermosulfuriphilus,thermosulfuriphilus ammonigenes,65.0,True
1243,RS_GCF_013131805.1,Bacteria,Actinobacteriota,Actinomycetia,Propionibacteriales,Kribbellaceae,Kribbella,kribbella sandramycini,27.5,False
1244,RS_GCF_013249045.1,Bacteria,Bacteroidota,Bacteroidia,Flavobacteriales,Flavobacteriaceae,Winogradskyella,winogradskyella eckloniae,22.5,False
1245,RS_GCF_014138435.1,Bacteria,Proteobacteria,Alphaproteobacteria,Rhizobiales,Beijerinckiaceae,Methylobacterium,methylobacterium fujisawaense,27.0,False
1246,RS_GCF_014195545.1,Bacteria,Proteobacteria,Alphaproteobacteria,Rhodobacterales,Rhodobacteraceae,Limimaricola,limimaricola variabilis,36.0,False
1247,RS_GCF_014195655.1,Bacteria,Proteobacteria,Alphaproteobacteria,Rhizobiales,Xanthobacteraceae,Angulomicrobium,angulomicrobium tetraedrale,29.0,True
1248,RS_GCF_014197145.1,Bacteria,Proteobacteria,Alphaproteobacteria,Rhizobiales,Rhizobiaceae,Gellertiella,gellertiella hungarica,28.5,True
1249,RS_GCF_014230145.1,Bacteria,Verrucomicrobiota,Verrucomicrobiae,Opitutales,Opitutaceae,Pelagicoccus,pelagicoccus albus,26.0,True
1250,RS_GCF_014395425.1,Bacteria,Proteobacteria,Gammaproteobacteria,Xanthomonadales,Xanthomonadaceae,Thermomonas,thermomonas brevis,32.5,True
1251,RS_GCF_014637345.1,Bacteria,Firmicutes,Bacilli,Thermoactinomycetales,DSM-45169,Kroppenstedtia,kroppenstedtia guangzhouensis,50.0,True
1252,RS_GCF_014639235.1,Bacteria,Firmicutes,Bacilli,Paenibacillales,Paenibacillaceae,Paenibacillus,paenibacillus silvae,33.5,False
1253,RS_GCF_014641715.1,Bacteria,Proteobacteria,Gammaproteobacteria,Burkholderiales,Burkholderiaceae,Polaromonas,polaromonas eurypsychrophila,15.0,True
1254,RS_GCF_014647535.1,Bacteria,Deinococcota,Deinococci,Deinococcales,Thermaceae,Thermus,thermus composti,70.0,True
1255,RS_GCF_014651675.1,Bacteria,Verrucomicrobiota,Verrucomicrobiae,Verrucomicrobiales,Akkermansiaceae,Roseibacillus,roseibacillus persicicus,33.5,True
1256,RS_GCF_014654615.1,Bacteria,Actinobacteriota,Actinomycetia,Streptosporangiales,Streptosporangiaceae,Streptosporangium,streptosporangium violaceochromogenes,33.5,True
1257,RS_GCF_016406325.1,Bacteria,Proteobacteria,Gammaproteobacteria,Enterobacterales,Shewanellaceae,Shewanella,shewanella putrefaciens,26.875,False
1258,RS_GCF_016908145.1,Bacteria,Thermotogota,Thermotogae,Petrotogales,Petrotogaceae,Marinitoga,marinitoga litoralis,60.0,True
1259,RS_GCF_016919245.1,Bacteria,Actinobacteriota,Actinomycetia,Streptomycetales,Streptomycetaceae,Streptomyces,streptomyces zhihengii,27.5,False
1260,RS_GCF_018326425.1,Bacteria,Firmicutes,Bacilli,Thermoactinomycetales,JIR-001,Polycladomyces,polycladomyces abyssicola,57.5,True
1261,RS_GCF_900091515.1,Bacteria,Actinobacteriota,Actinomycetia,Mycobacteriales,Micromonosporaceae,Micromonospora,micromonospora purpureochromogenes,27.0,False
1262,RS_GCF_900099735.1,Bacteria,Actinobacteriota,Actinomycetia,Actinomycetales,Micrococcaceae,Arthrobacter_D,arthrobacter_d subterraneus,15.0,True
1263,RS_GCF_900100155.1,Bacteria,Proteobacteria,Alphaproteobacteria,Rhizobiales,Xanthobacteraceae,Ancylobacter,ancylobacter rudongensis,29.0,False
1264,RS_GCF_900101475.1,Bacteria,Proteobacteria,Alphaproteobacteria,Rhodobacterales,Rhodobacteraceae,Ruegeria_B,ruegeria_b marina,36.0,True
1265,RS_GCF_900102465.1,Bacteria,Proteobacteria,Alphaproteobacteria,Thalassobaculales,Thalassobaculaceae,Thalassobaculum,thalassobaculum litoreum,31.6665,True
1266,RS_GCF_900102695.1,Bacteria,Proteobacteria,Alphaproteobacteria,Rhizobiales,Afifellaceae,Afifella,afifella marina,26.41666666666665,False
1267,RS_GCF_900102925.1,Bacteria,Bacteroidota,Bacteroidia,Flavobacteriales,Flavobacteriaceae,Muricauda,muricauda zhangzhouensis,26.5,True
1268,RS_GCF_900107015.1,Bacteria,Proteobacteria,Alphaproteobacteria,Rhodobacterales,Rhodobacteraceae,Litoreibacter,litoreibacter albidus,26.5,True
1269,RS_GCF_900109855.1,Bacteria,Proteobacteria,Alphaproteobacteria,Rhodobacterales,Rhodobacteraceae,Roseovarius,roseovarius tolerans,20.0,False
1270,RS_GCF_900110875.1,Bacteria,Proteobacteria,Alphaproteobacteria,Rhizobiales,Stappiaceae,Pseudovibrio,pseudovibrio axinellae,24.0,False
1271,RS_GCF_900111145.1,Bacteria,Bacteroidota,Bacteroidia,Cytophagales,Cyclobacteriaceae,Fabibacter,fabibacter pacificus,35.75,True
1272,RS_GCF_900114265.1,Bacteria,Bacteroidota,Bacteroidia,Flavobacteriales,Flavobacteriaceae,Flaviramulus,flaviramulus basaltis,20.075,True
1273,RS_GCF_900115705.1,Bacteria,Proteobacteria,Gammaproteobacteria,Xanthomonadales,Rhodanobacteraceae,Frateuria_A,frateuria_a terrea,33.0,True
1274,RS_GCF_900129465.1,Bacteria,Bacteroidota,Bacteroidia,Chitinophagales,Chitinophagaceae,Chitinophaga,chitinophaga niabensis,29.0,False
1275,RS_GCF_900129555.1,Bacteria,Bacteroidota,Bacteroidia,Flavobacteriales,Flavobacteriaceae,Flavobacterium,flavobacterium defluvii,27.5,False
1276,RS_GCF_900130025.1,Bacteria,Firmicutes_A,Clostridia,Tissierellales,Sporanaerobacteraceae,Sporanaerobacter,sporanaerobacter acetigenes,40.0,True
1277,RS_GCF_900142695.1,Bacteria,Bacteroidota,Bacteroidia,Flavobacteriales,Flavobacteriaceae,Flavobacterium,flavobacterium xanthum,15.0,True
1278,RS_GCF_900143265.1,Bacteria,Thermotogota,Thermotogae,Thermotogales,Fervidobacteriaceae,Fervidobacterium,fervidobacterium gondwanense,66.0,True
1279,RS_GCF_900156125.1,Bacteria,Firmicutes,Bacilli,Bacillales_B,Domibacillaceae,Domibacillus,domibacillus enclensis,29.0,False
1280,RS_GCF_900156755.1,Bacteria,Firmicutes,Bacilli,Alicyclobacillales,Alicyclobacillaceae,Alicyclobacillus,alicyclobacillus vulcanalis,55.0,True
1281,RS_GCF_900187065.1,Bacteria,Actinobacteriota,Actinomycetia,Mycobacteriales,Mycobacteriaceae,Mycobacterium,mycobacterium thermoresistibile,41.0,True
1282,RS_GCF_900187885.1,Bacteria,Chloroflexota,Anaerolineae,Thermoflexales,Thermoflexaceae,Thermoflexus,thermoflexus hugenholtzii,73.75,True
1283,RS_GCF_900215605.1,Bacteria,Proteobacteria,Alphaproteobacteria,Rhizobiales,Cohaesibacteraceae,Cohaesibacter,cohaesibacter gelatinilyticus,27.0835,True
1284,RS_GCF_900460955.1,Bacteria,Proteobacteria,Gammaproteobacteria,Cardiobacteriales,Cardiobacteriaceae,Cardiobacterium,cardiobacterium valvarum,36.0,False
1285,GB_GCA_001513155.1,Bacteria,Firmicutes_B,Syntrophomonadia,Syntrophomonadales,Syntrophomonadaceae,DTU018,dtu018 sp001513155,55.0,True
1286,GB_GCA_008868125.1,Bacteria,Actinobacteriota,Actinomycetia,Actinomycetales,Microbacteriaceae,Microbacterium,microbacterium maritypicum,26.0,False
1287,GB_GCA_900112395.1,Bacteria,Bacteroidota,Bacteroidia,Flavobacteriales,Flavobacteriaceae,Algibacter,algibacter lectus,22.0,True
1288,GB_GCA_900455155.1,Bacteria,Proteobacteria,Gammaproteobacteria,Enterobacterales,Enterobacteriaceae,Providencia,providencia stuartii,35.5,False
1289,RS_GCF_000011065.1,Bacteria,Bacteroidota,Bacteroidia,Bacteroidales,Bacteroidaceae,Bacteroides,bacteroides thetaiotaomicron,32.5,False
1290,RS_GCF_000013025.1,Bacteria,Proteobacteria,Alphaproteobacteria,Caulobacterales,Hyphomonadaceae,Hyphomonas,hyphomonas neptunium,26.0,True
1291,RS_GCF_000015285.1,Bacteria,Proteobacteria,Gammaproteobacteria,Enterobacterales,Psychromonadaceae,Psychromonas,psychromonas ingrahamii,8.5,True
1292,RS_GCF_000017425.1,Bacteria,Firmicutes,Bacilli,Bacillales,Bacillaceae_G,Bacillus_A,bacillus_a cytotoxicus,33.5,False
1293,RS_GCF_000020785.1,Bacteria,Aquificota,Aquificae,Aquificales,Hydrogenobaculaceae,Hydrogenobaculum,hydrogenobaculum sp000020785,58.0,True
1294,RS_GCF_000021925.1,Bacteria,Firmicutes_B,Desulfitobacteriia,Desulfitobacteriales,Desulfitobacteriaceae,Desulfitobacterium,desulfitobacterium hafniense,36.1875,False
1295,RS_GCF_000023825.1,Bacteria,Bacteroidota,Bacteroidia,Sphingobacteriales,Sphingobacteriaceae,Pedobacter,pedobacter heparinus,27.5,False
1296,RS_GCF_000023865.1,Bacteria,Actinobacteriota,Actinomycetia,Mycobacteriales,Pseudonocardiaceae,Saccharomonospora,saccharomonospora viridis,48.75,True
1297,RS_GCF_000024765.1,Bacteria,Proteobacteria,Gammaproteobacteria,Halothiobacillales,Halothiobacillaceae,Halothiobacillus,halothiobacillus neapolitanus,32.14285714285715,True
1298,RS_GCF_000025605.1,Bacteria,Aquificota,Aquificae,Aquificales,Aquificaceae,Thermocrinis,thermocrinis albus,80.33333333333333,True
1299,RS_GCF_000092425.1,Bacteria,Deinococcota,Deinococci,Deinococcales,Trueperaceae,Truepera,truepera radiovictrix,50.0,True
1300,RS_GCF_000143765.1,Bacteria,Bacteroidota,Bacteroidia,Sphingobacteriales,Sphingobacteriaceae,Sphingobacterium,sphingobacterium spiritivorum,29.0,True
1301,RS_GCF_000146065.2,Bacteria,Cloacimonadota,Cloacimonadia,Cloacimonadales,Cloacimonadaceae,Cloacimonas,cloacimonas acidaminovorans,40.5,True
1302,RS_GCF_000184705.1,Bacteria,Firmicutes_E,Thermaerobacteria,Thermaerobacterales,Thermaerobacteraceae,Thermaerobacter,thermaerobacter marianensis,74.16666666666667,True
1303,RS_GCF_000186265.1,Bacteria,Bacteroidota,Bacteroidia,Flavobacteriales,Flavobacteriaceae,Cellulophaga,cellulophaga algicola,18.33333333333333,True
1304,RS_GCF_000186325.1,Bacteria,Actinobacteriota,Actinomycetia,Mycobacteriales,Mycobacteriaceae,Dietzia,dietzia cinnamea_a,35.167,False
1305,RS_GCF_000195955.2,Bacteria,Actinobacteriota,Actinomycetia,Mycobacteriales,Mycobacteriaceae,Mycobacterium,mycobacterium tuberculosis,36.905,False
1306,RS_GCF_000196615.1,Bacteria,Proteobacteria,Gammaproteobacteria,Enterobacterales,Enterobacteriaceae,Erwinia,erwinia billingiae,29.0,False
1307,RS_GCF_000210095.1,Bacteria,Firmicutes_A,Clostridia,Oscillospirales,Ruminococcaceae,Ruminococcus_F,ruminococcus_f champanellensis,39.333,True
1308,RS_GCF_000212735.1,Bacteria,Bacteroidota,Bacteroidia,Chitinophagales,Saprospiraceae,Haliscomenobacter,haliscomenobacter hydrossis,26.0,True
1309,RS_GCF_000219215.1,Bacteria,Proteobacteria,Gammaproteobacteria,Burkholderiales,Burkholderiaceae,Cupriavidus,cupriavidus necator,29.325,False
1310,RS_GCF_000222585.1,Bacteria,Proteobacteria,Gammaproteobacteria,Enterobacterales,Vibrionaceae,Vibrio,vibrio scophthalmi,26.0,False
1311,RS_GCF_000223985.1,Bacteria,Proteobacteria,Gammaproteobacteria,Chromatiales,Chromatiaceae,Thiocapsa,thiocapsa marina,29.0,True
1312,RS_GCF_000242715.1,Bacteria,Actinobacteriota,Actinomycetia,Streptomycetales,Streptomycetaceae,Streptomyces,streptomyces acidiscabies,27.0,False
1313,RS_GCF_000243395.2,Bacteria,Actinobacteriota,Actinomycetia,Mycobacteriales,Pseudonocardiaceae,Saccharomonospora,saccharomonospora glauca,47.66666666666666,True
1314,RS_GCF_000245015.1,Bacteria,Proteobacteria,Gammaproteobacteria,Beggiatoales,Beggiatoaceae,Beggiatoa,beggiatoa alba,29.3333333333333,True
1315,RS_GCF_000270185.1,Bacteria,Firmicutes,Bacilli,Lactobacillales,Enterococcaceae,Melissococcus,melissococcus plutonius,30.667,True
1316,RS_GCF_000279145.1,Bacteria,Bacteroidota,Ignavibacteria,Ignavibacteriales,Melioribacteraceae,Melioribacter,melioribacter roseus,55.0,True
1317,RS_GCF_000284615.1,Bacteria,Proteobacteria,Gammaproteobacteria,Pseudomonadales,Oleiphilaceae,Marinobacter,marinobacter hydrocarbonoclasticus,29.49983333333335,False
1318,RS_GCF_000285555.1,Bacteria,Firmicutes,Bacilli,Bacillales_A,Planococcaceae,Kurthia,kurthia massiliensis,37.25,True
1319,RS_GCF_000296465.1,Bacteria,Bacteroidota,Bacteroidia,Bacteroidales,Barnesiellaceae,Barnesiella,barnesiella intestinihominis,34.75,True
1320,RS_GCF_000299335.2,Bacteria,Proteobacteria,Gammaproteobacteria,Pseudomonadales,Alcanivoracaceae,Alcanivorax_A,alcanivorax_a pacificus,24.5,True
1321,RS_GCF_000306945.1,Bacteria,Proteobacteria,Gammaproteobacteria,Burkholderiales,Burkholderiaceae,Bordetella,bordetella pertussis,36.0,True
1322,RS_GCF_000331005.1,Bacteria,Actinobacteriota,Actinomycetia,Streptomycetales,Streptomycetaceae,Streptomyces,streptomyces turgidiscabies,29.0,False
1323,RS_GCF_000332875.2,Bacteria,Firmicutes_A,Clostridia,Lachnospirales,Lachnospiraceae,Anaerostipes,anaerostipes hadrus,40.0,True
1324,RS_GCF_000347775.1,Bacteria,Proteobacteria,Gammaproteobacteria,Pseudomonadales,Oleiphilaceae,Marinobacter,marinobacter santoriniensis,37.25,False
1325,RS_GCF_000348685.1,Bacteria,Bacteroidota,Bacteroidia,Flavobacteriales,Flavobacteriaceae,Xanthomarina,xanthomarina gelatinilytica,32.5,True
1326,RS_GCF_000374105.1,Bacteria,Proteobacteria,Gammaproteobacteria,Enterobacterales,Kangiellaceae,Kangiella,kangiella aquimarina,33.5,False
1327,RS_GCF_000378105.1,Bacteria,Verrucomicrobiota,Verrucomicrobiae,Verrucomicrobiales,Akkermansiaceae,Rubritalea,rubritalea marina,27.5,True
1328,RS_GCF_000381125.1,Bacteria,Proteobacteria,Gammaproteobacteria,Burkholderiales,Burkholderiaceae,Caldimonas,caldimonas manganoxidans,51.25,True
1329,RS_GCF_000382365.1,Bacteria,Proteobacteria,Alphaproteobacteria,Rhizobiales,Stappiaceae,Pannonibacter,pannonibacter phragmitetus,33.0,True
1330,RS_GCF_000420325.1,Bacteria,Proteobacteria,Gammaproteobacteria,Pseudomonadales,Spongiibacteraceae,Spongiibacter,spongiibacter tropicus,32.5,True
1331,RS_GCF_000421585.1,Bacteria,Desulfobacterota,Thermodesulfobacteria,Thermodesulfobacteriales,Thermodesulfatatoraceae,Thermodesulfatator,thermodesulfatator atlanticus,68.33333333333333,True
1332,RS_GCF_000422245.1,Bacteria,Desulfobacterota_I,Desulfovibrionia,Desulfovibrionales,Desulfovibrionaceae,Desulfohalovibrio,desulfohalovibrio alkalitolerans,43.0,True
1333,RS_GCF_000422285.1,Bacteria,Desulfobacterota,DSM-4660,Desulfatiglandales,Desulfatiglandaceae,Desulfatiglans,desulfatiglans anilini,35.0,True
1334,RS_GCF_000423025.1,Bacteria,Actinobacteriota,Actinomycetia,Mycobacteriales,Mycobacteriaceae,Gordonia,gordonia shandongensis,28.5,False
1335,RS_GCF_000424685.1,Bacteria,Proteobacteria,Gammaproteobacteria,Methylococcales,Methylococcaceae,Methylococcus,methylococcus capsulatus,43.66666666666665,True
1336,RS_GCF_000463115.2,Bacteria,Proteobacteria,Gammaproteobacteria,Enterobacterales,Enterobacteriaceae,Franconibacter,franconibacter helveticus,27.0,True
1337,RS_GCF_000469135.2,Bacteria,Firmicutes,Bacilli,Bacillales_D,Halobacillaceae,Halobacillus,halobacillus sp001592845,33.5,True
1338,RS_GCF_000506865.1,Bacteria,Proteobacteria,Gammaproteobacteria,Burkholderiales,Burkholderiaceae,Pelistega,pelistega indica,32.5,True
1339,RS_GCF_000515415.1,Bacteria,Proteobacteria,Alphaproteobacteria,Rhizobiales,Xanthobacteraceae,Bradyrhizobium,bradyrhizobium sp000515415,27.5,False
1340,RS_GCF_000517065.1,Bacteria,Bacteroidota,Bacteroidia,Bacteroidales,Marinilabiliaceae,Alkaliflexus,alkaliflexus imshenetskii,35.0,True
1341,RS_GCF_000701465.1,Bacteria,Actinobacteriota,Actinomycetia,Actinomycetales,Cellulomonadaceae,Paraoerskovia,paraoerskovia marina,27.65,True
1342,RS_GCF_000733475.1,Bacteria,Bacteroidota,Bacteroidia,Flavobacteriales,Flavobacteriaceae,Mangrovimonas,mangrovimonas yunxiaonensis,31.375,True
1343,RS_GCF_000744105.1,Bacteria,Bacteroidota,Bacteroidia,Flavobacteriales,Flavobacteriaceae,Maribacter,maribacter forsetii,23.3333333333333,False
1344,RS_GCF_000747075.1,Bacteria,Proteobacteria,Gammaproteobacteria,Xanthomonadales,Xanthomonadaceae,Arenimonas,arenimonas malthae,27.75,False
1345,RS_GCF_000764325.1,Bacteria,Proteobacteria,Gammaproteobacteria,Enterobacterales,Vibrionaceae,Vibrio,vibrio navarrensis,33.6,False
1346,RS_GCF_000767165.1,Bacteria,Actinobacteriota,Actinomycetia,Actinomycetales,Cellulomonadaceae,Actinotalea,actinotalea bogoriensis,33.5,True
1347,RS_GCF_000768315.1,Bacteria,Proteobacteria,Alphaproteobacteria,Rhodobacterales,Rhodobacteraceae,Pseudooceanicola,pseudooceanicola atlanticus,26.5,False
1348,RS_GCF_000827885.1,Bacteria,Proteobacteria,Gammaproteobacteria,Enterobacterales,Vibrionaceae,Vibrio,vibrio renipiscarius,26.0,False
1349,RS_GCF_000828655.1,Bacteria,Thermotogota,Thermotogae,Thermotogales,DSM-5069,Pseudothermotoga_A,pseudothermotoga_a caldifontis,75.0,True
1350,RS_GCF_000832015.1,Bacteria,Proteobacteria,Gammaproteobacteria,Pseudomonadales,Cellvibrionaceae,Gilvimarinus,gilvimarinus agarilyticus,27.5,False
1351,RS_GCF_000931935.2,Bacteria,Desulfobacterota,Desulfarculia,Desulfarculales,Desulfarculaceae,Dethiosulfatarculus,dethiosulfatarculus sandiegensis,33.5,True
1352,RS_GCF_000941055.1,Bacteria,Bacteroidota,Bacteroidia,Flavobacteriales,Flavobacteriaceae,Siansivirga,siansivirga zeaxanthinifaciens,27.5,True
1353,RS_GCF_001006305.1,Bacteria,Acidobacteriota,Acidobacteriae,Acidobacteriales,Acidobacteriaceae,Silvibacterium,silvibacterium bohemicum,23.0,True
1354,RS_GCF_001042475.2,Bacteria,Firmicutes,Bacilli,Bacillales,Bacillaceae,Bacillus,bacillus glycinifermentans,33.5,False
1355,RS_GCF_001182745.1,Bacteria,Actinobacteriota,Actinomycetia,Mycobacteriales,Mycobacteriaceae,Nocardia,nocardia farcinica,31.7333333333333,False
1356,RS_GCF_001293685.1,Bacteria,Desulfobacterota,Desulfobacteria,Desulfobacterales,Desulfosarcinaceae,Desulfatitalea,desulfatitalea tepidiphila,38.0,True
1357,RS_GCF_001436775.1,Bacteria,Firmicutes,Bacilli,Lactobacillales,Lactobacillaceae,Lactobacillus,lactobacillus acetotolerans,27.3333333333333,False
1358,RS_GCF_001442625.1,Bacteria,Bacteroidota,Bacteroidia,Sphingobacteriales,Sphingobacteriaceae,Pedobacter,pedobacter ginsenosidimutans,27.5,False
1359,RS_GCF_001449115.1,Bacteria,Acidobacteriota,Acidobacteriae,Acidobacteriales,Acidobacteriaceae,Terracidiphilus,terracidiphilus gabretensis,22.0,True
1360,RS_GCF_001507595.1,Bacteria,Proteobacteria,Alphaproteobacteria,Rhodobacterales,Rhodobacteraceae,Ruegeria,ruegeria marisrubri,38.5,False
1361,RS_GCF_001550135.1,Bacteria,Proteobacteria,Gammaproteobacteria,Enterobacterales,Alteromonadaceae,Pseudoalteromonas,pseudoalteromonas shioyasakiensis,29.0,False
1362,RS_GCF_001557215.1,Bacteria,Proteobacteria,Alphaproteobacteria,Sphingomonadales,Sphingomonadaceae,Sphingomonas,sphingomonas sp001557215,20.0,False
1363,RS_GCF_001580995.1,Bacteria,Proteobacteria,Alphaproteobacteria,Acetobacterales,Acetobacteraceae,Acetobacter,acetobacter senegalensis,35.0,False
1364,RS_GCF_001618685.1,Bacteria,Firmicutes,Bacilli,Bacillales,Anoxybacillaceae,Geobacillus,geobacillus subterraneus,55.0,True
1365,RS_GCF_001637205.1,Bacteria,Firmicutes,Bacilli,Paenibacillales,Paenibacillaceae,Paenibacillus,paenibacillus glacialis,22.0,False
1366,RS_GCF_001675285.1,Bacteria,Bacteroidota,Bacteroidia,Flavobacteriales,Weeksellaceae,Elizabethkingia,elizabethkingia miricola,33.5,False
1367,RS_GCF_001676875.1,Bacteria,Proteobacteria,Gammaproteobacteria,Burkholderiales,Chromobacteriaceae,Chromobacterium,chromobacterium subtsugae,31.125,True
1368,RS_GCF_001698225.1,Bacteria,Actinobacteriota,Actinomycetia,Mycobacteriales,Mycobacteriaceae,Gordonia,gordonia terrae,31.2727272727273,False
1369,RS_GCF_001832885.1,Bacteria,Firmicutes,Bacilli,Lactobacillales,Streptococcaceae,Floricoccus,floricoccus penangensis,33.5,True
1370,RS_GCF_001885905.1,Bacteria,Firmicutes,Bacilli,Lactobacillales,Enterococcaceae,Enterococcus_A,enterococcus_a devriesei,24.0,True
1371,RS_GCF_001894945.1,Bacteria,Actinobacteriota,Actinomycetia,Mycobacteriales,Mycobacteriaceae,Rhodococcus,rhodococcus ruber,30.69444444444445,False
1372,RS_GCF_002014825.1,Bacteria,Proteobacteria,Gammaproteobacteria,Pseudomonadales,Moraxellaceae,Moraxella,moraxella pluranimalium,29.5,False
1373,RS_GCF_002017865.1,Bacteria,Proteobacteria,Gammaproteobacteria,Burkholderiales,Burkholderiaceae,Rhodoferax,rhodoferax fermentans,28.8,False
1374,RS_GCF_002102255.1,Bacteria,Actinobacteriota,Actinomycetia,Mycobacteriales,Mycobacteriaceae,Mycobacterium,mycobacterium nebraskense,32.5,False
1375,RS_GCF_002165625.1,Bacteria,Proteobacteria,Gammaproteobacteria,Enterobacterales,Neiellaceae,Neiella,neiella marina,26.5,True
1376,RS_GCF_002222615.2,Bacteria,Bacteroidota,Bacteroidia,Bacteroidales,Bacteroidaceae,Bacteroides,bacteroides caccae,35.833,False
1377,RS_GCF_002291425.1,Bacteria,Proteobacteria,Gammaproteobacteria,Enterobacterales,Enterobacteriaceae,Gibbsiella,gibbsiella quercinecans,20.0,True
1378,RS_GCF_002407245.1,Bacteria,Proteobacteria,Alphaproteobacteria,Rhodobacterales,Rhodobacteraceae,Phaeobacter,phaeobacter piscinae,32.0,False
1379,RS_GCF_002752655.1,Bacteria,Proteobacteria,Alphaproteobacteria,Rhizobiales,Beijerinckiaceae,Methylosinus,methylosinus trichosporium,28.75,True
1380,RS_GCF_002844395.1,Bacteria,Firmicutes_A,Clostridia,Acetivibrionales,Acetivibrionaceae,Herbivorax,herbivorax saccincola,57.5,True
1381,RS_GCF_002937115.1,Bacteria,Proteobacteria,Alphaproteobacteria,Acetobacterales,Acetobacteraceae,Rhodopila,rhodopila globiformis,32.0,True
1382,RS_GCF_002954265.1,Bacteria,Bacteroidota,Bacteroidia,Chitinophagales,Chitinophagaceae,Flavipsychrobacter,flavipsychrobacter stenotrophus,19.0,True
1383,RS_GCF_003010495.1,Bacteria,Firmicutes_C,Negativicutes,Veillonellales,Megasphaeraceae,Megasphaera,megasphaera elsdenii,37.4,True
1384,RS_GCF_003194605.1,Bacteria,Actinobacteriota,Actinomycetia,Propionibacteriales,Nocardioidaceae,Nocardioides,nocardioides gilvus,31.5,False
1385,RS_GCF_003205575.1,Bacteria,Actinobacteriota,Actinomycetia,Streptomycetales,Streptomycetaceae,Kitasatospora,kitasatospora tateyamensis,27.5,False
1386,RS_GCF_003368535.1,Bacteria,Firmicutes_B,Desulfotomaculia,Ammonifexales,Ammonificaceae,Ammonifex,ammonifex thiophilus,72.5,True
1387,RS_GCF_003534205.1,Bacteria,Firmicutes,Bacilli,Lactobacillales,Listeriaceae,Listeria_A,listeria_a weihenstephanensis,31.0,True
1388,RS_GCF_003573545.1,Bacteria,Bacteroidota,Bacteroidia,Bacteroidales,Prolixibacteraceae,Mariniphaga,mariniphaga sediminis,35.0,False
1389,RS_GCF_003610785.1,Bacteria,Actinobacteriota,Actinomycetia,Mycobacteriales,Micromonosporaceae,Micromonospora,micromonospora globbae,33.5,False
1390,RS_GCF_003664125.1,Bacteria,Firmicutes,Bacilli,Bacillales_A,Planococcaceae,Planococcus,planococcus citreus,26.0,False
1391,RS_GCF_004217215.1,Bacteria,Proteobacteria,Gammaproteobacteria,Burkholderiales,Burkholderiaceae,Rivibacter,rivibacter subsaxonicus,26.5,True
1392,RS_GCF_004331915.1,Bacteria,Firmicutes,Bacilli,Bacillales_A,Planococcaceae,Ureibacillus,ureibacillus thermophilus,50.0,True
1393,RS_GCF_004331955.1,Bacteria,Proteobacteria,Alphaproteobacteria,Rhizobiales,Rhizobiaceae,Roseitalea,roseitalea porphyridii,33.5,True
1394,RS_GCF_004341685.1,Bacteria,Firmicutes_C,Negativicutes,Selenomonadales,Selenomonadaceae,Pectinatus,pectinatus cerevisiiphilus,29.5,True
1395,RS_GCF_004354555.1,Bacteria,Firmicutes,Bacilli,Lactobacillales,Lactobacillaceae,Leuconostoc,leuconostoc citreum,29.0,True
1396,RS_GCF_004363175.1,Bacteria,Proteobacteria,Alphaproteobacteria,Rhizobiales,Devosiaceae,Maritalea,maritalea mobilis,36.0,False
1397,RS_GCF_004681965.1,Bacteria,Proteobacteria,Gammaproteobacteria,Burkholderiales,Burkholderiaceae,Ramlibacter,ramlibacter rhizophilus,32.5,True
1398,RS_GCF_004761865.1,Bacteria,Proteobacteria,Alphaproteobacteria,Acetobacterales,Acetobacteraceae,Crenalkalicoccus,crenalkalicoccus roseus,45.0,True
1399,RS_GCF_004802635.2,Bacteria,Proteobacteria,Alphaproteobacteria,Rhizobiales,Beijerinckiaceae,Methylocystis,methylocystis heyeri,20.0,False
1400,RS_GCF_005925345.1,Bacteria,Bacteroidota,Bacteroidia,Sphingobacteriales,Sphingobacteriaceae,Pedobacter,pedobacter ureilyticus,27.5,False
1401,RS_GCF_006539825.1,Bacteria,Actinobacteriota,Actinomycetia,Mycobacteriales,Mycobacteriaceae,Corynebacterium,corynebacterium variabile,27.5,False
1402,RS_GCF_006540005.1,Bacteria,Proteobacteria,Gammaproteobacteria,Pseudomonadales,Halomonadaceae,Halomonas,halomonas halmophila,25.5,False
1403,RS_GCF_006742065.1,Bacteria,Firmicutes_A,Clostridia,Clostridiales,Clostridiaceae,Clostridium,clostridium butyricum,34.407333333333334,True
1404,RS_GCF_007556755.1,Bacteria,Proteobacteria,Gammaproteobacteria,Burkholderiales,Burkholderiaceae,Tepidimonas,tepidimonas fonticaldi,55.0,True
1405,RS_GCF_007828955.1,Bacteria,Actinobacteriota,Actinomycetia,Streptomycetales,Streptomycetaceae,Kitasatospora,kitasatospora atroaurantiaca,26.0,False
1406,RS_GCF_007829155.1,Bacteria,Proteobacteria,Alphaproteobacteria,Rhizobiales,Rhizobiaceae,Rhizobium,rhizobium sp900467885,27.5,False
1407,RS_GCF_007896435.1,Bacteria,Firmicutes,Bacilli,Bacillales_A,Planococcaceae,Rummeliibacillus,rummeliibacillus suwonensis,41.0,True
1408,RS_GCF_007991455.1,Bacteria,Bacteroidota,Bacteroidia,Flavobacteriales,Weeksellaceae,Chryseobacterium,chryseobacterium hagamense,33.5,False
1409,RS_GCF_007991615.1,Bacteria,Proteobacteria,Alphaproteobacteria,Sphingomonadales,Sphingomonadaceae,Novosphingobium,novosphingobium sediminis,32.5,False
1410,RS_GCF_007997305.1,Bacteria,Proteobacteria,Gammaproteobacteria,Pseudomonadales,Moraxellaceae,Psychrobacter,psychrobacter frigidicola,13.3333333333333,True
1411,RS_GCF_008931805.1,Bacteria,Proteobacteria,Gammaproteobacteria,Enterobacterales,Moritellaceae,Moritella,moritella marina,16.5,True
1412,RS_GCF_009858245.1,Bacteria,Actinobacteriota,Actinomycetia,Actinomycetales,Dermatophilaceae,Ornithinibacter,ornithinibacter aureus,34.0,True
1413,RS_GCF_010729105.1,Bacteria,Actinobacteriota,Actinomycetia,Mycobacteriales,Mycobacteriaceae,Mycobacterium,mycobacterium saskatchewanense,31.0,False
1414,RS_GCF_011064845.1,Bacteria,Proteobacteria,Gammaproteobacteria,Enterobacterales,Enterobacteriaceae,Citrobacter,citrobacter freundii,33.8,False
1415,RS_GCF_011758565.1,Bacteria,Actinobacteriota,Actinomycetia,Actinomycetales,Microbacteriaceae,Lysinibacter,lysinibacter cavernae,20.0,True
1416,RS_GCF_011759585.1,Bacteria,Actinobacteriota,Actinomycetia,Actinomycetales,Microbacteriaceae,Frigoribacterium,frigoribacterium endophyticum,27.5,True
1417,RS_GCF_013282215.1,Bacteria,Firmicutes,Bacilli,Thermoactinomycetales,DSM-45169,Kroppenstedtia,kroppenstedtia eburnea,45.0,True
1418,RS_GCF_013409425.1,Bacteria,Actinobacteriota,Actinomycetia,Propionibacteriales,Nocardioidaceae,Nocardioides,nocardioides perillae,32.0,False
1419,RS_GCF_014196745.1,Bacteria,Proteobacteria,Alphaproteobacteria,Sphingomonadales,Sphingomonadaceae,Sphingomonas,sphingomonas kyeonggiensis,26.5,False
1420,RS_GCF_014197805.1,Bacteria,Proteobacteria,Alphaproteobacteria,Azospirillales,Azospirillaceae,Rhodospirillum_A,rhodospirillum_a centenum,41.0,True
1421,RS_GCF_014201095.1,Bacteria,Actinobacteriota,Actinomycetia,Actinomycetales,Cellulomonadaceae,Cellulomonas,cellulomonas hominis,29.8,True
1422,RS_GCF_014266025.1,Bacteria,Actinobacteriota,Actinomycetia,Propionibacteriales,Nocardioidaceae,Nocardioides,nocardioides deserti,29.0,False
1423,RS_GCF_014638845.1,Bacteria,Bacteroidota,Bacteroidia,Cytophagales,Hymenobacteraceae,Pontibacter,pontibacter amylolyticus,32.5,False
1424,RS_GCF_014640815.1,Bacteria,Proteobacteria,Gammaproteobacteria,Pseudomonadales,Halomonadaceae,Halomonas,halomonas lutescens,31.5,False
1425,RS_GCF_014642075.1,Bacteria,Bacteroidota,Bacteroidia,Sphingobacteriales,Sphingobacteriaceae,Parapedobacter,parapedobacter defluvii,33.5,True
1426,RS_GCF_014643735.1,Bacteria,Proteobacteria,Alphaproteobacteria,Rhodobacterales,Rhodobacteraceae,Amylibacter,amylibacter cionae,27.5,True
1427,RS_GCF_014645655.1,Bacteria,Actinobacteriota,Actinomycetia,Actinomycetales,Microbacteriaceae,Agromyces,agromyces bauzanensis,27.5,True
1428,RS_GCF_014645735.1,Bacteria,Actinobacteriota,Actinomycetia,Mycobacteriales,Mycobacteriaceae,Nocardia,nocardia jinanensis,26.0,False
1429,RS_GCF_014651715.1,Bacteria,Actinobacteriota,Actinomycetia,Actinomycetales,Micrococcaceae,Zhihengliuella,zhihengliuella salsuginis,27.5,True
1430,RS_GCF_014652555.1,Bacteria,Proteobacteria,Alphaproteobacteria,Sphingomonadales,Sphingomonadaceae,Novosphingobium,novosphingobium colocasiae,20.0,False
1431,RS_GCF_014652615.1,Bacteria,Proteobacteria,Alphaproteobacteria,Sphingomonadales,Sphingomonadaceae,Novosphingobium,novosphingobium arvoryzae,20.0,False
1432,RS_GCF_016107535.1,Bacteria,Proteobacteria,Gammaproteobacteria,Pseudomonadales,Moraxellaceae,Psychrobacter,psychrobacter cibarius,27.5,False
1433,RS_GCF_016595525.1,Bacteria,Verrucomicrobiota,Verrucomicrobiae,Verrucomicrobiales,Akkermansiaceae,Haloferula,haloferula rosea,27.5,True
1434,RS_GCF_016918505.1,Bacteria,Desulfobacterota,Desulfobulbia,Desulfobulbales,Desulfocapsaceae,Desulforhopalus,desulforhopalus vacuolatus,15.0,True
1435,RS_GCF_016937515.1,Bacteria,Firmicutes,Bacilli,Paenibacillales,Paenibacillaceae,Cohnella,cohnella algarum,38.5,False
1436,RS_GCF_017161565.1,Bacteria,Proteobacteria,Gammaproteobacteria,Enterobacterales,Enterobacteriaceae,Erwinia,erwinia amylovora,30.08333333333335,True
1437,RS_GCF_017377715.1,Bacteria,Proteobacteria,Alphaproteobacteria,Acetobacterales,Acetobacteraceae,Acetobacter,acetobacter sacchari,29.0,False
1438,RS_GCF_018383905.1,Bacteria,Bacteroidota,Bacteroidia,Flavobacteriales,Flavobacteriaceae,Flavobacterium,flavobacterium branchiicola,20.0,False
1439,RS_GCF_900096585.1,Bacteria,Actinobacteriota,Actinomycetia,Actinomycetales,Cellulomonadaceae,Sanguibacter,sanguibacter gelidistatuariae,23.0,False
1440,RS_GCF_900100175.1,Bacteria,Proteobacteria,Gammaproteobacteria,Enterobacterales,Shewanellaceae,Ferrimonas,ferrimonas sediminum,26.5,False
1441,RS_GCF_900100375.1,Bacteria,Bacteroidota,Bacteroidia,Flavobacteriales,Flavobacteriaceae,Flavobacterium,flavobacterium noncentrifugens,15.0,True
1442,RS_GCF_900101865.1,Bacteria,Proteobacteria,Alphaproteobacteria,Rhodobacterales,Rhodobacteraceae,Paracoccus,paracoccus isoporae,27.5,False
1443,RS_GCF_900102745.1,Bacteria,Actinobacteriota,Actinomycetia,Mycobacteriales,Geodermatophilaceae,Geodermatophilus,geodermatophilus telluris,27.5,True
1444,RS_GCF_900102815.1,Bacteria,Actinobacteriota,Actinomycetia,Mycobacteriales,Micromonosporaceae,Glycomyces,glycomyces sambucus,28.5,True
1445,RS_GCF_900102885.1,Bacteria,Proteobacteria,Alphaproteobacteria,Rhodobacterales,Rhodobacteraceae,Paracoccus,paracoccus chinensis,32.5,False
1446,RS_GCF_900103135.1,Bacteria,Firmicutes_F,Halanaerobiia,Halanaerobiales,Halarsenatibacteraceae,Halarsenatibacter,halarsenatibacter silvermanii,44.0,True
1447,RS_GCF_900103285.1,Bacteria,Bacteroidota,Bacteroidia,Cytophagales,Spirosomaceae,Siphonobacter,siphonobacter aquaeclarae,33.5,True
1448,RS_GCF_900107405.1,Bacteria,Firmicutes_A,Clostridia,Peptostreptococcales,Tindalliaceae,Tindallia,tindallia californiensis,35.0,True
1449,RS_GCF_900107725.1,Bacteria,Proteobacteria,Gammaproteobacteria,Pseudomonadales,Cellvibrionaceae,Microbulbifer,microbulbifer marinus,27.5,False
1450,RS_GCF_900109035.1,Bacteria,Proteobacteria,Alphaproteobacteria,Rhodobacterales,Rhodobacteraceae,Cribrihabitans,cribrihabitans marinus,32.5,True
1451,RS_GCF_900113275.1,Bacteria,Proteobacteria,Gammaproteobacteria,Pseudomonadales,Nitrincolaceae,Neptunomonas,neptunomonas qingdaonensis,20.0,True
1452,RS_GCF_900115015.1,Bacteria,Bacteroidota,Bacteroidia,Flavobacteriales,Weeksellaceae,Algoriella,algoriella xinjiangensis,18.0,True
1453,RS_GCF_900115815.1,Bacteria,Proteobacteria,Alphaproteobacteria,Rhodobacterales,Rhodobacteraceae,Roseivivax,roseivivax halotolerans,29.0,False
1454,RS_GCF_900129085.1,Bacteria,Firmicutes,Bacilli,Lactobacillales,Carnobacteriaceae,Atopostipes,atopostipes suicloacalis,29.0,True
1455,RS_GCF_900129275.1,Bacteria,Bacteroidota,Bacteroidia,Flavobacteriales,Flavobacteriaceae,Arenibacter,arenibacter palladensis,24.0,True
1456,RS_GCF_900129375.1,Bacteria,Actinobacteriota,Actinomycetia,Mycobacteriales,Pseudonocardiaceae,Streptoalloteichus,streptoalloteichus hindustanus,45.0,True
1457,RS_GCF_900129545.1,Bacteria,Bacteroidota,Bacteroidia,Flavobacteriales,Flavobacteriaceae,Flavobacterium,flavobacterium fluvii,27.5,False
1458,RS_GCF_900129615.1,Bacteria,Proteobacteria,Gammaproteobacteria,Enterobacterales,Enterobacteriaceae,Pectobacterium,pectobacterium carotovorum,26.875,False
1459,RS_GCF_900141855.1,Bacteria,Bacteroidota,Bacteroidia,Flavobacteriales,Flavobacteriaceae,Pseudozobellia,pseudozobellia thermophila,26.5,True
1460,RS_GCF_900142395.1,Bacteria,Bacteroidota,Bacteroidia,Cytophagales,Hymenobacteraceae,Hymenobacter,hymenobacter psychrotolerans,19.33333333333333,True
1461,RS_GCF_900142415.1,Bacteria,Bacteroidota,Rhodothermia,Rhodothermales,Rhodothermaceae,Rhodothermus,rhodothermus profundi,70.83333333333333,True
1462,RS_GCF_900142885.1,Bacteria,Bacteroidota,Bacteroidia,Flavobacteriales,Flavobacteriaceae,Flavobacterium,flavobacterium xinjiangense,11.0,True
1463,RS_GCF_900156605.1,Bacteria,Proteobacteria,Alphaproteobacteria,Rhodospirillales,Rhodospirillaceae,Insolitispirillum,insolitispirillum peregrinum,32.0,True
1464,RS_GCF_900167535.1,Bacteria,Verrucomicrobiota,Verrucomicrobiae,Verrucomicrobiales,Verrucomicrobiaceae,Prosthecobacter,prosthecobacter debontii,26.0,False
1465,RS_GCF_900175965.1,Bacteria,Actinobacteriota,Rubrobacteria,Rubrobacterales,Rubrobacteraceae,Rubrobacter,rubrobacter radiotolerans,60.0,True
1466,RS_GCF_900176305.1,Bacteria,Firmicutes_A,Clostridia,Clostridiales,Clostridiaceae,Clostridium_I,clostridium_i acidisoli,27.5,False
1467,RS_GCF_900197855.1,Bacteria,Campylobacterota,Campylobacteria,Campylobacterales,Helicobacteraceae,Helicobacter_E,helicobacter_e cynogastricus,33.5,True
1468,RS_GCF_900215205.1,Bacteria,Actinobacteriota,Actinomycetia,Mycobacteriales,Micromonosporaceae,Actinoplanes,actinoplanes atraurantiacus,27.5,False
1469,RS_GCF_900447535.1,Bacteria,Actinobacteriota,Actinomycetia,Actinomycetales,Dermatophilaceae,Dermacoccus,dermacoccus nishinomiyaensis,20.0,True
1470,RS_GCF_900457465.1,Bacteria,Bacteroidota,Bacteroidia,Sphingobacteriales,Sphingobacteriaceae,Sphingobacterium,sphingobacterium multivorum,29.3333333333333,False
1471,RS_GCF_900660615.1,Bacteria,Firmicutes,Bacilli,Mycoplasmatales,Mycoplasmoidaceae,Malacoplasma,malacoplasma iowae,39.5,True
1472,GB_GCA_000517005.1,Bacteria,Proteobacteria,Alphaproteobacteria,Rhizobiales,Beijerinckiaceae,Microvirga,microvirga lupini,39.0,False
1473,GB_GCA_000831005.1,Bacteria,Proteobacteria,Gammaproteobacteria,Pseudomonadales,Oleiphilaceae,Marinobacter,marinobacter salarius,27.5,False
1474,GB_GCA_000953695.1,Bacteria,Proteobacteria,Gammaproteobacteria,Enterobacterales,Vibrionaceae,Aliivibrio,aliivibrio wodanis,12.5,True
1475,GB_GCA_000953735.1,Bacteria,Proteobacteria,Gammaproteobacteria,Enterobacterales,Moritellaceae,Moritella,moritella viscosa,12.5,True
1476,GB_GCA_000967895.1,Bacteria,Proteobacteria,Gammaproteobacteria,Pseudomonadales,DSM-6294,Oleispira,oleispira antarctica,15.0,True
1477,GB_GCA_009720755.1,Bacteria,Proteobacteria,Alphaproteobacteria,Rhizobiales,Xanthobacteraceae,Rhodoplanes,rhodoplanes serenus,35.0,True
1478,RS_GCF_000006945.2,Bacteria,Proteobacteria,Gammaproteobacteria,Enterobacterales,Enterobacteriaceae,Salmonella,salmonella enterica,36.7145,True
1479,RS_GCF_000019525.1,Bacteria,Proteobacteria,Gammaproteobacteria,Enterobacterales,Shewanellaceae,Shewanella,shewanella woodyi,25.4165,True
1480,RS_GCF_000021645.1,Bacteria,Dictyoglomota,Dictyoglomia,Dictyoglomales,Dictyoglomaceae,Dictyoglomus,dictyoglomus turgidum,75.0,True
1481,RS_GCF_000024925.1,Bacteria,Actinobacteriota,Actinomycetia,Actinomycetales,Cellulomonadaceae,Sanguibacter,sanguibacter keddieii,27.5,False
1482,RS_GCF_000025945.1,Bacteria,Desulfobacterota,Desulfobulbia,Desulfobulbales,Desulfocapsaceae,Desulfotalea,desulfotalea psychrophila,8.666666666666666,True
1483,RS_GCF_000069785.1,Bacteria,Proteobacteria,Gammaproteobacteria,Burkholderiales,Burkholderiaceae,Cupriavidus,cupriavidus taiwanensis,28.9,True
1484,RS_GCF_000092505.1,Bacteria,Firmicutes,Bacilli,Lactobacillales,Lactobacillaceae,Leuconostoc,leuconostoc kimchii,9.5,True
1485,RS_GCF_000146675.1,Bacteria,Bacteroidota,Bacteroidia,Bacteroidales,Bacteroidaceae,Prevotella,prevotella marshii,32.5,False
1486,RS_GCF_000190755.2,Bacteria,Proteobacteria,Gammaproteobacteria,Methylococcales,Methylomonadaceae,Methylobacter_A,methylobacter_a tundripaludum,23.0,True
1487,RS_GCF_000193495.2,Bacteria,Proteobacteria,Alphaproteobacteria,Acetobacterales,Acetobacteraceae,Acetobacter,acetobacter aceti,25.6666666666667,True
1488,RS_GCF_000204255.1,Bacteria,Chlamydiota,Chlamydiia,Chlamydiales,Chlamydiaceae,Chlamydophila,chlamydophila psittaci,38.0,False
1489,RS_GCF_000215955.2,Bacteria,Proteobacteria,Gammaproteobacteria,Nevskiales,Salinisphaeraceae,Salinisphaera,salinisphaera shabanensis,37.833333333333336,False
1490,RS_GCF_000215975.1,Bacteria,Desulfobacterota,Thermodesulfobacteria,Thermodesulfobacteriales,Thermodesulfobacteriaceae,Thermodesulfobacterium,thermodesulfobacterium geofontis,83.0,True
1491,RS_GCF_000227725.1,Bacteria,Proteobacteria,Gammaproteobacteria,Ectothiorhodospirales,Ectothiorhodospiraceae,Thiorhodospira,thiorhodospira sibirica,26.75,True
1492,RS_GCF_000230695.2,Bacteria,Proteobacteria,Gammaproteobacteria,Xanthomonadales,Rhodanobacteraceae,Rhodanobacter,rhodanobacter denitrificans,29.0,True
1493,RS_GCF_000252125.1,Bacteria,Bacteroidota,Bacteroidia,Flavobacteriales,Flavobacteriaceae,Flavobacterium,flavobacterium frigoris_a,15.0,True
1494,RS_GCF_000258175.1,Bacteria,Actinobacteriota,Actinomycetia,Mycobacteriales,Pseudonocardiaceae,Saccharomonospora,saccharomonospora xinjiangensis,32.5,True
1495,RS_GCF_000260135.1,Bacteria,Proteobacteria,Gammaproteobacteria,Thiotrichales,Thiotrichaceae,Thiothrix,thiothrix nivea,27.5,False
1496,RS_GCF_000284415.1,Bacteria,Proteobacteria,Alphaproteobacteria,Rhodospirillales,Rhodospirillaceae,Pararhodospirillum,pararhodospirillum photometricum,26.0,True
1497,RS_GCF_000297025.1,Bacteria,Firmicutes,Bacilli,Lactobacillales,Lactobacillaceae,Lactobacillus,lactobacillus pasteurii,39.0,False
1498,RS_GCF_000308555.1,Bacteria,Actinobacteriota,Actinomycetia,Mycobacteriales,Mycobacteriaceae,Nocardia,nocardia cyriacigeorgica,29.5,False
1499,RS_GCF_000308615.1,Bacteria,Actinobacteriota,Actinomycetia,Mycobacteriales,Mycobacteriaceae,Nocardia,nocardia jiangxiensis,27.0,False
1500,RS_GCF_000315015.1,Bacteria,Proteobacteria,Gammaproteobacteria,Enterobacterales,Alteromonadaceae,Paraglaciecola,paraglaciecola mesophila,24.0,True
1501,RS_GCF_000341185.1,Bacteria,Actinobacteriota,Actinomycetia,Streptosporangiales,Streptosporangiaceae,Nocardiopsis_A,nocardiopsis_a chromatogenes,38.5,False
1502,RS_GCF_000350525.1,Bacteria,Actinobacteriota,Actinomycetia,Actinomycetales,Microbacteriaceae,Leucobacter,leucobacter salsicius,28.125,False
1503,RS_GCF_000355905.1,Bacteria,Bacteroidota,Bacteroidia,Flavobacteriales,Flavobacteriaceae,Psychroflexus,psychroflexus gondwanensis,23.5,False
1504,RS_GCF_000374045.1,Bacteria,Bacteroidota,Bacteroidia,Chitinophagales,Chitinophagaceae,Segetibacter,segetibacter koreensis,22.5,True
1505,RS_GCF_000379445.1,Bacteria,Proteobacteria,Gammaproteobacteria,Francisellales,Francisellaceae,Fangia,fangia hongkongensis,31.5,True
1506,RS_GCF_000400485.1,Bacteria,Actinobacteriota,Actinomycetia,Actinomycetales,Microbacteriaceae,Agrococcus,agrococcus pavilionensis,18.0,True
1507,RS_GCF_000413855.1,Bacteria,Proteobacteria,Gammaproteobacteria,Pseudomonadales,Moraxellaceae,Acinetobacter,acinetobacter gyllenbergii,30.5,False
1508,RS_GCF_000420385.1,Bacteria,Campylobacterota,Desulfurellia,Desulfurellales,Hippeaceae,Hippea,hippea alviniae,61.66666666666666,True
1509,RS_GCF_000420745.1,Bacteria,Proteobacteria,Alphaproteobacteria,Rhodobacterales,Rhodobacteraceae,Pseudorhodobacter,pseudorhodobacter ferrugineus,26.0,True
1510,RS_GCF_000421165.1,Bacteria,Proteobacteria,Gammaproteobacteria,Pseudomonadales,Oleiphilaceae,Marinobacter,marinobacter daepoensis,33.5,False
1511,RS_GCF_000421605.1,Bacteria,Desulfobacterota,Thermodesulfobacteria,Thermodesulfobacteriales,Thermodesulfobacteriaceae,Thermodesulfobacterium,thermodesulfobacterium thermophilum,65.0,True
1512,RS_GCF_000421745.1,Bacteria,Actinobacteriota,Actinomycetia,Actinomycetales,Micrococcaceae,Nesterenkonia,nesterenkonia alba,42.0,True
1513,RS_GCF_000422405.1,Bacteria,Actinobacteriota,Actinomycetia,Actinomycetales,Microbacteriaceae,Microbacterium,microbacterium luticocti,36.0,False
1514,RS_GCF_000423345.1,Bacteria,Proteobacteria,Gammaproteobacteria,Pseudomonadales,Cellvibrionaceae,Marinimicrobium,marinimicrobium agarilyticum,35.0,False
1515,RS_GCF_000423885.1,Bacteria,Proteobacteria,Gammaproteobacteria,Xanthomonadales,Xanthomonadaceae,Thermomonas,thermomonas fusca,32.5,False
1516,RS_GCF_000427295.1,Bacteria,Bacteroidota,Bacteroidia,Cytophagales,Cyclobacteriaceae,Cyclobacterium,cyclobacterium qasimii,22.0,False
1517,RS_GCF_000473165.1,Bacteria,Proteobacteria,Alphaproteobacteria,Rhodobacterales,Rhodobacteraceae,Leisingera,leisingera aquimarina,20.0,False
1518,RS_GCF_000503895.1,Bacteria,Proteobacteria,Alphaproteobacteria,Rhizobiales,Hyphomicrobiaceae,Hyphomicrobium,hyphomicrobium nitrativorans,31.875,True
1519,RS_GCF_000508165.1,Bacteria,Proteobacteria,Gammaproteobacteria,Pseudomonadales,Marinomonadaceae,Marinomonas,marinomonas profundimaris,26.5,False
1520,RS_GCF_000520555.1,Bacteria,Actinobacteriota,Actinomycetia,Actinomycetales,Micrococcaceae,Arthrobacter_D,arthrobacter_d sp000520555,15.0,True
1521,RS_GCF_000626715.1,Bacteria,Bacteroidota,Bacteroidia,Flavobacteriales,Flavobacteriaceae,Aquimarina,aquimarina atlantica,26.5,False
1522,RS_GCF_000682755.1,Bacteria,Proteobacteria,Alphaproteobacteria,Caulobacterales,Hyphomonadaceae,Hyphomonas,hyphomonas beringensis,27.5,False
1523,RS_GCF_000702485.1,Bacteria,Firmicutes,Bacilli,Alicyclobacillales,Alicyclobacillaceae,Alicyclobacillus_H,alicyclobacillus_h macrosporangiidus_b,52.5,True
1524,RS_GCF_000708615.2,Bacteria,Bacteroidota,Bacteroidia,Flavobacteriales,Weeksellaceae,Chryseobacterium,chryseobacterium hispalense,26.875,False
1525,RS_GCF_000710775.1,Bacteria,Proteobacteria,Gammaproteobacteria,Pseudomonadales,Endozoicomonadaceae,Endozoicomonas,endozoicomonas elysicola,25.5,False
1526,RS_GCF_000732635.1,Bacteria,Firmicutes_A,Clostridia,Clostridiales,Clostridiaceae,Clostridium_J,clostridium_j sulfidigenes,34.0,True
1527,RS_GCF_000816145.1,Bacteria,Thermotogota,Thermotogae,Thermotogales,DSM-5069,Pseudothermotoga_A,pseudothermotoga_a hypogea,70.0,True
1528,RS_GCF_000962825.1,Bacteria,Actinobacteriota,Actinomycetia,Mycobacteriales,Micromonosporaceae,Actinoplanes,actinoplanes rectilineatus,25.5,False
1529,RS_GCF_000975115.1,Bacteria,Actinobacteriota,Actinomycetia,Actinomycetales,Demequinaceae,Demequina,demequina oxidasica,29.0,False
1530,RS_GCF_001020205.1,Bacteria,Firmicutes_A,Clostridia,Clostridiales,Clostridiaceae,Clostridium_F,clostridium_f sporogenes,36.6,True
1531,RS_GCF_001049735.1,Bacteria,Proteobacteria,Alphaproteobacteria,Rhodobacterales,Rhodobacteraceae,Nereida,nereida ignava,20.5,True
1532,RS_GCF_001187845.1,Bacteria,Proteobacteria,Alphaproteobacteria,Rhodobacterales,Rhodobacteraceae,Octadecabacter,octadecabacter temperatus,20.0,True
1533,RS_GCF_001270745.1,Bacteria,Actinobacteriota,Actinomycetia,Jiangellales,Jiangellaceae,Jiangella,jiangella muralis,27.75,True
1534,RS_GCF_001280865.1,Bacteria,Bacteroidota,Bacteroidia,Flavobacteriales,Flavobacteriaceae,Polaribacter,polaribacter dokdonensis,26.5,False
1535,RS_GCF_001297705.1,Bacteria,Bacteroidota,Bacteroidia,Flavobacteriales,Weeksellaceae,Chryseobacterium,chryseobacterium sp001297705,10.0,True
1536,RS_GCF_001437075.1,Bacteria,Firmicutes,Bacilli,Lactobacillales,Lactobacillaceae,Pediococcus,pediococcus stilesii,41.5,True
1537,RS_GCF_001440035.1,Bacteria,Proteobacteria,Alphaproteobacteria,Rhizobiales,Xanthobacteraceae,Bradyrhizobium,bradyrhizobium manausense,29.0,False
1538,RS_GCF_001544355.1,Bacteria,Firmicutes,Bacilli,Alicyclobacillales,Alicyclobacillaceae,Alicyclobacillus,alicyclobacillus acidiphilus,48.333333333333336,True
1539,RS_GCF_001552415.1,Bacteria,Actinobacteriota,Actinomycetia,Mycobacteriales,Mycobacteriaceae,Corynebacterium,corynebacterium xerosis,34.3333333333333,False
1540,RS_GCF_001562425.1,Bacteria,Firmicutes_A,Thermosediminibacteria,Thermosediminibacterales,Thermosediminibacteraceae,Fervidicola,fervidicola ferrireducens,70.0,True
1541,RS_GCF_001563495.1,Bacteria,Bacteroidota,Bacteroidia,Flavobacteriales,Weeksellaceae,Chryseobacterium,chryseobacterium kwangjuense,33.0,False
1542,RS_GCF_001593005.1,Bacteria,Bacteroidota,Bacteroidia,Cytophagales,Cyclobacteriaceae,Roseivirga,roseivirga ehrenbergii,24.0,True
1543,RS_GCF_001678675.1,Bacteria,Bacteroidota,Bacteroidia,Flavobacteriales,Flavobacteriaceae,Gelidibacter,gelidibacter algens,10.0,True
1544,RS_GCF_001730315.1,Bacteria,Firmicutes,Bacilli,Lactobacillales,Enterococcaceae,Enterococcus,enterococcus ureilyticus,26.0,False
1545,RS_GCF_001751365.1,Bacteria,Actinobacteriota,Actinomycetia,Streptomycetales,Streptomycetaceae,Streptomyces,streptomyces abyssalis,32.5,False
1546,RS_GCF_001885585.1,Bacteria,Proteobacteria,Alphaproteobacteria,Rhizobiales,Rhizobiaceae,Pararhizobium,pararhizobium antarcticum,20.0,False
1547,RS_GCF_001889065.1,Bacteria,Proteobacteria,Gammaproteobacteria,Cardiobacteriales,Cardiobacteriaceae,Suttonella,suttonella ornithocola,33.5,True
1548,RS_GCF_001921215.1,Bacteria,Actinobacteriota,Actinomycetia,Mycobacteriales,Pseudonocardiaceae,Actinophytocola,actinophytocola xinjiangensis,27.5,True
1549,RS_GCF_001955715.1,Bacteria,Proteobacteria,Gammaproteobacteria,Burkholderiales,Burkholderiaceae,Rhodoferax,rhodoferax saidenbachensis,20.0,True
1550,RS_GCF_001975665.1,Bacteria,Bacteroidota,Bacteroidia,Flavobacteriales,Flavobacteriaceae,Polaribacter,polaribacter reichenbachii,27.0,True
1551,RS_GCF_002005145.1,Bacteria,Firmicutes_B,Desulfotomaculia,Desulfotomaculales,Desulfotomaculaceae,Desulfotomaculum,desulfotomaculum ferrireducens,50.0,True
1552,RS_GCF_002022685.1,Bacteria,Proteobacteria,Alphaproteobacteria,Rhizobiales_A,Rhizobiaceae_A,Bartonella,bartonella schoenbuchensis,35.0,False
1553,RS_GCF_002086735.1,Bacteria,Actinobacteriota,Actinomycetia,Mycobacteriales,Mycobacteriaceae,Mycobacterium,mycobacterium scrofulaceum,35.0,False
1554,RS_GCF_002115745.1,Bacteria,Proteobacteria,Alphaproteobacteria,Rhodospirillales,Thalassospiraceae,Thalassospira,thalassospira alkalitolerans,32.0,True
1555,RS_GCF_002148795.1,Bacteria,Proteobacteria,Alphaproteobacteria,Oceanibaculales,Oceanibaculaceae,Oceanibaculum,oceanibaculum nanhaiense,31.0,False
1556,RS_GCF_002207865.1,Bacteria,Proteobacteria,Gammaproteobacteria,Enterobacterales,Alteromonadaceae,Colwellia,colwellia marinimaniae,2.0,True
1557,RS_GCF_002217435.1,Bacteria,Bacteroidota,Bacteroidia,Flavobacteriales,Flavobacteriaceae,Flavobacterium,flavobacterium reichenbachii,23.666666666666668,False
1558,RS_GCF_002221505.1,Bacteria,Proteobacteria,Gammaproteobacteria,Enterobacterales,Alteromonadaceae,Pseudoalteromonas,pseudoalteromonas nigrifaciens,26.0,False
1559,RS_GCF_002233755.1,Bacteria,Proteobacteria,Gammaproteobacteria,Pseudomonadales,Moraxellaceae,Acinetobacter,acinetobacter piscicola,26.5,False
1560,RS_GCF_002237365.1,Bacteria,Proteobacteria,Gammaproteobacteria,Enterobacterales,Aeromonadaceae,Zobellella,zobellella denitrificans,32.5,True
1561,RS_GCF_002310835.1,Bacteria,Proteobacteria,Gammaproteobacteria,Enterobacterales,Alteromonadaceae,Pseudoalteromonas,pseudoalteromonas tetraodonis,20.625,False
1562,RS_GCF_002355155.1,Bacteria,Actinobacteriota,Actinomycetia,Mycobacteriales,Mycobacteriaceae,Corynebacterium,corynebacterium suranareeae,33.5,False
1563,RS_GCF_002866825.1,Bacteria,Proteobacteria,Gammaproteobacteria,Pseudomonadales,Halieaceae,Halioglobus,halioglobus lutimaris,22.5,True
1564,RS_GCF_002902085.1,Bacteria,Firmicutes,Bacilli,Staphylococcales,Staphylococcaceae,Staphylococcus,staphylococcus simiae,33.0,False
1565,RS_GCF_002920915.1,Bacteria,Bacteroidota,Bacteroidia,Sphingobacteriales,Sphingobacteriaceae,Solitalea,solitalea longa,20.0,False
1566,RS_GCF_002954245.1,Bacteria,Actinobacteriota,Actinomycetia,Actinomycetales,Microbacteriaceae,Cryobacterium,cryobacterium aureum,11.0,True
1567,RS_GCF_002998435.1,Bacteria,Bacteroidota,Bacteroidia,Bacteroidales,Bacteroidaceae,Bacteroides,bacteroides zoogleoformans,33.5,False
1568,RS_GCF_003051085.1,Bacteria,Firmicutes,Bacilli,Lactobacillales,Aerococcaceae,Trichococcus,trichococcus patagoniensis,29.0,True
1569,RS_GCF_003057965.1,Bacteria,Thermodesulfobiota,Thermodesulfobiia,Thermodesulfobiales,Thermodesulfobiaceae,Thermodesulfobium,thermodesulfobium acidiphilum,53.3335,True
1570,RS_GCF_003240585.1,Bacteria,Proteobacteria,Alphaproteobacteria,Rhizobiales,Rhizobiaceae,Rhizobium,rhizobium tubonense,27.5,False
1571,RS_GCF_003259935.1,Bacteria,Firmicutes,Bacilli,Bacillales,Anoxybacillaceae,Anoxybacillus_B,anoxybacillus_b vitaminiphilus,58.5,True
1572,RS_GCF_003336705.1,Bacteria,Proteobacteria,Gammaproteobacteria,Pseudomonadales,Oleiphilaceae,Marinobacter,marinobacter litoralis,33.5,False
1573,RS_GCF_003386795.1,Bacteria,Actinobacteriota,Actinomycetia,Propionibacteriales,Actinopolymorphaceae,Thermasporomyces,thermasporomyces composti,51.25,True
1574,RS_GCF_003544875.1,Bacteria,Proteobacteria,Gammaproteobacteria,Enterobacterales,Vibrionaceae,Vibrio,vibrio alfacsensis,33.5,False
1575,RS_GCF_003751635.1,Bacteria,Proteobacteria,Gammaproteobacteria,DSM-100275,DSM-100275,Inmirania,inmirania thermothiophila,65.0,True
1576,RS_GCF_003797885.1,Bacteria,Proteobacteria,Gammaproteobacteria,Enterobacterales,Shewanellaceae,Shewanella,shewanella vesiculosa,17.5,True
1577,RS_GCF_003850045.1,Bacteria,Actinobacteriota,Actinomycetia,Propionibacteriales,Nocardioidaceae,Aeromicrobium,aeromicrobium camelliae,33.5,True
1578,RS_GCF_003987335.1,Bacteria,Proteobacteria,Gammaproteobacteria,Enterobacterales,Alteromonadaceae,Aliidiomarina,aliidiomarina maris,32.5,False
1579,RS_GCF_004078635.1,Bacteria,Actinobacteriota,Actinomycetia,Actinomycetales,Microbacteriaceae,Labedella,labedella phragmitis,29.0,False
1580,RS_GCF_004137245.1,Bacteria,Actinobacteriota,Actinomycetia,Propionibacteriales,Nocardioidaceae,Nocardioides,nocardioides glacieisoli,20.0,False
1581,RS_GCF_004345825.1,Bacteria,Bacteroidota,Bacteroidia,Flavobacteriales,Flavobacteriaceae,Tenacibaculum,tenacibaculum skagerrakense,31.0,False
1582,RS_GCF_004354365.1,Bacteria,Bacteroidota,Bacteroidia,Sphingobacteriales,Sphingobacteriaceae,Pedobacter,pedobacter changchengzhani,20.0,False
1583,RS_GCF_004359505.1,Bacteria,Firmicutes,Bacilli,Staphylococcales,Staphylococcaceae,Macrococcus,macrococcus hajekii,35.0,False
1584,RS_GCF_004402405.1,Bacteria,Actinobacteriota,Actinomycetia,Actinomycetales,Microbacteriaceae,Cryobacterium,cryobacterium levicorallinum,11.0,True
1585,RS_GCF_007197645.1,Bacteria,Proteobacteria,Gammaproteobacteria,Enterobacterales,Shewanellaceae,Shewanella,shewanella hanedai,14.83333333333335,True
1586,RS_GCF_007475525.1,Bacteria,Verrucomicrobiota,Verrucomicrobiae,Methylacidiphilales,Methylacidiphilaceae,Methylacidiphilum,methylacidiphilum kamchatkense,55.0,True
1587,RS_GCF_007556675.1,Bacteria,Proteobacteria,Gammaproteobacteria,Burkholderiales,Burkholderiaceae,Tepidimonas,tepidimonas taiwanensis,55.0,True
1588,RS_GCF_007989465.1,Bacteria,Proteobacteria,Gammaproteobacteria,Pseudomonadales,Halomonadaceae,Halomonas,halomonas halophila,33.5,False
1589,RS_GCF_007997385.1,Bacteria,Bacteroidota,Bacteroidia,Flavobacteriales,Flavobacteriaceae,Seonamhaeicola,seonamhaeicola algicola,33.5,True
1590,RS_GCF_008014775.1,Bacteria,Firmicutes,Bacilli,Bacillales_H,Salisediminibacteriaceae,Alkalicoccus,alkalicoccus halolimnae,33.0,True
1591,RS_GCF_008362905.1,Bacteria,Deferribacterota,Deferribacteres,Deferribacterales,Deferribacteraceae,Deferribacter,deferribacter autotrophicus,60.0,True
1592,RS_GCF_008386315.1,Bacteria,Actinobacteriota,Actinomycetia,Actinomycetales,Dermatophilaceae,Serinicoccus,serinicoccus marinus,35.0,True
1593,RS_GCF_009725985.1,Bacteria,Bacteroidota,Bacteroidia,Flavobacteriales,Flavobacteriaceae,Zobellia,zobellia amurskyensis,24.0,False
1594,RS_GCF_009768885.1,Bacteria,Bacteroidota,Bacteroidia,Sphingobacteriales,Sphingobacteriaceae,Sphingobacterium,sphingobacterium humi,33.5,False
1595,RS_GCF_009831115.1,Bacteria,Firmicutes,Bacilli,Staphylococcales,Salinicoccaceae,Salinicoccus,salinicoccus hispanicus,36.0,False
1596,RS_GCF_009856445.1,Bacteria,Firmicutes,Bacilli,Bacillales_D,Halobacillaceae,Halobacillus,halobacillus litoralis,35.0,False
1597,RS_GCF_010729665.1,Bacteria,Actinobacteriota,Actinomycetia,Mycobacteriales,Mycobacteriaceae,Mycobacterium,mycobacterium madagascariense,34.0,False
1598,RS_GCF_012396605.1,Bacteria,Firmicutes,Bacilli,Bacillales_A,Planococcaceae,Ureibacillus,ureibacillus thermosphaericus,52.833333333333336,True
1599,RS_GCF_012584515.1,Bacteria,Proteobacteria,Gammaproteobacteria,Burkholderiales,Burkholderiaceae,Polaromonas,polaromonas vacuolata,4.0,True
1600,RS_GCF_013032855.1,Bacteria,Proteobacteria,Alphaproteobacteria,Rhodobacterales,Rhodobacteraceae,Ruegeria,ruegeria arenilitoris,33.5,False
1601,RS_GCF_013694105.1,Bacteria,Firmicutes,Bacilli,Bacillales_D,Halobacillaceae,Halobacillus,halobacillus locisalis,35.0,False
1602,RS_GCF_014199205.1,Bacteria,Proteobacteria,Alphaproteobacteria,Acetobacterales,Acetobacteraceae,Roseomonas,roseomonas pecuniae,29.0,True
1603,RS_GCF_014203395.1,Bacteria,Actinobacteriota,Actinomycetia,Mycobacteriales,Pseudonocardiaceae,Saccharopolyspora,saccharopolyspora phatthalungensis,31.0,False
1604,RS_GCF_014466955.1,Bacteria,Actinobacteriota,Actinomycetia,Mycobacteriales,Mycobacteriaceae,Nocardia,nocardia wallacei,35.0,False
1605,RS_GCF_014636175.1,Bacteria,Proteobacteria,Alphaproteobacteria,Sphingomonadales,Sphingomonadaceae,Sphingomonas,sphingomonas psychrolutea,20.0,False
1606,RS_GCF_014643775.1,Bacteria,Proteobacteria,Gammaproteobacteria,Xanthomonadales,Xanthomonadaceae,Arenimonas,arenimonas soli,35.0,True
1607,RS_GCF_014645195.1,Bacteria,Proteobacteria,Alphaproteobacteria,Sphingomonadales,Sphingomonadaceae,Novosphingobium,novosphingobium indicum,27.5,False
1608,RS_GCF_014646655.1,Bacteria,Bacteroidota,Bacteroidia,Flavobacteriales,Flavobacteriaceae,Yeosuana,yeosuana aromativorans,34.5,True
1609,RS_GCF_015732285.1,Bacteria,Firmicutes_C,Negativicutes,Selenomonadales,Selenomonadaceae,Pectinatus,pectinatus frisingensis,29.6,False
1610,RS_GCF_016908525.1,Bacteria,Firmicutes,Bacilli,Brevibacillales,Brevibacillaceae,Brevibacillus,brevibacillus fulvus,42.5,True
1611,RS_GCF_017356265.1,Bacteria,Proteobacteria,Alphaproteobacteria,Rhodobacterales,Rhodobacteraceae,Paracoccus,paracoccus fontiphilus,22.5,False
1612,RS_GCF_019132845.1,Bacteria,Proteobacteria,Gammaproteobacteria,Burkholderiales,Burkholderiaceae,Advenella,advenella alkanexedens,32.5,False
1613,RS_GCF_900087055.1,Bacteria,Proteobacteria,Gammaproteobacteria,Enterobacterales,Enterobacteriaceae,Plesiomonas,plesiomonas shigelloides,34.5,True
1614,RS_GCF_900090225.1,Bacteria,Actinobacteriota,Actinomycetia,Mycobacteriales,Micromonosporaceae,Micromonospora,micromonospora eburnea,27.5,False
1615,RS_GCF_900091435.1,Bacteria,Actinobacteriota,Actinomycetia,Mycobacteriales,Micromonosporaceae,Micromonospora,micromonospora chaiyaphumensis,27.5,False
1616,RS_GCF_900091475.1,Bacteria,Actinobacteriota,Actinomycetia,Mycobacteriales,Micromonosporaceae,Micromonospora,micromonospora chersina,40.5,True
1617,RS_GCF_900091565.1,Bacteria,Actinobacteriota,Actinomycetia,Mycobacteriales,Micromonosporaceae,Micromonospora,micromonospora marina,27.5,False
1618,RS_GCF_900100045.1,Bacteria,Proteobacteria,Alphaproteobacteria,Rhodobacterales,Rhodobacteraceae,Paracoccus,paracoccus denitrificans,29.8461538461538,False
1619,RS_GCF_900100655.1,Bacteria,Proteobacteria,Alphaproteobacteria,Kiloniellales,Rhodovibrionaceae,Limimonas,limimonas halophila,40.0,True
1620,RS_GCF_900102025.1,Bacteria,Actinobacteriota,Actinomycetia,Actinomycetales,Actinomycetaceae,Actinobaculum,actinobaculum suis,22.5,True
1621,RS_GCF_900103185.1,Bacteria,Proteobacteria,Alphaproteobacteria,Rhodobacterales,Rhodobacteraceae,Sulfitobacter,sulfitobacter litoralis,20.0,False
1622,RS_GCF_900105905.1,Bacteria,Actinobacteriota,Actinomycetia,Mycobacteriales,Mycobacteriaceae,Rhodococcus,rhodococcus koreensis,27.5,False
1623,RS_GCF_900108055.1,Bacteria,Actinobacteriota,Thermoleophilia,Solirubrobacterales,Thermoleophilaceae,Thermoleophilum,thermoleophilum album,60.0,True
1624,RS_GCF_900108065.1,Bacteria,Proteobacteria,Gammaproteobacteria,Pseudomonadales,Nitrincolaceae,Marinobacterium,marinobacterium lutimaris,27.3335,False
1625,RS_GCF_900108085.1,Bacteria,Bacteroidota,Bacteroidia,Cytophagales,Cyclobacteriaceae,Algoriphagus,algoriphagus boritolerans,29.0,False
1626,RS_GCF_900109145.1,Bacteria,Proteobacteria,Alphaproteobacteria,Rhodobacterales,Rhodobacteraceae,Marinovum,marinovum algicola,27.5,True
1627,RS_GCF_900109725.1,Bacteria,Proteobacteria,Gammaproteobacteria,Pseudomonadales,Halomonadaceae,Halomonas,halomonas daqiaonensis,29.0,False
1628,RS_GCF_900110165.1,Bacteria,Firmicutes,Bacilli,Thermoactinomycetales,Thermoactinomycetaceae,Lihuaxuella,lihuaxuella thermophila,50.0,True
1629,RS_GCF_900111235.1,Bacteria,Firmicutes_A,Clostridia,Lachnospirales,Lachnospiraceae,Clostridium_N,clostridium_n fimetarium,22.5,True
1630,RS_GCF_900111375.1,Bacteria,Actinobacteriota,Actinomycetia,Actinomycetales,Dermatophilaceae,Pedococcus,pedococcus cremeus,29.0,True
1631,RS_GCF_900111945.1,Bacteria,Proteobacteria,Alphaproteobacteria,Rhodobacterales,Rhodobacteraceae,Litoreibacter,litoreibacter janthinus,26.5,False
1632,RS_GCF_900115175.1,Bacteria,Proteobacteria,Gammaproteobacteria,Pseudomonadales,Oleiphilaceae,Marinobacter,marinobacter gudaonensis,27.5,False
1633,RS_GCF_900128885.1,Bacteria,Firmicutes_A,Clostridia,Eubacteriales,Alkalibacteraceae,Alkalibacter,alkalibacter saccharofermentans,35.0,True
1634,RS_GCF_900129025.1,Bacteria,Bacteroidota,Bacteroidia,Bacteroidales,Prolixibacteraceae,Mariniphaga,mariniphaga anaerophila,36.0,True
1635,RS_GCF_900156315.1,Bacteria,Actinobacteriota,Actinomycetia,Streptosporangiales,Streptosporangiaceae,Microbispora,microbispora rosea,34.0,True
1636,RS_GCF_900167055.1,Bacteria,Proteobacteria,Gammaproteobacteria,Xanthomonadales,Xanthomonadaceae,Lysobacter,lysobacter spongiicola,26.5,False
1637,RS_GCF_900182585.1,Bacteria,Aquificota,Desulfurobacteriia,Desulfurobacteriales,Desulfurobacteriaceae,Balnearium,balnearium lithotrophicum,71.25,True
1638,RS_GCF_900182605.1,Bacteria,Bacteroidota,Bacteroidia,Bacteroidales,Marinilabiliaceae,Saccharicrinis,saccharicrinis carchari,29.0,True
1639,RS_GCF_900215515.1,Bacteria,Aquificota,Aquificae,Hydrogenothermales,Hydrogenothermaceae,Persephonella,persephonella hydrogeniphila,70.0,True
1640,RS_GCF_900220985.1,Bacteria,Proteobacteria,Alphaproteobacteria,Rhizobiales,Rhizobiaceae,Hoeflea,hoeflea halophila,26.5,False
1641,RS_GCF_900234795.1,Bacteria,Proteobacteria,Alphaproteobacteria,Rhizobiales,Beijerinckiaceae,Methylobacterium,methylobacterium extorquens,28.8783181818182,False
1642,RS_GCF_900636385.1,Bacteria,Firmicutes,Bacilli,Staphylococcales,Staphylococcaceae,Staphylococcus,staphylococcus warneri,32.33322222222223,False
1643,GB_GCA_000169355.1,Bacteria,Bacteroidota,Bacteroidia,Flavobacteriales,Flavobacteriaceae,Flavobacterium,flavobacterium sp000169355,32.5,False
1644,GB_GCA_000761475.1,Bacteria,Proteobacteria,Gammaproteobacteria,Pseudomonadales,Halomonadaceae,Chromohalobacter,chromohalobacter israelensis,29.0,True
1645,GB_GCA_001584565.1,Bacteria,Firmicutes_A,Clostridia,Peptostreptococcales,Peptostreptococcaceae,Clostridium_Y,clostridium_y paradoxum,56.0,True
1646,GB_GCA_002245855.1,Bacteria,Bacteroidota,Bacteroidia,Sphingobacteriales,Sphingobacteriaceae,Sphingobacterium,sphingobacterium cellulitidis,32.5,False
1647,GB_GCA_003054495.1,Bacteria,Firmicutes_B,GCA-003054495,Carboxydocellales,Carboxydocellaceae,Carboxydocella,carboxydocella thermautotrophica,57.44433333333333,True
1648,RS_GCF_000008625.1,Bacteria,Aquificota,Aquificae,Aquificales,Aquificaceae,Aquifex,aquifex aeolicus,94.6875,True
1649,RS_GCF_000012965.1,Bacteria,Campylobacterota,Campylobacteria,Campylobacterales,Sulfurimonadaceae,Sulfurimonas,sulfurimonas denitrificans,22.3335,False
1650,RS_GCF_000014805.1,Bacteria,Proteobacteria,Gammaproteobacteria,Enterobacterales,Aeromonadaceae,Aeromonas,aeromonas hydrophila,28.05,False
1651,RS_GCF_000015725.1,Bacteria,Proteobacteria,Gammaproteobacteria,Burkholderiales,Burkholderiaceae,Methylibium,methylibium petroleiphilum,27.857,True
1652,RS_GCF_000016425.1,Bacteria,Actinobacteriota,Actinomycetia,Mycobacteriales,Micromonosporaceae,Micromonospora,micromonospora tropica,25.833,False
1653,RS_GCF_000016545.1,Bacteria,Firmicutes_A,Thermoanaerobacteria,Caldicellulosiruptorales,Caldicellulosiruptoraceae,Caldicellulosiruptor,caldicellulosiruptor saccharolyticus,70.66666666666667,True
1654,RS_GCF_000017305.1,Bacteria,Actinobacteriota,Actinomycetia,Actinomycetales,Kineococcaceae,Kineococcus,kineococcus radiotolerans,30.8,True
1655,RS_GCF_000023285.1,Bacteria,Bacteroidota,Bacteroidia,Flavobacteriales,Flavobacteriaceae,Capnocytophaga,capnocytophaga ochracea,35.955,True
1656,RS_GCF_000024905.1,Bacteria,Synergistota,Synergistia,Synergistales,Synergistaceae,Thermanaerovibrio,thermanaerovibrio acidaminovorans,54.16666666666666,True
1657,RS_GCF_000060345.1,Bacteria,Bacteroidota,Bacteroidia,Flavobacteriales,Flavobacteriaceae,Gramella,gramella forsetii,28.0,False
1658,RS_GCF_000092785.1,Bacteria,Chlamydiota,Chlamydiia,Chlamydiales,Waddliaceae,Waddlia,waddlia chondrophila,32.5,True
1659,RS_GCF_000092925.1,Bacteria,Proteobacteria,Alphaproteobacteria,Rhizobiales,Xanthobacteraceae,Starkeya,starkeya novella,27.25,True
1660,RS_GCF_000147355.1,Bacteria,Campylobacterota,Campylobacteria,Campylobacterales,Sulfurimonadaceae,Sulfurimonas,sulfurimonas autotrophica,24.25,True
1661,RS_GCF_000152885.1,Bacteria,Proteobacteria,Gammaproteobacteria,Enterobacterales,Alteromonadaceae,Idiomarina,idiomarina baltica,33.5,False
1662,RS_GCF_000160455.2,Bacteria,Synergistota,Synergistia,Synergistales,Acetomicrobiaceae,Acetomicrobium,acetomicrobium hydrogeniformans,55.0,True
1663,RS_GCF_000161775.1,Bacteria,Proteobacteria,Alphaproteobacteria,Rhodobacterales,Rhodobacteraceae,Ruegeria,ruegeria lacuscaerulensis,45.0,True
1664,RS_GCF_000166275.1,Bacteria,Bacteroidota,Bacteroidia,Cytophagales,Cyclobacteriaceae,Algoriphagus,algoriphagus machipongonensis,29.0,False
1665,RS_GCF_000176135.1,Bacteria,Proteobacteria,Gammaproteobacteria,Enterobacterales,Vibrionaceae,Vibrio,vibrio coralliilyticus,25.667,False
1666,RS_GCF_000185805.1,Bacteria,Aquificota,Desulfurobacteriia,Desulfurobacteriales,Desulfurobacteriaceae,Thermovibrio,thermovibrio ammonificans,74.66666666666667,True
1667,RS_GCF_000196875.2,Bacteria,Proteobacteria,Gammaproteobacteria,Pseudomonadales,Halomonadaceae,Halomonas,halomonas elongata,31.35,True
1668,RS_GCF_000212355.1,Bacteria,Bacteroidota,Bacteroidia,Flavobacteriales,Flavobacteriaceae,Dokdonia,dokdonia sp000212355,20.0,True
1669,RS_GCF_000213655.1,Bacteria,Proteobacteria,Gammaproteobacteria,Enterobacterales,Alteromonadaceae,Alteromonas,alteromonas naphthalenivorans,27.5,True
1670,RS_GCF_000218235.1,Bacteria,Bacteroidota,Bacteroidia,Bacteroidales,Bacteroidaceae,Prevotella,prevotella multisaccharivorax,32.5,False
1671,RS_GCF_000218485.1,Bacteria,Bacteroidota,Bacteroidia,Flavobacteriales,Flavobacteriaceae,Aquimarina,aquimarina agarivorans,29.0,False
1672,RS_GCF_000219725.1,Bacteria,Spirochaetota,Spirochaetia,Treponematales,Termitinemataceae,Treponema_G,treponema_g caldarium,36.0,True
1673,RS_GCF_000231385.2,Bacteria,Firmicutes_B,Desulfitobacteriia,Desulfitobacteriales,Desulfitobacteriaceae,Desulfosporosinus,desulfosporosinus meridiei,27.0,False
1674,RS_GCF_000238395.3,Bacteria,Proteobacteria,Gammaproteobacteria,Enterobacterales,Alteromonadaceae,Pseudoalteromonas,pseudoalteromonas arctica,15.0,True
1675,RS_GCF_000242915.1,Bacteria,Campylobacterota,Campylobacteria,Campylobacterales,Sulfurimonadaceae,Sulfurimonas,sulfurimonas gotlandica,17.75,True
1676,RS_GCF_000347635.1,Bacteria,Proteobacteria,Gammaproteobacteria,Enterobacterales,Alteromonadaceae,Paraglaciecola,paraglaciecola psychrophila,12.0,True
1677,RS_GCF_000348945.1,Bacteria,Actinobacteriota,Actinomycetia,Actinomycetales,Micrococcaceae,Paeniglutamicibacter,paeniglutamicibacter gangotriensis,22.0,False
1678,RS_GCF_000367325.1,Bacteria,Bacteroidota,Bacteroidia,Flavobacteriales,Weeksellaceae,Elizabethkingia,elizabethkingia meningoseptica,32.5,True
1679,RS_GCF_000373385.1,Bacteria,Proteobacteria,Gammaproteobacteria,Burkholderiales,Thiobacillaceae,Thiobacillus,thiobacillus thioparus,29.0,True
1680,RS_GCF_000373745.1,Bacteria,Proteobacteria,Gammaproteobacteria,Burkholderiales,Burkholderiaceae,Oligella,oligella ureolytica,34.0,True
1681,RS_GCF_000374145.1,Bacteria,Proteobacteria,Alphaproteobacteria,Rhodobacterales,Rhodobacteraceae,Neomegalonema,neomegalonema perideroedes,27.5,True
1682,RS_GCF_000379165.1,Bacteria,Proteobacteria,Gammaproteobacteria,Pseudomonadales,Cellvibrionaceae,Teredinibacter,teredinibacter turnerae,32.5,True
1683,RS_GCF_000382145.1,Bacteria,Proteobacteria,Gammaproteobacteria,Pseudomonadales,Moraxellaceae,Psychrobacter,psychrobacter lutiphocae,30.25,False
1684,RS_GCF_000384195.1,Bacteria,Firmicutes,Bacilli,Erysipelotrichales,Erysipelotrichaceae,Allobaculum,allobaculum stercoricanis,38.5,True
1685,RS_GCF_000403135.1,Bacteria,Bacteroidota,Bacteroidia,Sphingobacteriales,Sphingobacteriaceae,Arcticibacter,arcticibacter svalbardensis,18.0,True
1686,RS_GCF_000406165.1,Bacteria,Proteobacteria,Gammaproteobacteria,Enterobacterales,Enterobacteriaceae,Dickeya,dickeya zeae,31.167,False
1687,RS_GCF_000410515.1,Bacteria,Proteobacteria,Gammaproteobacteria,Enterobacterales,Enterobacteriaceae,Kosakonia,kosakonia sp000410515,31.25,True
1688,RS_GCF_000419445.1,Bacteria,Actinobacteriota,Actinomycetia,Actinomycetales,Microbacteriaceae,Gryllotalpicola,gryllotalpicola ginsengisoli,33.5,True
1689,RS_GCF_000421665.1,Bacteria,Firmicutes,Bacilli,Lactobacillales,Aerococcaceae,Bavariicoccus,bavariicoccus seileri,34.0,True
1690,RS_GCF_000423005.1,Bacteria,Bacteroidota,Bacteroidia,Flavobacteriales,Flavobacteriaceae,Gelidibacter,gelidibacter mesophilus,21.0,True
1691,RS_GCF_000424765.1,Bacteria,Actinobacteriota,Actinomycetia,Streptomycetales,Streptomycetaceae,Streptomyces,streptomyces sp000424765,23.5,False
1692,RS_GCF_000426585.1,Bacteria,Bacteroidota,Bacteroidia,Bacteroidales,Bacteroidaceae,Prevotella,prevotella baroniae,35.0,False
1693,RS_GCF_000430725.1,Bacteria,Proteobacteria,Gammaproteobacteria,Burkholderiales,Burkholderiaceae,Azohydromonas,azohydromonas australica,32.5,False
1694,RS_GCF_000474275.2,Bacteria,Firmicutes,Bacilli,Bacillales_H,Bacillaceae_D,Bacillus_S,bacillus_s marmarensis,31.25,True
1695,RS_GCF_000496575.1,Bacteria,Firmicutes,Bacilli,Bacillales,Anoxybacillaceae,Geobacillus,geobacillus thermodenitrificans,60.11363636363637,True
1696,RS_GCF_000507245.1,Bacteria,Spirochaetota,Spirochaetia,DSM-27196,Salinispiraceae,Salinispira,salinispira pacifica,35.0,True
1697,RS_GCF_000510645.1,Bacteria,Firmicutes,Bacilli,Thermicanales,Thermicanaceae,Thermicanus,thermicanus aegyptius,56.25,True
1698,RS_GCF_000621125.1,Bacteria,Bacteroidota,Bacteroidia,Flavobacteriales,Flavobacteriaceae,Maribacter,maribacter antarcticus,10.0,True
1699,RS_GCF_000696095.1,Bacteria,Proteobacteria,Alphaproteobacteria,Rhizobiales,Rhizobiaceae,Rhizobium,rhizobium rhizogenes,26.0,False
1700,RS_GCF_000698555.1,Bacteria,Proteobacteria,Gammaproteobacteria,Burkholderiales,Burkholderiaceae,Caballeronia,caballeronia grimmiae,29.0,True
1701,RS_GCF_000730645.1,Bacteria,Proteobacteria,Gammaproteobacteria,Pseudomonadales,Pseudomonadaceae,Pseudomonas_E,pseudomonas_e parafulva,27.5,True
1702,RS_GCF_000733935.1,Bacteria,Proteobacteria,Gammaproteobacteria,Methylococcales,Methylomonadaceae,Methylomarinum,methylomarinum vadi,40.0,True
1703,RS_GCF_000745065.1,Bacteria,Deinococcota,Deinococci,Deinococcales,Thermaceae,Thermus,thermus caliditerrae,65.0,True
1704,RS_GCF_000820225.1,Bacteria,Proteobacteria,Gammaproteobacteria,Enterobacterales,Aeromonadaceae,Aeromonas,aeromonas veronii,32.1665,False
1705,RS_GCF_000830885.1,Bacteria,Chloroflexota,Dehalococcoidia,Dehalococcoidales,Dehalococcoidaceae,Dehalococcoides,dehalococcoides mccartyi_b,31.0,True
1706,RS_GCF_000835165.1,Bacteria,Actinobacteriota,Actinomycetia,Mycobacteriales,Mycobacteriaceae,Corynebacterium,corynebacterium marinum,30.6,False
1707,RS_GCF_000969705.1,Bacteria,Actinobacteriota,Actinomycetia,Nitriliruptorales,Nitriliruptoraceae,Nitriliruptor,nitriliruptor alkaliphilus,32.0,True
1708,RS_GCF_001020565.1,Bacteria,Bacteroidota,Bacteroidia,Flavobacteriales,Flavobacteriaceae,Maribacter,maribacter thermophilus,41.0,True
1709,RS_GCF_001025195.1,Bacteria,Actinobacteriota,Actinomycetia,Actinomycetales,Bifidobacteriaceae,Bifidobacterium,bifidobacterium catenulatum,37.75,True
1710,RS_GCF_001277805.1,Bacteria,Firmicutes,Bacilli,Bacillales,Anoxybacillaceae,Geobacillus,geobacillus stearothermophilus,53.8636363636364,True
1711,RS_GCF_001294205.1,Bacteria,Proteobacteria,Gammaproteobacteria,Burkholderiales,Chitinibacteraceae,Amantichitinum,amantichitinum ursilacus,22.5,True
1712,RS_GCF_001411495.1,Bacteria,Proteobacteria,Gammaproteobacteria,Burkholderiales,Burkholderiaceae,Burkholderia,burkholderia cepacia,31.83457142857145,False
1713,RS_GCF_001439695.1,Bacteria,Proteobacteria,Gammaproteobacteria,Pseudomonadales,Pseudomonadaceae,Pseudomonas_E,pseudomonas_e veronii,19.5,True
1714,RS_GCF_001444405.1,Bacteria,Proteobacteria,Gammaproteobacteria,Enterobacterales,Alteromonadaceae,Pseudoalteromonas,pseudoalteromonas phenolica,31.0,False
1715,RS_GCF_001458195.1,Bacteria,Proteobacteria,Alphaproteobacteria,Rhodobacterales,Rhodobacteraceae,Ruegeria,ruegeria atlantica,20.0,False
1716,RS_GCF_001458315.1,Bacteria,Proteobacteria,Alphaproteobacteria,Rhodobacterales,Rhodobacteraceae,Thalassobacter,thalassobacter stenotrophicus,24.875,True
1717,RS_GCF_001519075.1,Bacteria,Proteobacteria,Alphaproteobacteria,Sphingomonadales,Sphingomonadaceae,Novosphingobium,novosphingobium fuchskuhlense,26.5,False
1718,RS_GCF_001542775.1,Bacteria,Actinobacteriota,Actinomycetia,Actinomycetales,Microbacteriaceae,Microterricola,microterricola viridarii_a,18.75,True
1719,RS_GCF_001543285.1,Bacteria,Firmicutes,Bacilli,Lactobacillales,Aerococcaceae,Aerococcus,aerococcus viridans,32.3333333333333,True
1720,RS_GCF_001552475.1,Bacteria,Actinobacteriota,Actinomycetia,Actinomycetales,Microbacteriaceae,Microbacterium,microbacterium oleivorans,33.5,False
1721,RS_GCF_001556515.1,Bacteria,Proteobacteria,Alphaproteobacteria,Caulobacterales,Caulobacteraceae,Caulobacter,caulobacter sp001556515,20.0,False
1722,RS_GCF_001584335.1,Bacteria,Firmicutes,Bacilli,Bacillales,Bacillaceae,Bacillus,bacillus atrophaeus,29.644444444444435,False
1723,RS_GCF_001661965.1,Bacteria,Proteobacteria,Alphaproteobacteria,Sphingomonadales,Sphingomonadaceae,Croceicoccus,croceicoccus mobilis,33.5,False
1724,RS_GCF_001697225.1,Bacteria,Proteobacteria,Gammaproteobacteria,Immundisolibacterales,Immundisolibacteraceae,Immundisolibacter,immundisolibacter cernigliae,29.0,True
1725,RS_GCF_001730525.1,Bacteria,Bacteroidota,Bacteroidia,Sphingobacteriales,Sphingobacteriaceae,Arcticibacter,arcticibacter eurypsychrophilus,12.5,True
1726,RS_GCF_001742225.1,Bacteria,Proteobacteria,Alphaproteobacteria,Sphingomonadales,Sphingomonadaceae,Novosphingobium,novosphingobium resinovorum,27.25,False
1727,RS_GCF_001750285.1,Bacteria,Firmicutes,Bacilli,Bacillales_B,Domibacillaceae,Domibacillus,domibacillus iocasae,35.0,False
1728,RS_GCF_001995985.1,Bacteria,Proteobacteria,Gammaproteobacteria,Enterobacterales,Vibrionaceae,Salinivibrio,salinivibrio sharmensis,35.0,False
1729,RS_GCF_002015085.1,Bacteria,Proteobacteria,Gammaproteobacteria,Enterobacterales,Pasteurellaceae,Glaesserella,glaesserella parasuis,36.625,True
1730,RS_GCF_002097535.1,Bacteria,Firmicutes,Bacilli,Bacillales_D,Halobacillaceae,Halobacillus,halobacillus mangrovi,34.333333333333336,False
1731,RS_GCF_002101735.1,Bacteria,Actinobacteriota,Actinomycetia,Mycobacteriales,Mycobacteriaceae,Mycobacterium,mycobacterium kyorinense,35.0,False
1732,RS_GCF_002117105.1,Bacteria,Proteobacteria,Gammaproteobacteria,Pseudomonadales,DSM-21967,Oceanicoccus,oceanicoccus sagamiensis,17.5,True
1733,RS_GCF_002150685.1,Bacteria,Bacteroidota,Bacteroidia,Cytophagales,Cyclobacteriaceae,Algoriphagus,algoriphagus antarcticus,20.0,False
1734,RS_GCF_002157145.1,Bacteria,Proteobacteria,Gammaproteobacteria,Burkholderiales,Burkholderiaceae,Acidovorax,acidovorax carolinensis,31.25,False
1735,RS_GCF_002221595.1,Bacteria,Proteobacteria,Gammaproteobacteria,Burkholderiales,Burkholderiaceae,Turicimonas,turicimonas muris,34.0,True
1736,RS_GCF_002549795.1,Bacteria,Proteobacteria,Gammaproteobacteria,Pseudomonadales,Halomonadaceae,Halomonas,halomonas beimenensis,40.0,True
1737,RS_GCF_002858865.1,Bacteria,Proteobacteria,Alphaproteobacteria,Caulobacterales,Caulobacteraceae,Caulobacter,caulobacter vibrioides,29.5,True
1738,RS_GCF_002925905.1,Bacteria,Proteobacteria,Gammaproteobacteria,Enterobacterales,Enterobacteriaceae,Klebsiella,klebsiella michiganensis,35.0,True
1739,RS_GCF_002954355.1,Bacteria,Bacteroidota,Bacteroidia,Flavobacteriales,Flavobacteriaceae,Nonlabens,nonlabens tegetincola,28.375,False
1740,RS_GCF_002954665.1,Bacteria,Bacteroidota,Bacteroidia,Flavobacteriales,Flavobacteriaceae,Polaribacter,polaribacter glomeratus,15.0,True
1741,RS_GCF_003002875.1,Bacteria,Bacteroidota,Bacteroidia,Sphingobacteriales,Sphingobacteriaceae,Arcticibacter,arcticibacter pallidicorallinus,22.5,True
1742,RS_GCF_003003005.1,Bacteria,Bacteroidota,Bacteroidia,Cytophagales,Cyclobacteriaceae,Mongoliibacter,mongoliibacter ruber,26.5,True
1743,RS_GCF_003026355.1,Bacteria,Proteobacteria,Gammaproteobacteria,Enterobacterales,Vibrionaceae,Photobacterium,photobacterium kishitanii,24.0,False
1744,RS_GCF_003044445.1,Bacteria,Proteobacteria,Gammaproteobacteria,Burkholderiales,Neisseriaceae,Neisseria,neisseria mucosa_a,36.0,False
1745,RS_GCF_003148665.1,Bacteria,Bacteroidota,Bacteroidia,Flavobacteriales,Flavobacteriaceae,Maribacter_A,maribacter_a polysiphoniae,31.0,True
1746,RS_GCF_003202035.1,Bacteria,Proteobacteria,Gammaproteobacteria,Burkholderiales,Chromobacteriaceae,Aquitalea,aquitalea magnusonii,35.0,True
1747,RS_GCF_003206135.1,Bacteria,Proteobacteria,Gammaproteobacteria,Pseudomonadales,Halomonadaceae,Salinicola,salinicola salarius,27.5,False
1748,RS_GCF_003217575.1,Bacteria,Proteobacteria,Gammaproteobacteria,Burkholderiales,Burkholderiaceae,Xylophilus,xylophilus ampelinus,20.0,True
1749,RS_GCF_003258865.1,Bacteria,Proteobacteria,Alphaproteobacteria,Rhizobiales,Xanthobacteraceae,Rhodoplanes,rhodoplanes roseus,32.6666666666667,False
1750,RS_GCF_003335215.1,Bacteria,Proteobacteria,Gammaproteobacteria,Burkholderiales,Burkholderiaceae,Parvibium,parvibium lacunae,31.0,True
1751,RS_GCF_003385595.1,Bacteria,Bacteroidota,Bacteroidia,Flavobacteriales,Weeksellaceae,Chryseobacterium,chryseobacterium flavum,32.5,False
1752,RS_GCF_003443735.1,Bacteria,Actinobacteriota,Actinomycetia,Streptomycetales,Streptomycetaceae,Streptomyces,streptomyces sviceus,32.5,False
1753,RS_GCF_003585765.1,Bacteria,Bacteroidota,Bacteroidia,Cytophagales,Hymenobacteraceae,Pontibacter,pontibacter actiniarum,26.5,False
1754,RS_GCF_003606285.1,Bacteria,Spirochaetota,Spirochaetia,Borreliales,Borreliaceae,Borrelia,borrelia turcica,35.0,True
1755,RS_GCF_003610455.1,Bacteria,Proteobacteria,Alphaproteobacteria,Rhodobacterales,Rhodobacteraceae,Sulfitobacter,sulfitobacter guttiformis,18.0,True
1756,RS_GCF_003614235.1,Bacteria,Firmicutes_A,Clostridia,Clostridiales,Clostridiaceae,Clostridium_H,clostridium_h haemolyticum,37.637,True
1757,RS_GCF_003628505.1,Bacteria,Firmicutes,Bacilli,Bacillales_D,Amphibacillaceae,Oceanobacillus,oceanobacillus halophilus,35.0,False
1758,RS_GCF_003751265.1,Bacteria,Actinobacteriota,Actinomycetia,Actinomycetales,Quadrisphaeraceae,Pseudokineococcus,pseudokineococcus lusitanus,29.0,True
1759,RS_GCF_003814515.1,Bacteria,Firmicutes,Bacilli,Staphylococcales,Salinicoccaceae,Salinicoccus,salinicoccus roseus,36.0,False
1760,RS_GCF_003987315.1,Bacteria,Proteobacteria,Gammaproteobacteria,Enterobacterales,Alteromonadaceae,Aliidiomarina,aliidiomarina haloalkalitolerans,33.5,True
1761,RS_GCF_004152935.1,Bacteria,Bacteroidota,Bacteroidia,Flavobacteriales,Crocinitomicaceae,Brumimicrobium,brumimicrobium glaciale,17.5,True
1762,RS_GCF_004216575.1,Bacteria,Actinobacteriota,Actinomycetia,Actinomycetales,Microbacteriaceae,Microcella,microcella putealis,35.0,True
1763,RS_GCF_004331745.1,Bacteria,Proteobacteria,Alphaproteobacteria,Rhizobiales,Rhizobiaceae,Oricola,oricola cellulosilytica,27.5,True
1764,RS_GCF_004342065.1,Bacteria,Proteobacteria,Alphaproteobacteria,Rhodobacterales,Rhodobacteraceae,Primorskyibacter,primorskyibacter sedentarius,27.5,True
1765,RS_GCF_004345725.1,Bacteria,Proteobacteria,Gammaproteobacteria,Burkholderiales,Chromobacteriaceae,Crenobacter,crenobacter luteus,45.0,True
1766,RS_GCF_004684905.1,Bacteria,Firmicutes,Bacilli,Bacillales_D,Halobacillaceae,Halobacillus,halobacillus salinus,33.5,False
1767,RS_GCF_004959925.1,Bacteria,Proteobacteria,Alphaproteobacteria,Rhodobacterales,Rhodobacteraceae,Pseudooceanicola,pseudooceanicola onchidii,36.0,True
1768,RS_GCF_006094695.1,Bacteria,Actinobacteriota,Actinomycetia,Actinomycetales,Micrococcaceae,Kocuria,kocuria rosea,25.5,False
1769,RS_GCF_006363815.1,Bacteria,Actinobacteriota,Actinomycetia,Streptosporangiales,Streptosporangiaceae,Thermomonospora,thermomonospora catenispora,52.5,True
1770,RS_GCF_006716115.1,Bacteria,Actinobacteriota,Actinomycetia,Actinomycetales,Microbacteriaceae,Subtercola,subtercola boreus,16.0,True
1771,RS_GCF_007556605.1,Bacteria,Proteobacteria,Gammaproteobacteria,Burkholderiales,Burkholderiaceae,Tepidimonas,tepidimonas sediminis,47.5,True
1772,RS_GCF_008086595.1,Bacteria,Firmicutes_A,Clostridia,Eubacteriales,Eubacteriaceae,Acetobacterium,acetobacterium paludosum,20.0,False
1773,RS_GCF_008086615.1,Bacteria,Firmicutes_A,Clostridia,Eubacteriales,Eubacteriaceae,Acetobacterium,acetobacterium tundrae,20.0,True
1774,RS_GCF_009789535.1,Bacteria,Proteobacteria,Alphaproteobacteria,Sphingomonadales,Sphingomonadaceae,Sphingomonas,sphingomonas carotinifaciens,29.0,False
1775,RS_GCF_009858335.1,Bacteria,Proteobacteria,Gammaproteobacteria,Burkholderiales,Methylophilaceae,Methylovorus,methylovorus glucosotrophus,33.5,True
1776,RS_GCF_009930795.1,Bacteria,Actinobacteriota,Actinomycetia,Actinomycetales,Microbacteriaceae,Marisediminicola,marisediminicola antarctica,20.25,True
1777,RS_GCF_010731775.1,Bacteria,Actinobacteriota,Actinomycetia,Mycobacteriales,Mycobacteriaceae,Mycobacterium,mycobacterium mantenii,36.0,False
1778,RS_GCF_010994275.1,Bacteria,Bacteroidota,Bacteroidia,Cytophagales,Cyclobacteriaceae,Cyclobacterium,cyclobacterium jeungdonense,27.5,False
1779,RS_GCF_011761475.1,Bacteria,Firmicutes,Bacilli,Bacillales,Anoxybacillaceae,Saccharococcus,saccharococcus thermophilus,65.0,True
1780,RS_GCF_011806565.1,Bacteria,Proteobacteria,Alphaproteobacteria,Rhodobacterales,Rhodobacteraceae,Marivivens,marivivens donghaensis,32.5,True
1781,RS_GCF_013408335.1,Bacteria,Actinobacteriota,Actinomycetia,Propionibacteriales,Nocardioidaceae,Nocardioides,nocardioides panzhihuensis,26.5,False
1782,RS_GCF_014196455.1,Bacteria,Proteobacteria,Alphaproteobacteria,Rhizobiales,Kaistiaceae,Kaistia,kaistia hirudinis,27.5,False
1783,RS_GCF_014202935.1,Bacteria,Proteobacteria,Gammaproteobacteria,Xanthomonadales,Xanthomonadaceae,Rehaibacterium,rehaibacterium terrae,45.0,True
1784,RS_GCF_014270035.1,Bacteria,Proteobacteria,Gammaproteobacteria,Enterobacterales,Alteromonadaceae,Neptunicella,neptunicella marina,31.0,True
1785,RS_GCF_014395225.1,Bacteria,Bacteroidota,Bacteroidia,Sphingobacteriales,Sphingobacteriaceae,Pedobacter,pedobacter roseus,27.5,False
1786,RS_GCF_014396165.1,Bacteria,Firmicutes,Bacilli,Erysipelotrichales,Erysipelotrichaceae,Erysipelothrix,erysipelothrix inopinata,27.5,False
1787,RS_GCF_014640535.1,Bacteria,Actinobacteriota,Actinomycetia,Actinomycetales,Microbacteriaceae,Cnuibacter,cnuibacter physcomitrellae,29.0,True
1788,RS_GCF_014644415.1,Bacteria,Actinobacteriota,Actinomycetia,Propionibacteriales,Nocardioidaceae,Marmoricola,marmoricola endophyticus,29.0,False
1789,RS_GCF_014646075.1,Bacteria,Actinobacteriota,Actinomycetia,Mycobacteriales,Pseudonocardiaceae,Saccharopolyspora,saccharopolyspora subtropica,43.5,True
1790,RS_GCF_014651935.1,Bacteria,Proteobacteria,Gammaproteobacteria,Pseudomonadales,Oleiphilaceae,Marinobacter,marinobacter zhanjiangensis,27.5,False
1791,RS_GCF_014651955.1,Bacteria,Proteobacteria,Gammaproteobacteria,Enterobacterales,Shewanellaceae,Shewanella,shewanella fodinae,33.5,False
1792,RS_GCF_014656135.1,Bacteria,Actinobacteriota,Actinomycetia,Streptomycetales,Streptomycetaceae,Streptomyces,streptomyces thermodiastaticus,36.5,False
1793,RS_GCF_015276835.1,Bacteria,Firmicutes,Bacilli,Lactobacillales,Listeriaceae,Listeria,listeria innocua,34.375,False
1794,RS_GCF_016107555.1,Bacteria,Proteobacteria,Gammaproteobacteria,Pseudomonadales,Moraxellaceae,Psychrobacter,psychrobacter celer,27.5,False
1795,RS_GCF_016586355.1,Bacteria,Firmicutes_A,Clostridia,Lachnospirales,Lachnospiraceae,Anaerostipes,anaerostipes butyraticus,39.5,True
1796,RS_GCF_016595495.1,Bacteria,Verrucomicrobiota,Verrucomicrobiae,Verrucomicrobiales,Akkermansiaceae,Persicirhabdus,persicirhabdus sediminis,24.25,True
1797,RS_GCF_016765635.1,Bacteria,Proteobacteria,Gammaproteobacteria,Enterobacterales,Shewanellaceae,Shewanella,shewanella schlegeliana,22.5,False
1798,RS_GCF_900091585.1,Bacteria,Actinobacteriota,Actinomycetia,Mycobacteriales,Micromonosporaceae,Micromonospora,micromonospora nigra,26.0,False
1799,RS_GCF_900101825.1,Bacteria,Proteobacteria,Gammaproteobacteria,Xanthomonadales,Xanthomonadaceae,Aquimonas,aquimonas voraii,33.5,True
1800,RS_GCF_900103935.1,Bacteria,Actinobacteriota,Actinomycetia,Propionibacteriales,Nocardioidaceae,Nocardioides,nocardioides szechwanensis,18.75,True
1801,RS_GCF_900108915.1,Bacteria,Proteobacteria,Gammaproteobacteria,Pseudomonadales,Halomonadaceae,Pseudospirillum,pseudospirillum japonicum,25.5,True
1802,RS_GCF_900109355.1,Bacteria,Actinobacteriota,Actinomycetia,Streptosporangiales,Streptosporangiaceae,Nonomuraea,nonomuraea pusilla,32.5,False
1803,RS_GCF_900112005.1,Bacteria,Bacteroidota,Bacteroidia,Cytophagales,Cyclobacteriaceae,Algoriphagus,algoriphagus aquimarinus,24.0,False
1804,RS_GCF_900113375.1,Bacteria,Bacteroidota,Bacteroidia,Cytophagales,Cyclobacteriaceae,Algoriphagus,algoriphagus hitonicola,36.0,False
1805,RS_GCF_900113435.1,Bacteria,Proteobacteria,Alphaproteobacteria,Rhodobacterales,Rhodobacteraceae,Sulfitobacter,sulfitobacter dubius,25.5,False
1806,RS_GCF_900114245.1,Bacteria,Proteobacteria,Alphaproteobacteria,Rhizobiales,Stappiaceae,Pseudovibrio,pseudovibrio ascidiaceicola,27.5,True
1807,RS_GCF_900114535.1,Bacteria,Proteobacteria,Alphaproteobacteria,Rhizobiales,Beijerinckiaceae,Methylobacterium,methylobacterium pseudosasicola,29.0,False
1808,RS_GCF_900129055.1,Bacteria,Proteobacteria,Gammaproteobacteria,Burkholderiales,Burkholderiaceae,Lampropedia,lampropedia hyalina,29.0,True
1809,RS_GCF_900129125.1,Bacteria,Proteobacteria,Alphaproteobacteria,Acetobacterales,Acetobacteraceae,Acidocella,acidocella aminolytica,32.3333333333333,False
1810,RS_GCF_900129305.1,Bacteria,Desulfobacterota,Syntrophobacteria,Syntrophobacterales,DSM-9756,Desulfacinum,desulfacinum infernum,60.0,True
1811,RS_GCF_900129345.1,Bacteria,Proteobacteria,Alphaproteobacteria,Rhodobacterales,Rhodobacteraceae,Ruegeria,ruegeria intermedia,41.0,True
1812,RS_GCF_900141805.1,Bacteria,Bacteroidota,Bacteroidia,Cytophagales,Hymenobacteraceae,Hymenobacter,hymenobacter daecheongensis,17.0,True
1813,RS_GCF_900142625.1,Bacteria,Proteobacteria,Alphaproteobacteria,Rhodobacterales,Rhodobacteraceae,Roseovarius,roseovarius marisflavi,32.5,False
1814,RS_GCF_900156265.1,Bacteria,Proteobacteria,Alphaproteobacteria,Acetobacterales,Acetobacteraceae,Acidiphilium,acidiphilium rubrum,23.75,False
1815,RS_GCF_900166645.1,Bacteria,Firmicutes,Bacilli,Bacillales,Bacillaceae,Bacillus,bacillus sonorensis_a,35.0,False
1816,RS_GCF_900187265.1,Bacteria,Actinobacteriota,Actinomycetia,Mycobacteriales,Mycobacteriaceae,Rhodococcus,rhodococcus rhodochrous,28.08,False
1817,RS_GCF_900239935.1,Bacteria,Proteobacteria,Gammaproteobacteria,Enterobacterales,Alteromonadaceae,Pseudoalteromonas,pseudoalteromonas carrageenovora,20.0,False
1818,RS_GCF_904846715.1,Bacteria,Proteobacteria,Gammaproteobacteria,Pseudomonadales,Moraxellaceae,Psychrobacter,psychrobacter vallis,22.0,False
1819,GB_GCA_002243705.1,Bacteria,Firmicutes,Bacilli,Bacillales,Anoxybacillaceae,Anoxybacillus,anoxybacillus flavithermus,59.58333333333335,True
1820,GB_GCA_003263775.1,Bacteria,Proteobacteria,Gammaproteobacteria,Enterobacterales,Vibrionaceae,Vibrio,vibrio maritimus,32.5,False
1821,GB_GCA_003610235.1,Bacteria,Actinobacteriota,Actinomycetia,Mycobacteriales,Micromonosporaceae,Catellatospora,catellatospora citrea,31.0,True
1822,GB_GCA_004346725.1,Bacteria,Proteobacteria,Gammaproteobacteria,Enterobacterales,Enterobacteriaceae,Phytobacter,phytobacter diazotrophicus,32.5,True
1823,GB_GCA_005405945.1,Bacteria,Actinobacteriota,Actinomycetia,Streptomycetales,Streptomycetaceae,Streptomyces,streptomyces violaceusniger,32.5,False
1824,GB_GCA_900129645.1,Bacteria,Synergistota,Synergistia,Synergistales,Acetomicrobiaceae,Acetomicrobium,acetomicrobium flavidum,55.583333333333336,True
1825,RS_GCF_000008185.1,Bacteria,Spirochaetota,Spirochaetia,Treponematales,Treponemataceae,Treponema_B,treponema_b denticola,36.0,True
1826,RS_GCF_000008365.1,Bacteria,Firmicutes,Bacilli,Mycoplasmatales,Metamycoplasmataceae,Mycoplasma_J,mycoplasma_j mobile,20.0,True
1827,RS_GCF_000013045.1,Bacteria,Bacteroidota,Rhodothermia,Rhodothermales,Salinibacteraceae,Salinibacter,salinibacter ruber,40.75,True
1828,RS_GCF_000013365.1,Bacteria,Proteobacteria,Alphaproteobacteria,Rhizobiales,Xanthobacteraceae,Rhodopseudomonas,rhodopseudomonas palustris_j,28.571,True
1829,RS_GCF_000015025.1,Bacteria,Actinobacteriota,Actinomycetia,Acidothermales,Acidothermaceae,Acidothermus,acidothermus cellulolyticus,55.66666666666666,True
1830,RS_GCF_000021745.1,Bacteria,Proteobacteria,Alphaproteobacteria,Rhizobiales,Beijerinckiaceae,Methylocella,methylocella silvestris,20.0,True
1831,RS_GCF_000023225.1,Bacteria,Desulfobacterota_I,Desulfovibrionia,Desulfovibrionales,Desulfomicrobiaceae,Desulfomicrobium,desulfomicrobium baculatum,32.5,True
1832,RS_GCF_000024605.1,Bacteria,Firmicutes_B,Desulfotomaculia,Ammonifexales,Ammonificaceae,Ammonifex,ammonifex degensii,70.0,True
1833,RS_GCF_000143165.1,Bacteria,Chloroflexota,Dehalococcoidia,Dehalococcoidales,Dehalococcoidaceae,Dehalogenimonas,dehalogenimonas lykanthroporepellens,31.0,True
1834,RS_GCF_000153225.1,Bacteria,Bacteroidota,Bacteroidia,Flavobacteriales,Flavobacteriaceae,Polaribacter,polaribacter irgensii,5.25,True
1835,RS_GCF_000157895.3,Bacteria,Actinobacteriota,Actinomycetia,Mycobacteriales,Mycobacteriaceae,Mycobacterium,mycobacterium kansasii,36.3076923076923,False
1836,RS_GCF_000160855.1,Bacteria,Firmicutes,Bacilli,Lactobacillales,Lactobacillaceae,Lactobacillus,lactobacillus helveticus,44.125,True
1837,RS_GCF_000166415.1,Bacteria,Firmicutes_F,Halanaerobiia,Halanaerobiales,Halanaerobiaceae,Halanaerobium,halanaerobium hydrogeniformans,35.5,False
1838,RS_GCF_000172175.1,Bacteria,Bacteroidota,Bacteroidia,Bacteroidales,Bacteroidaceae,Bacteroides,bacteroides intestinalis,34.75,False
1839,RS_GCF_000175255.2,Bacteria,Proteobacteria,Alphaproteobacteria,Sphingomonadales,Sphingomonadaceae,Zymomonas,zymomonas mobilis,28.83316666666665,True
1840,RS_GCF_000183405.1,Bacteria,Deferribacterota,Deferribacteres,Deferribacterales,Calditerrivibrionaceae,Calditerrivibrio,calditerrivibrio nitroreducens,55.0,True
1841,RS_GCF_000185145.2,Bacteria,Bacteroidota,Bacteroidia,Bacteroidales,Bacteroidaceae,Prevotella,prevotella oralis,34.75,False
1842,RS_GCF_000186885.1,Bacteria,Desulfobacterota,Desulfobulbia,Desulfobulbales,Desulfobulbaceae,Desulfobulbus,desulfobulbus propionicus,36.9,True
1843,RS_GCF_000189275.1,Bacteria,Proteobacteria,Gammaproteobacteria,Enterobacterales,Vibrionaceae,Vibrio,vibrio sinaloensis_b,31.667,False
1844,RS_GCF_000189415.1,Bacteria,Bacteroidota,Bacteroidia,Flavobacteriales,Weeksellaceae,Weeksella,weeksella virosa,32.5,True
1845,RS_GCF_000203875.1,Bacteria,Proteobacteria,Gammaproteobacteria,Burkholderiales,Burkholderiaceae,Cupriavidus,cupriavidus pinatubonensis,29.5,False
1846,RS_GCF_000222485.1,Bacteria,Bacteroidota,Bacteroidia,Cytophagales,Cyclobacteriaceae,Cyclobacterium,cyclobacterium marinum,24.0,False
1847,RS_GCF_000225505.1,Bacteria,Actinobacteriota,Actinomycetia,Mycobacteriales,Mycobacteriaceae,Gordonia,gordonia alkanivorans,29.5,False
1848,RS_GCF_000236705.1,Bacteria,Bacteroidota,Bacteroidia,Flavobacteriales,Schleiferiaceae,Owenweeksia,owenweeksia hongkongensis,29.0,True
1849,RS_GCF_000240225.1,Bacteria,Actinobacteriota,Thermoleophilia,Solirubrobacterales,Solirubrobacteraceae,Patulibacter,patulibacter medicamentivorans,32.0,False
1850,RS_GCF_000242635.2,Bacteria,Bacteroidota,Bacteroidia,Sphingobacteriales,Sphingobacteriaceae,Solitalea,solitalea canadensis,25.33333333333333,False
1851,RS_GCF_000243115.2,Bacteria,Bacteroidota,Bacteroidia,Chitinophagales,Chitinophagaceae,Niabella,niabella soli,32.333,True
1852,RS_GCF_000243135.2,Bacteria,Firmicutes_B,Desulfitobacteriia,Desulfitobacteriales,Desulfitobacteriaceae,Desulfitobacterium,desulfitobacterium dichloroeliminans,27.5,True
1853,RS_GCF_000243155.2,Bacteria,Firmicutes_B,Desulfitobacteriia,Desulfitobacteriales,Desulfitobacteriaceae,Desulfitobacterium,desulfitobacterium dehalogenans,36.8888888888889,False
1854,RS_GCF_000245335.1,Bacteria,Firmicutes,Bacilli,Bacillales,Bacillaceae,Bacillus,bacillus mojavensis,28.83333333333335,False
1855,RS_GCF_000260715.1,Bacteria,Actinobacteriota,Actinomycetia,Actinomycetales,Bifidobacteriaceae,Bifidobacterium,bifidobacterium animalis,38.818,False
1856,RS_GCF_000264765.2,Bacteria,Proteobacteria,Gammaproteobacteria,Enterobacterales,Enterobacteriaceae,Edwardsiella,edwardsiella anguillarum,29.0,False
1857,RS_GCF_000284375.1,Bacteria,Proteobacteria,Alphaproteobacteria,Rhizobiales,Xanthobacteraceae,Bradyrhizobium,bradyrhizobium japonicum,26.969,True
1858,RS_GCF_000307265.1,Bacteria,Firmicutes_A,Clostridia,Oscillospirales,Oscillospiraceae,Oscillibacter,oscillibacter ruminantium,40.0,True
1859,RS_GCF_000308875.1,Bacteria,Actinobacteriota,Actinomycetia,Mycobacteriales,Mycobacteriaceae,Nocardia,nocardia transvalensis,34.0,False
1860,RS_GCF_000325705.1,Bacteria,Bacteroidota,Bacteroidia,Cytophagales,Cyclobacteriaceae,Echinicola,echinicola vietnamensis,31.5,True
1861,RS_GCF_000330725.2,Bacteria,Bacteroidota,Bacteroidia,Cytophagales,Cyclobacteriaceae,Mariniradius,mariniradius saccharolyticus,33.5,True
1862,RS_GCF_000334915.1,Bacteria,Proteobacteria,Gammaproteobacteria,Xanthomonadales,Rhodanobacteraceae,Dyella_A,dyella_a ginsengisoli,28.5,True
1863,RS_GCF_000368145.1,Bacteria,Proteobacteria,Gammaproteobacteria,Pseudomonadales,Moraxellaceae,Acinetobacter,acinetobacter guillouiae,38.0,False
1864,RS_GCF_000368965.1,Bacteria,Proteobacteria,Gammaproteobacteria,Pseudomonadales,Moraxellaceae,Acinetobacter,acinetobacter calcoaceticus,29.5,True
1865,RS_GCF_000372485.1,Bacteria,Firmicutes,Bacilli,Lactobacillales,Lactobacillaceae,Oenococcus,oenococcus oeni,25.805666666666667,True
1866,RS_GCF_000373145.1,Bacteria,Deinococcota,Deinococci,Deinococcales,Thermaceae,Thermus,thermus oshimai,66.25,True
1867,RS_GCF_000376425.1,Bacteria,Proteobacteria,Gammaproteobacteria,Burkholderiales,Thiobacillaceae,Thiobacillus,thiobacillus denitrificans,29.4285714285714,False
1868,RS_GCF_000376785.1,Bacteria,Proteobacteria,Gammaproteobacteria,Pseudomonadales,Oleiphilaceae,Hahella,hahella ganghwensis,35.0,True
1869,RS_GCF_000379685.1,Bacteria,Actinobacteriota,Actinomycetia,Mycobacteriales,Micromonosporaceae,Catelliglobosispora,catelliglobosispora koreensis,28.5,True
1870,RS_GCF_000384415.1,Bacteria,Proteobacteria,Gammaproteobacteria,Methylococcales,Cycloclasticaceae,Cycloclasticus,cycloclasticus pugetii,20.0,True
1871,RS_GCF_000400365.1,Bacteria,Proteobacteria,Gammaproteobacteria,Enterobacterales,Vibrionaceae,Vibrio,vibrio jasicida,31.0,False
1872,RS_GCF_000407145.1,Bacteria,Firmicutes,Bacilli,Lactobacillales,Enterococcaceae,Enterococcus,enterococcus caccae,45.0,True
1873,RS_GCF_000407485.1,Bacteria,Firmicutes,Bacilli,Lactobacillales,Enterococcaceae,Enterococcus_A,enterococcus_a pallens,45.0,True
1874,RS_GCF_000420805.1,Bacteria,Actinobacteriota,Actinomycetia,Actinomycetales,Micrococcaceae,Yaniella,yaniella halotolerans,29.5,True
1875,RS_GCF_000421565.1,Bacteria,Actinobacteriota,Actinomycetia,Actinomycetales,Microbacteriaceae,Agromyces,agromyces subbeticus,25.833,False
1876,RS_GCF_000425305.1,Bacteria,Bacteroidota,Bacteroidia,Flavobacteriales,Flavobacteriaceae,Psychroserpens,psychroserpens burtonensis,11.75,True
1877,RS_GCF_000425485.1,Bacteria,Bacteroidota,Bacteroidia,Flavobacteriales,Flavobacteriaceae,Flavobacterium,flavobacterium tegetincola,20.0,False
1878,RS_GCF_000425725.1,Bacteria,Proteobacteria,Gammaproteobacteria,Pseudomonadales,Halomonadaceae,Halomonas,halomonas halocynthiae,26.5,False
1879,RS_GCF_000425845.1,Bacteria,Firmicutes,Bacilli,Staphylococcales,Salinicoccaceae,Jeotgalicoccus,jeotgalicoccus psychrophilus,22.5,True
1880,RS_GCF_000426385.1,Bacteria,Actinobacteriota,Actinomycetia,Actinomycetales,Dermatophilaceae,Arsenicicoccus,arsenicicoccus bolidensis,29.0,True
1881,RS_GCF_000428045.1,Bacteria,Proteobacteria,Gammaproteobacteria,Chromatiales,Sedimenticolaceae,Sedimenticola,sedimenticola selenatireducens,27.0,True
1882,RS_GCF_000520995.1,Bacteria,Bacteroidota,Bacteroidia,Flavobacteriales,Flavobacteriaceae,Aquimarina,aquimarina macrocephali,24.0,False
1883,RS_GCF_000526155.1,Bacteria,Desulfobacterota_C,Deferrisomatia,Deferrisomatales,Deferrisomataceae,Deferrisoma,deferrisoma camini,50.0,True
1884,RS_GCF_000526375.1,Bacteria,Synergistota,Synergistia,Synergistales,Aminiphilaceae,Aminiphilus,aminiphilus circumscriptus,42.0,True
1885,RS_GCF_000689415.1,Bacteria,Proteobacteria,Gammaproteobacteria,Pseudomonadales,Pseudomonadaceae,Pseudomonas,pseudomonas knackmussii,30.5,False
1886,RS_GCF_000695095.2,Bacteria,Gemmatimonadota,Gemmatimonadetes,Gemmatimonadales,Gemmatimonadaceae,Gemmatimonas,gemmatimonas phototrophica,27.5,True
1887,RS_GCF_000702505.1,Bacteria,Chloroflexota,Ktedonobacteria,Ktedonobacterales,Ktedonobacteraceae,Thermogemmatispora,thermogemmatispora carboxidivorans,55.0,True
1888,RS_GCF_000711985.1,Bacteria,Proteobacteria,Gammaproteobacteria,Enterobacterales,Alteromonadaceae,Pararheinheimera,pararheinheimera texasensis,33.5,True
1889,RS_GCF_000714535.1,Bacteria,Proteobacteria,Alphaproteobacteria,Rhodobacterales,Rhodobacteraceae,Thioclava,thioclava pacifica,35.0,True
1890,RS_GCF_000723205.1,Bacteria,Bacteroidota,Bacteroidia,Flavobacteriales,Flavobacteriaceae,Formosa,formosa agariphila,21.666666666666668,True
1891,RS_GCF_000746825.1,Bacteria,Firmicutes,Bacilli,Lactobacillales,Carnobacteriaceae,Carnobacterium_A,carnobacterium_a inhibens,17.5,True
1892,RS_GCF_000750005.1,Bacteria,Firmicutes,Bacilli,Bacillales,Anoxybacillaceae,Geobacillus,geobacillus icigianus,62.25,True
1893,RS_GCF_000763315.1,Bacteria,Firmicutes,Bacilli,Thermoactinomycetales,Thermoactinomycetaceae,Thermoactinomyces_A,thermoactinomyces_a daqus,55.0,True
1894,RS_GCF_000807255.1,Bacteria,Firmicutes_A,Clostridia,Clostridiales,Clostridiaceae,Clostridium_I,clostridium_i pasteurianum,30.8,True
1895,RS_GCF_000812025.2,Bacteria,Firmicutes,Bacilli,Bacillales_B,Domibacillaceae,Quasibacillus,quasibacillus thermotolerans,50.0,True
1896,RS_GCF_000936425.1,Bacteria,Proteobacteria,Alphaproteobacteria,Azospirillales,Azospirillaceae,Skermanella,skermanella aerolata,29.25,False
1897,RS_GCF_000953855.2,Bacteria,Proteobacteria,Gammaproteobacteria,Xanthomonadales,Rhodanobacteraceae,Mizugakiibacter,mizugakiibacter sediminis,49.0,True
1898,RS_GCF_000971335.1,Bacteria,Proteobacteria,Gammaproteobacteria,Burkholderiales,Chromobacteriaceae,Chromobacterium,chromobacterium vaccinii,25.5,False
1899,RS_GCF_001043175.1,Bacteria,Proteobacteria,Gammaproteobacteria,Pseudomonadales,Oleiphilaceae,Marinobacter,marinobacter psychrophilus,17.0,True
1900,RS_GCF_001188485.1,Bacteria,Proteobacteria,Gammaproteobacteria,Enterobacterales,Enterobacteriaceae,Trabulsiella,trabulsiella odontotermitis_a,31.5,False
1901,RS_GCF_001297775.1,Bacteria,Proteobacteria,Gammaproteobacteria,Enterobacterales,Enterobacteriaceae,Trabulsiella,trabulsiella odontotermitis,31.5,True
1902,RS_GCF_001302565.1,Bacteria,Actinobacteriota,Actinomycetia,Actinomycetales,Micrococcaceae,Glutamicibacter,glutamicibacter halophytocola,26.5,True
1903,RS_GCF_001307765.1,Bacteria,Proteobacteria,Alphaproteobacteria,Rhodobacterales,Rhodobacteraceae,Aliiroseovarius,aliiroseovarius crassostreae,34.0,True
1904,RS_GCF_001401155.1,Bacteria,Proteobacteria,Gammaproteobacteria,Pseudomonadales,Pseudomonadaceae,Pseudomonas_E,pseudomonas_e tremae,22.0,False
1905,RS_GCF_001434335.1,Bacteria,Firmicutes,Bacilli,Lactobacillales,Lactobacillaceae,Lactobacillus,lactobacillus kalixensis,35.0,False
1906,RS_GCF_001438655.1,Bacteria,Firmicutes,Bacilli,Lactobacillales,Lactobacillaceae,Pediococcus,pediococcus cellicola,33.5,False
1907,RS_GCF_001458175.1,Bacteria,Proteobacteria,Alphaproteobacteria,Rhodobacterales,Rhodobacteraceae,Shimia,shimia marina,32.5,False
1908,RS_GCF_001552255.1,Bacteria,Firmicutes,Bacilli,Alicyclobacillales,Alicyclobacillaceae,Alicyclobacillus_G,alicyclobacillus_g shizuokensis,47.5,True
1909,RS_GCF_001562055.1,Bacteria,Proteobacteria,Alphaproteobacteria,Rhizobiales,Stappiaceae,Pseudovibrio,pseudovibrio stylochi,26.5,False
1910,RS_GCF_001584185.1,Bacteria,Proteobacteria,Gammaproteobacteria,Burkholderiales,Burkholderiaceae,Collimonas,collimonas pratensis,20.0,False
1911,RS_GCF_001591365.1,Bacteria,Proteobacteria,Gammaproteobacteria,Burkholderiales,Burkholderiaceae,Variovorax,variovorax paradoxus,29.6363636363636,True
1912,RS_GCF_001613005.1,Bacteria,Actinobacteriota,Actinomycetia,Mycobacteriales,Mycobacteriaceae,Nocardia,nocardia nova,29.0,False
1913,RS_GCF_001637225.1,Bacteria,Firmicutes,Bacilli,Paenibacillales,Paenibacillaceae,Paenibacillus,paenibacillus antarcticus,12.5,True
1914,RS_GCF_001639725.1,Bacteria,Proteobacteria,Gammaproteobacteria,Pseudomonadales,Marinomonadaceae,Marinomonas,marinomonas atlantica,24.0,False
1915,RS_GCF_001681715.1,Bacteria,Proteobacteria,Alphaproteobacteria,Rhodobacterales,Rhodobacteraceae,Epibacterium,epibacterium mobile,33.5,True
1916,RS_GCF_001700325.1,Bacteria,Firmicutes,Bacilli,Bacillales_A,Planococcaceae,Caryophanon,caryophanon latum,28.6,True
1917,RS_GCF_001746755.1,Bacteria,Proteobacteria,Alphaproteobacteria,Rhodospirillales,Magnetovibrionaceae,Magnetovibrio,magnetovibrio blakemorei,27.0,True
1918,RS_GCF_001746835.1,Bacteria,Verrucomicrobiota,Verrucomicrobiae,Opitutales,Opitutaceae,Lacunisphaera,lacunisphaera limnophila,32.0,True
1919,RS_GCF_001839655.1,Bacteria,Proteobacteria,Gammaproteobacteria,Pseudomonadales,Pseudomonadaceae,Pseudomonas_E,pseudomonas_e argentinensis_b,26.5,False
1920,RS_GCF_001879695.1,Bacteria,Proteobacteria,Alphaproteobacteria,Rhodobacterales,Rhodobacteraceae,Nioella,nioella sediminis,27.5,True
1921,RS_GCF_001880325.1,Bacteria,Deinococcota,Deinococci,Deinococcales,Thermaceae,Thermus,thermus brockianus,70.0,True
1922,RS_GCF_001937195.1,Bacteria,Proteobacteria,Gammaproteobacteria,Pseudomonadales,Halomonadaceae,Salinicola,salinicola socius,33.5,True
1923,RS_GCF_002078505.1,Bacteria,Proteobacteria,Alphaproteobacteria,Rhizobiales,Rhizobiaceae,Sinorhizobium,sinorhizobium aridi,29.333,True
1924,RS_GCF_002088975.1,Bacteria,Proteobacteria,Alphaproteobacteria,Caulobacterales,Hyphomonadaceae,Henriciella,henriciella aquimarina,31.0,False
1925,RS_GCF_002101845.1,Bacteria,Actinobacteriota,Actinomycetia,Mycobacteriales,Mycobacteriaceae,Mycobacterium,mycobacterium riyadhense,36.0,False
1926,RS_GCF_002105755.1,Bacteria,Actinobacteriota,Actinomycetia,Mycobacteriales,Mycobacteriaceae,Mycobacterium,mycobacterium colombiense,28.5,False
1927,RS_GCF_002120225.1,Bacteria,Bacteroidota,Bacteroidia,Flavobacteriales,Flavobacteriaceae,Tenacibaculum,tenacibaculum holothuriorum,28.5,True
1928,RS_GCF_002312815.1,Bacteria,Proteobacteria,Gammaproteobacteria,Pseudomonadales,Cellvibrionaceae,Agaribacterium,agaribacterium haliotis,29.0,True
1929,RS_GCF_002379365.1,Bacteria,Spirochaetota,Brachyspirae,Brachyspirales,Brachyspiraceae,Brachyspira,brachyspira sp002379365,39.0,False
1930,RS_GCF_002530675.1,Bacteria,Bacteroidota,Bacteroidia,Flavobacteriales,Flavobacteriaceae,Flavobacterium,flavobacterium columnare,21.22233333333333,True
1931,RS_GCF_002591915.1,Bacteria,Proteobacteria,Gammaproteobacteria,Xanthomonadales,Marinicellaceae,Marinicella,marinicella litoralis,26.5,True
1932,RS_GCF_002786295.1,Bacteria,Proteobacteria,Alphaproteobacteria,Rhodobacterales,Rhodobacteraceae,Pseudooceanicola,pseudooceanicola marinus,31.5,False
1933,RS_GCF_002802985.1,Bacteria,Actinobacteriota,Actinomycetia,Mycobacteriales,Geodermatophilaceae,Geodermatophilus,geodermatophilus chilensis,35.0,False
1934,RS_GCF_002927635.1,Bacteria,Proteobacteria,Alphaproteobacteria,Rhodobacterales,Rhodobacteraceae,Albidovulum,albidovulum inexpectatum,50.0,True
1935,RS_GCF_002950575.1,Bacteria,Actinobacteriota,Actinomycetia,Actinomycetales,Microbacteriaceae,Pontimonas,pontimonas salivibrio,27.5,True
1936,RS_GCF_002995745.1,Bacteria,Firmicutes_A,Clostridia,Clostridiales,Clostridiaceae,Clostridium,clostridium vincentii,12.0,True
1937,RS_GCF_003026285.1,Bacteria,Proteobacteria,Gammaproteobacteria,Enterobacterales,Vibrionaceae,Photobacterium,photobacterium profundum,11.25,True
1938,RS_GCF_003046475.1,Bacteria,Proteobacteria,Alphaproteobacteria,Rhizobiales,Rhizobiaceae,Mycoplana,mycoplana dimorpha,29.0,True
1939,RS_GCF_003201595.1,Bacteria,Proteobacteria,Gammaproteobacteria,Burkholderiales,Burkholderiaceae,Sphaerotilus,sphaerotilus hippei,26.0,True
1940,RS_GCF_003206715.1,Bacteria,Proteobacteria,Gammaproteobacteria,Pseudomonadales,Halomonadaceae,Salinicola,salinicola peritrichatus,36.0,False
1941,RS_GCF_003253485.1,Bacteria,Bacteroidota,Bacteroidia,Cytophagales,Cyclobacteriaceae,Algoriphagus,algoriphagus aquaeductus,27.5,False
1942,RS_GCF_003254525.1,Bacteria,Proteobacteria,Alphaproteobacteria,Caulobacterales,Caulobacteraceae,Phenylobacterium,phenylobacterium kunshanense,29.0,False
1943,RS_GCF_003289955.1,Bacteria,Firmicutes,Bacilli,Bacillales_A,Planococcaceae,Planococcus,planococcus halotolerans,32.5,True
1944,RS_GCF_003336745.1,Bacteria,Deinococcota,Deinococci,Deinococcales,Thermaceae,Thermus,thermus caldifontis,60.0,True
1945,RS_GCF_003385895.1,Bacteria,Bacteroidota,Bacteroidia,Flavobacteriales,Flavobacteriaceae,Flavobacterium,flavobacterium cutihirudinis,26.5,False
1946,RS_GCF_003550175.1,Bacteria,Proteobacteria,Alphaproteobacteria,Rhizobiales,Rhodomicrobiaceae,Dichotomicrobium,dichotomicrobium thermohalophilum,54.4,True
1947,RS_GCF_003634575.1,Bacteria,Proteobacteria,Gammaproteobacteria,Enterobacterales,Enterobacteriaceae,Photorhabdus,photorhabdus asymbiotica,29.0,True
1948,RS_GCF_003664035.1,Bacteria,Bacteroidota,Bacteroidia,Sphingobacteriales,Sphingobacteriaceae,Pedobacter,pedobacter alluvionis,20.0,False
1949,RS_GCF_003671955.1,Bacteria,Proteobacteria,Gammaproteobacteria,Pseudomonadales,Pseudomonadaceae,Pseudomonas_E,pseudomonas_e hunanensis,29.269,False
1950,RS_GCF_003732545.1,Bacteria,Proteobacteria,Gammaproteobacteria,Nevskiales,Salinisphaeraceae,Salinisphaera,salinisphaera halophila,27.5,False
1951,RS_GCF_003966225.1,Bacteria,Proteobacteria,Gammaproteobacteria,Enterobacterales,Shewanellaceae,Shewanella,shewanella canadensis,10.0,True
1952,RS_GCF_004115975.1,Bacteria,Bacteroidota,Bacteroidia,Flavobacteriales,Flavobacteriaceae,Gelidibacter,gelidibacter gilvus,20.0,False
1953,RS_GCF_004116955.1,Bacteria,Firmicutes,Bacilli,Bacillales,Bacillaceae,Bacillus,bacillus vallismortis,29.0,False
1954,RS_GCF_004284655.1,Bacteria,Proteobacteria,Gammaproteobacteria,Xanthomonadales,Xanthomonadaceae,Pseudoxanthomonas_A,pseudoxanthomonas_a spadix_a,29.5,True
1955,RS_GCF_004339085.1,Bacteria,Proteobacteria,Gammaproteobacteria,DSM-19610,DSM-19610,Thiogranum,thiogranum longum,32.0,True
1956,RS_GCF_004341165.1,Bacteria,Proteobacteria,Gammaproteobacteria,Pseudomonadales,Natronospirillaceae,Reinekea,reinekea marinisedimentorum,35.0,False
1957,RS_GCF_004341825.1,Bacteria,Firmicutes,Bacilli,Thermoactinomycetales,Thermoactinomycetaceae,Hazenella,hazenella coriacea,43.5,True
1958,RS_GCF_004346865.1,Bacteria,Proteobacteria,Alphaproteobacteria,Rhodobacterales,Rhodobacteraceae,Shimia,shimia isoporae,27.5,True
1959,RS_GCF_004369005.1,Bacteria,Proteobacteria,Gammaproteobacteria,Enterobacterales,Alteromonadaceae,Rheinheimera,rheinheimera aquimaris,33.5,False
1960,RS_GCF_005048225.1,Bacteria,Proteobacteria,Alphaproteobacteria,Rhodobacterales,Rhodobacteraceae,Paracoccus,paracoccus gahaiensis,20.0,False
1961,RS_GCF_006716365.1,Bacteria,Actinobacteriota,Actinomycetia,Mycobacteriales,Geodermatophilaceae,Modestobacter,modestobacter multiseptatus,20.0,True
1962,RS_GCF_007341385.1,Bacteria,Bacteroidota,Bacteroidia,Flavobacteriales,Flavobacteriaceae,Flavobacterium,flavobacterium daemonense,26.5,False
1963,RS_GCF_007830545.1,Bacteria,Proteobacteria,Alphaproteobacteria,Rhizobiales,Stappiaceae,Roseibium,roseibium hamelinense,26.0,False
1964,RS_GCF_007991495.1,Bacteria,Firmicutes,Bacilli,Bacillales_A,Planococcaceae,Sporosarcina,sporosarcina luteola,27.5,True
1965,RS_GCF_008124835.1,Bacteria,Actinobacteriota,Actinomycetia,Mycobacteriales,Geodermatophilaceae,Blastococcus,blastococcus xanthinilyticus,31.5,False
1966,RS_GCF_008838325.1,Bacteria,Chloroflexota,Dehalococcoidia,Tepidiformales,Tepidiformaceae,Tepidiforma,tepidiforma bonchosmolovskayae,52.0,True
1967,RS_GCF_009617755.1,Bacteria,Proteobacteria,Gammaproteobacteria,Pseudomonadales,Oleiphilaceae,Marinobacter,marinobacter salsuginis,36.0,False
1968,RS_GCF_009649735.1,Bacteria,Firmicutes,Bacilli,Bacillales_D,Alkalibacillaceae,Salinibacillus,salinibacillus xinjiangensis,38.5,True
1969,RS_GCF_009674725.1,Bacteria,Bacteroidota,Bacteroidia,Sphingobacteriales,Sphingobacteriaceae,Pedobacter,pedobacter petrophilus,20.0,False
1970,RS_GCF_011044775.1,Bacteria,Verrucomicrobiota,Verrucomicrobiae,Pedosphaerales,NGM72-4,Limisphaera,limisphaera ngatamarikiensis,62.5,True
1971,RS_GCF_011170125.1,Bacteria,Actinobacteriota,Actinomycetia,Streptomycetales,Streptomycetaceae,Streptomyces,streptomyces diastaticus,29.0,False
1972,RS_GCF_011683955.1,Bacteria,Proteobacteria,Gammaproteobacteria,Pseudomonadales,Cellvibrionaceae,Pseudomaricurvus,pseudomaricurvus alkylphenolicus,27.5,False
1973,RS_GCF_013407765.1,Bacteria,Actinobacteriota,Actinomycetia,Streptomycetales,Streptomycetaceae,Allostreptomyces,allostreptomyces psammosilenae,29.0,True
1974,RS_GCF_013408095.1,Bacteria,Proteobacteria,Alphaproteobacteria,Sphingomonadales,Sphingomonadaceae,Novosphingobium,novosphingobium marinum,35.0,False
1975,RS_GCF_013415115.1,Bacteria,Proteobacteria,Gammaproteobacteria,Pseudomonadales,Halomonadaceae,Halomonas,halomonas zhaodongensis,35.0,False
1976,RS_GCF_013623835.1,Bacteria,Actinobacteriota,Actinomycetia,Actinomycetales,Brevibacteriaceae,Brevibacterium,brevibacterium oceani,27.0,False
1977,RS_GCF_013839445.1,Bacteria,Proteobacteria,Alphaproteobacteria,Rhizobiales,Pleomorphomonadaceae,Chthonobacter,chthonobacter albigriseus,32.5,True
1978,RS_GCF_014201715.1,Bacteria,Verrucomicrobiota,Verrucomicrobiae,Verrucomicrobiales,Akkermansiaceae,Haloferula,haloferula luteola,26.5,False
1979,RS_GCF_014218335.1,Bacteria,Firmicutes_A,Clostridia,Lachnospirales,Lachnospiraceae,Anaerocolumna,anaerocolumna cellulosilytica,35.0,True
1980,RS_GCF_014639255.1,Bacteria,Firmicutes,Bacilli,Bacillales_G,Sporolactobacillaceae,Pullulanibacillus,pullulanibacillus pueri,33.5,True
1981,RS_GCF_014646935.1,Bacteria,Firmicutes,Bacilli,Calditerricolales,Calditerricolaceae,Calditerricola,calditerricola satsumensis,78.0,True
1982,RS_GCF_014651515.1,Bacteria,Proteobacteria,Gammaproteobacteria,Arenicellales,Arenicellaceae,Arenicella,arenicella chitinivorans,26.5,True
1983,RS_GCF_014681765.1,Bacteria,Proteobacteria,Alphaproteobacteria,Rhodobacterales,Rhodobacteraceae,Roseicitreum,roseicitreum antarcticum,26.0,True
1984,RS_GCF_014905415.1,Bacteria,Firmicutes,Bacilli,Bacillales_D,Amphibacillaceae,Virgibacillus,virgibacillus salexigens,33.5,False
1985,RS_GCF_015476235.1,Bacteria,Proteobacteria,Gammaproteobacteria,Burkholderiales,Burkholderiaceae,Schlegelella,schlegelella thermodepolymerans,50.0,True
1986,RS_GCF_016464425.1,Bacteria,Actinobacteriota,Actinomycetia,Actinomycetales,Cellulomonadaceae,Actinotalea,actinotalea solisilvae,29.0,False
1987,RS_GCF_016862815.1,Bacteria,Actinobacteriota,Actinomycetia,Actinomycetales,Demequinaceae,Demequina,demequina activiva,35.0,False
1988,RS_GCF_017114865.1,Bacteria,Actinobacteriota,Actinomycetia,Streptomycetales,Streptomycetaceae,Streptomyces,streptomyces verrucosisporus,33.5,False
1989,RS_GCF_017161425.1,Bacteria,Proteobacteria,Alphaproteobacteria,Caulobacterales,Maricaulaceae,Marinicauda,marinicauda algicola,40.0,True
1990,RS_GCF_017349295.1,Bacteria,Actinobacteriota,Actinomycetia,Actinomycetales,Cellulomonadaceae,Myceligenerans,myceligenerans salitolerans,35.0,True
1991,RS_GCF_900088825.1,Bacteria,Proteobacteria,Gammaproteobacteria,Burkholderiales,Burkholderiaceae,Thiomonas,thiomonas delicata,30.41666666666665,False
1992,RS_GCF_900100075.1,Bacteria,Bacteroidota,Bacteroidia,Flavobacteriales,Weeksellaceae,Chryseobacterium,chryseobacterium jejuense,29.0,False
1993,RS_GCF_900101815.1,Bacteria,Bacteroidota,Bacteroidia,Flavobacteriales,Flavobacteriaceae,Pricia,pricia antarctica,18.0,True
1994,RS_GCF_900101905.1,Bacteria,Myxococcota,Myxococcia,Myxococcales,Myxococcaceae,Myxococcus,myxococcus virescens,28.0225988700565,False
1995,RS_GCF_900107145.1,Bacteria,Proteobacteria,Gammaproteobacteria,Chromatiales,Chromatiaceae,Allochromatium,allochromatium warmingii,20.0,False
1996,RS_GCF_900107235.1,Bacteria,Proteobacteria,Alphaproteobacteria,Rhodobacterales,Rhodobacteraceae,Citreimonas,citreimonas salinaria,32.5,True
1997,RS_GCF_900111075.1,Bacteria,Bacteroidota,Bacteroidia,Flavobacteriales,Flavobacteriaceae,Flavobacterium,flavobacterium frigoris,20.0,False
1998,RS_GCF_900114775.1,Bacteria,Proteobacteria,Gammaproteobacteria,Pseudomonadales,Oleiphilaceae,Marinobacter,marinobacter zhejiangensis,32.5,False
1999,RS_GCF_900115865.1,Bacteria,Proteobacteria,Alphaproteobacteria,Rhodobacterales,Rhodobacteraceae,Donghicola,donghicola eburneus,26.0,True
2000,RS_GCF_900129355.1,Bacteria,Firmicutes,Bacilli,Thermoactinomycetales,Thermoactinomycetaceae,Seinonella,seinonella peptonophila,35.0,True
2001,RS_GCF_900141845.1,Bacteria,Firmicutes_A,Clostridia,Clostridiales,Clostridiaceae,Clostridium_AG,clostridium_ag cavendishii,37.833,True
2002,RS_GCF_900141885.1,Bacteria,Bacteroidota,Bacteroidia,Flavobacteriales,Flavobacteriaceae,Mesonia,mesonia phycicola,27.5,False
2003,RS_GCF_900142785.1,Bacteria,Bacteroidota,Bacteroidia,Flavobacteriales,Weeksellaceae,Chryseobacterium,chryseobacterium carnipullorum,27.625,False
2004,RS_GCF_900176135.1,Bacteria,Bacteroidota,Bacteroidia,Cytophagales,Hymenobacteraceae,Hymenobacter,hymenobacter roseosalivarius,9.0,True
2005,RS_GCF_900176285.1,Bacteria,Desulfobacterota,Syntrophobacteria,Syntrophobacterales,DSM-9756,Desulfacinum,desulfacinum hydrothermale,60.0,True
2006,RS_GCF_900176505.1,Bacteria,Bacteroidota,Bacteroidia,Sphingobacteriales,Sphingobacteriaceae,Pedobacter,pedobacter nyackensis,19.0,True
2007,RS_GCF_900187025.1,Bacteria,Firmicutes,Bacilli,Lactobacillales,Listeriaceae,Listeria,listeria ivanovii,31.4,False
2008,RS_GCF_900635475.1,Bacteria,Proteobacteria,Gammaproteobacteria,Enterobacterales,Enterobacteriaceae,Kluyvera,kluyvera intermedia,29.0,False
2009,RS_GCF_904846495.1,Bacteria,Proteobacteria,Gammaproteobacteria,Pseudomonadales,Moraxellaceae,Psychrobacter,psychrobacter sanguinis,33.5,False
2010,GB_GCA_003722315.1,Bacteria,Firmicutes_A,Thermoanaerobacteria,Thermoanaerobacterales,Thermoanaerobacteraceae,Thermoanaerobacter,thermoanaerobacter ethanolicus,65.22233333333334,True
2011,GB_GCA_012396115.1,Bacteria,Actinobacteriota,Actinomycetia,Streptomycetales,Streptomycetaceae,Streptomyces,streptomyces somaliensis,26.0,False
2012,RS_GCF_000007825.1,Bacteria,Firmicutes,Bacilli,Bacillales,Bacillaceae_G,Bacillus_A,bacillus_a cereus,33.314,False
2013,RS_GCF_000008545.1,Bacteria,Thermotogota,Thermotogae,Thermotogales,Thermotogaceae,Thermotoga,thermotoga maritima,78.55566666666667,True
2014,RS_GCF_000010125.1,Bacteria,Firmicutes,Bacilli,Staphylococcales,Staphylococcaceae,Staphylococcus,staphylococcus saprophyticus,32.0,False
2015,RS_GCF_000010785.1,Bacteria,Aquificota,Aquificae,Aquificales,Aquificaceae,Hydrogenobacter,hydrogenobacter thermophilus,71.389,True
2016,RS_GCF_000014565.1,Bacteria,Actinobacteriota,Actinomycetia,Mycobacteriales,Mycobacteriaceae,Rhodococcus,rhodococcus jostii_a,29.167,False
2017,RS_GCF_000014885.1,Bacteria,Proteobacteria,Gammaproteobacteria,Enterobacterales,Shewanellaceae,Shewanella,shewanella piezotolerans,17.5,True
2018,RS_GCF_000016645.1,Bacteria,Bacteroidota,Bacteroidia,Flavobacteriales,Flavobacteriaceae,Flavobacterium,flavobacterium johnsoniae,27.5,False
2019,RS_GCF_000018025.1,Bacteria,Proteobacteria,Gammaproteobacteria,Enterobacterales,Shewanellaceae,Shewanella,shewanella sediminis,13.333333333333334,True
2020,RS_GCF_000018945.1,Bacteria,Thermotogota,Thermotogae,Thermotogales,Thermotogaceae,Thermotoga,thermotoga neapolitana,78.75,True
2021,RS_GCF_000020985.1,Bacteria,Nitrospirota,Thermodesulfovibrionia,Thermodesulfovibrionales,Thermodesulfovibrionaceae,Thermodesulfovibrio,thermodesulfovibrio yellowstonii,62.5,True
2022,RS_GCF_000023245.1,Bacteria,Actinobacteriota,Actinomycetia,Mycobacteriales,Pseudonocardiaceae,Actinosynnema,actinosynnema mirum,20.0,True
2023,RS_GCF_000024285.1,Bacteria,Firmicutes,Bacilli,Alicyclobacillales,Alicyclobacillaceae,Alicyclobacillus,alicyclobacillus acidocaldarius,59.50833333333333,True
2024,RS_GCF_000156395.1,Bacteria,Proteobacteria,Gammaproteobacteria,Enterobacterales,Enterobacteriaceae,Providencia,providencia rustigianii,36.5,True
2025,RS_GCF_000165715.2,Bacteria,Planctomycetota,Planctomycetia,Planctomycetales,Planctomycetaceae,Rubinisphaera,rubinisphaera brasiliensis,30.5,True
2026,RS_GCF_000166335.1,Bacteria,Firmicutes_A,Thermoanaerobacteria,Caldicellulosiruptorales,Caldicellulosiruptoraceae,Caldicellulosiruptor,caldicellulosiruptor owensensis,73.77766666666666,True
2027,RS_GCF_000175215.2,Bacteria,Proteobacteria,Alphaproteobacteria,Caulobacterales,Caulobacteraceae,Asticcacaulis,asticcacaulis excentricus,27.5,True
2028,RS_GCF_000188015.2,Bacteria,Firmicutes,Bacilli,Lactobacillales,Streptococcaceae,Streptococcus,streptococcus ictaluri,37.5,False
2029,RS_GCF_000190595.1,Bacteria,Bacteroidota,Bacteroidia,Flavobacteriales,Flavobacteriaceae,Cellulophaga,cellulophaga lytica,27.3335,False
2030,RS_GCF_000196455.1,Bacteria,Firmicutes_A,Clostridia,Peptostreptococcales,Filifactoraceae,Acetoanaerobium,acetoanaerobium sticklandii,33.5,False
2031,RS_GCF_000213575.1,Bacteria,Bacteroidota,Bacteroidia,Bacteroidales,Dysgonomonadaceae,Dysgonomonas,dysgonomonas mossii,32.5,False
2032,RS_GCF_000217795.1,Bacteria,Desulfobacterota,Thermodesulfobacteria,Thermodesulfobacteriales,Thermodesulfatatoraceae,Thermodesulfatator,thermodesulfatator indicus,70.0,True
2033,RS_GCF_000220525.1,Bacteria,Bacteroidota,Bacteroidia,Flavobacteriales,Flavobacteriaceae,Ochrovirga,ochrovirga pacifica,26.5,True
2034,RS_GCF_000238355.1,Bacteria,Proteobacteria,Gammaproteobacteria,Enterobacterales,Alteromonadaceae,Pseudoalteromonas,pseudoalteromonas haloplanktis,23.0,False
2035,RS_GCF_000241345.1,Bacteria,Actinobacteriota,Actinomycetia,Mycobacteriales,Mycobacteriaceae,Gordonia,gordonia amarae,31.0,False
2036,RS_GCF_000245735.1,Bacteria,Proteobacteria,Gammaproteobacteria,Enterobacterales,Alteromonadaceae,Alishewanella,alishewanella jeotgali,32.5,True
2037,RS_GCF_000284335.1,Bacteria,Caldisericota,Caldisericia,Caldisericales,Caldisericaceae,Caldisericum,caldisericum exile,65.0,True
2038,RS_GCF_000300235.2,Bacteria,Proteobacteria,Alphaproteobacteria,Rhodospirillales,Thalassospiraceae,Thalassospira,thalassospira xiamenensis,22.0,False
2039,RS_GCF_000300515.1,Bacteria,Proteobacteria,Alphaproteobacteria,Rhizobiales,Rhizobiaceae,Nitratireductor,nitratireductor indicus,27.5,False
2040,RS_GCF_000331735.1,Bacteria,Myxococcota,Myxococcia,Myxococcales,Myxococcaceae,Myxococcus,myxococcus stipitatus,28.0833333333333,True
2041,RS_GCF_000334455.1,Bacteria,Actinobacteriota,Actinomycetia,Mycobacteriales,Mycobacteriaceae,Gordonia,gordonia soli,31.5,False
2042,RS_GCF_000336575.1,Bacteria,Proteobacteria,Gammaproteobacteria,Pseudomonadales,Halomonadaceae,Halomonas,halomonas titanicae,33.5,False
2043,RS_GCF_000376265.1,Bacteria,Deinococcota,Deinococci,Deinococcales,Thermaceae,Thermus,thermus igniterrae,67.5,True
2044,RS_GCF_000378125.1,Bacteria,Proteobacteria,Gammaproteobacteria,Xanthomonadales,Rhodanobacteraceae,Rudaea,rudaea cellulosilytica,29.0,True
2045,RS_GCF_000380335.1,Bacteria,Proteobacteria,Gammaproteobacteria,Pseudomonadales,Pseudomonadaceae,Azotobacter,azotobacter vinelandii,30.4117647058824,False
2046,RS_GCF_000384315.1,Bacteria,Actinobacteriota,Actinomycetia,Mycobacteriales,Pseudonocardiaceae,Amycolatopsis,amycolatopsis nigrescens,31.5,False
2047,RS_GCF_000412185.1,Bacteria,Proteobacteria,Alphaproteobacteria,Caulobacterales,Maricaulaceae,Euryhalocaulis,euryhalocaulis caribicus,35.0,True
2048,RS_GCF_000419685.1,Bacteria,Bacteroidota,Bacteroidia,Flavobacteriales,Flavobacteriaceae,Flavobacterium,flavobacterium antarcticum,19.133333333333333,True
2049,RS_GCF_000421725.1,Bacteria,Firmicutes_A,Thermoanaerobacteria,Caldicellulosiruptorales,Caldicellulosiruptoraceae,Caldicellulosiruptor,caldicellulosiruptor acetigenus,68.25,True
2050,RS_GCF_000423585.1,Bacteria,Bacteroidota,Bacteroidia,Flavobacteriales,Flavobacteriaceae,Salinimicrobium,salinimicrobium xinjiangense,33.0,True
2051,RS_GCF_000423905.1,Bacteria,Deinococcota,Deinococci,Deinococcales,Thermaceae,Thermus,thermus antranikianii,68.75,True
2052,RS_GCF_000428745.1,Bacteria,Firmicutes_C,Negativicutes,Veillonellales,Veillonellaceae,Veillonella_A,veillonella_a magna,35.0,True
2053,RS_GCF_000428885.1,Bacteria,Acidobacteriota,Holophagae,Holophagales,Holophagaceae,Geothrix,geothrix fermentans,33.75,True
2054,RS_GCF_000485795.1,Bacteria,Proteobacteria,Gammaproteobacteria,Enterobacterales,Shewanellaceae,Shewanella,shewanella decolorationis,31.75,False
2055,RS_GCF_000521805.1,Bacteria,Proteobacteria,Gammaproteobacteria,Pseudomonadales,Marinomonadaceae,Marinomonas,marinomonas ushuaiensis,20.0,True
2056,RS_GCF_000523275.1,Bacteria,Campylobacterota,Campylobacteria,Nautiliales,Nautiliaceae,Lebetimonas,lebetimonas sp000523275,55.0,True
2057,RS_GCF_000619805.1,Bacteria,Aquificota,Aquificae,Hydrogenothermales,Hydrogenothermaceae,Sulfurihydrogenibium,sulfurihydrogenibium subterraneum,62.833333333333336,True
2058,RS_GCF_000636015.1,Bacteria,Proteobacteria,Alphaproteobacteria,Rhizobiales,Rhodomicrobiaceae,Rhodomicrobium,rhodomicrobium udaipurense,29.0,False
2059,RS_GCF_000647975.1,Bacteria,Proteobacteria,Alphaproteobacteria,Rhodobacterales,Rhodobacteraceae,Actibacterium,actibacterium mucosum,26.0,True
2060,RS_GCF_000720335.1,Bacteria,Actinobacteriota,Actinomycetia,Propionibacteriales,Nocardioidaceae,Marmoricola,marmoricola aequoreus,23.5,False
2061,RS_GCF_000737695.1,Bacteria,Bacteroidota,Bacteroidia,Flavobacteriales,Flavobacteriaceae,Flavobacterium,flavobacterium hydatis,22.5,False
2062,RS_GCF_000739695.1,Bacteria,Proteobacteria,Alphaproteobacteria,Parvibaculales,Parvibaculaceae,Tepidicaulis,tepidicaulis marinus,42.0,True
2063,RS_GCF_000763575.1,Bacteria,Firmicutes_A,Thermoanaerobacteria,Thermoanaerobacterales,Thermoanaerobacteraceae,Thermoanaerobacter,thermoanaerobacter kivui,62.0,True
2064,RS_GCF_000821065.1,Bacteria,Firmicutes,Bacilli,Bacillales_D,Amphibacillaceae,Oceanobacillus,oceanobacillus oncorhynchi,33.25,False
2065,RS_GCF_000828475.1,Bacteria,Proteobacteria,Alphaproteobacteria,Rhizobiales,Methyloligellaceae,Methyloceanibacter,methyloceanibacter caenitepidi,35.0,True
2066,RS_GCF_000828675.1,Bacteria,Thermotogota,Thermotogae,Thermotogales,DSM-5069,Pseudothermotoga_B,pseudothermotoga_b profunda,65.0,True
2067,RS_GCF_000934725.1,Bacteria,Proteobacteria,Gammaproteobacteria,Methylococcales,Methylococcaceae,Methyloterricola,methyloterricola oryzae,32.0,True
2068,RS_GCF_000974685.2,Bacteria,Proteobacteria,Gammaproteobacteria,Burkholderiales,Gallionellaceae,Ferriphaselus,ferriphaselus amnicola,27.5,True
2069,RS_GCF_000975095.1,Bacteria,Actinobacteriota,Actinomycetia,Actinomycetales,Demequinaceae,Demequina,demequina aestuarii,33.5,False
2070,RS_GCF_001010285.1,Bacteria,Proteobacteria,Gammaproteobacteria,Enterobacterales,Enterobacteriaceae,Photorhabdus,photorhabdus thracensis,28.857,False
2071,RS_GCF_001028705.1,Bacteria,Proteobacteria,Alphaproteobacteria,Sphingomonadales,Sphingomonadaceae,Croceicoccus,croceicoccus naphthovorans,32.0,True
2072,RS_GCF_001047135.2,Bacteria,Firmicutes,Bacilli,Lactobacillales,Lactobacillaceae,Fructobacillus,fructobacillus tropaeoli,27.5,True
2073,RS_GCF_001192835.1,Bacteria,Bacteroidota,Bacteroidia,Bacteroidales,Lentimicrobiaceae,Lentimicrobium,lentimicrobium saccharophilum,33.5,True
2074,RS_GCF_001280255.1,Bacteria,Deinococcota,Deinococci,Deinococcales,Thermaceae,Thermus,thermus aquaticus,69.52366666666667,True
2075,RS_GCF_001305295.1,Bacteria,Proteobacteria,Gammaproteobacteria,Pseudomonadales,Nitrincolaceae,Neptunomonas,neptunomonas antarctica,16.666666666666668,True
2076,RS_GCF_001431415.1,Bacteria,Proteobacteria,Gammaproteobacteria,Xanthomonadales,Xanthomonadaceae,Stenotrophomonas,stenotrophomonas humi,26.0,False
2077,RS_GCF_001439785.1,Bacteria,Proteobacteria,Gammaproteobacteria,Pseudomonadales,Pseudomonadaceae,Pseudomonas_E,pseudomonas_e poae,26.0,False
2078,RS_GCF_001440545.1,Bacteria,Firmicutes_A,Clostridia,Clostridiales,Caloramatoraceae,Caloramator,caloramator mitchellensis,53.333333333333336,True
2079,RS_GCF_001550055.1,Bacteria,Proteobacteria,Alphaproteobacteria,Sphingomonadales,Kordiimonadaceae,Kordiimonas,kordiimonas lacus,33.5,False
2080,RS_GCF_001552595.1,Bacteria,Actinobacteriota,Actinomycetia,Mycobacteriales,Mycobacteriaceae,Rhodococcus,rhodococcus erythropolis,23.75,False
2081,RS_GCF_001591405.1,Bacteria,Actinobacteriota,Actinomycetia,Actinomycetales,Dermatophilaceae,Janibacter,janibacter terrae,28.58333333333335,False
2082,RS_GCF_001602525.1,Bacteria,Bacteroidota,Bacteroidia,Flavobacteriales,Flavobacteriaceae,Flavobacterium,flavobacterium chilense,26.75,False
2083,RS_GCF_001625085.1,Bacteria,Actinobacteriota,Actinomycetia,Mycobacteriales,Mycobacteriaceae,Nocardia,nocardia acidivorans,27.5,False
2084,RS_GCF_001641615.1,Bacteria,Proteobacteria,Gammaproteobacteria,Enterobacterales,Alteromonadaceae,Pseudoalteromonas,pseudoalteromonas gelatinilytica,32.5,False
2085,RS_GCF_001652585.1,Bacteria,Desulfobacterota,Thermodesulfobacteria,Thermodesulfobacteriales,Thermodesulfobacteriaceae,Thermosulfurimonas,thermosulfurimonas dismutans,74.0,True
2086,RS_GCF_001701025.1,Bacteria,Actinobacteriota,Actinomycetia,Mycobacteriales,Pseudonocardiaceae,Lentzea,lentzea guizhouensis,26.5,False
2087,RS_GCF_001956985.1,Bacteria,Planctomycetota,Planctomycetia,Isosphaerales,Isosphaeraceae,Paludisphaera,paludisphaera borealis,20.0,True
2088,RS_GCF_001989995.2,Bacteria,Proteobacteria,Gammaproteobacteria,Enterobacterales,Vibrionaceae,Vibrio,vibrio anguillarum,18.0,True
2089,RS_GCF_002028545.1,Bacteria,Proteobacteria,Alphaproteobacteria,Rhizobiales,Xanthobacteraceae,Nitrobacter,nitrobacter vulgaris,29.0,True
2090,RS_GCF_002087085.1,Bacteria,Spirochaetota,Spirochaetia,JC444,Marispirochaetaceae,Marispirochaeta,marispirochaeta aestuarii,32.5,True
2091,RS_GCF_002091755.1,Bacteria,Proteobacteria,Gammaproteobacteria,Pseudomonadales,Pseudomonadaceae,Pseudomonas,pseudomonas nitroreducens,29.1428571428571,False
2092,RS_GCF_002116905.1,Bacteria,Proteobacteria,Gammaproteobacteria,Burkholderiales,Burkholderiaceae,Rhizobacter,rhizobacter gummiphilus,22.5,True
2093,RS_GCF_002157225.2,Bacteria,Proteobacteria,Gammaproteobacteria,Pseudomonadales,Cellvibrionaceae,Agarilytica,agarilytica rhodophyticola,30.5,True
2094,RS_GCF_002192415.1,Bacteria,Firmicutes,Bacilli,Paenibacillales,Paenibacillaceae,Paenibacillus,paenibacillus donghaensis,22.5,False
2095,RS_GCF_002217285.1,Bacteria,Bacteroidota,Bacteroidia,Flavobacteriales,Flavobacteriaceae,Flavobacterium,flavobacterium hercynium,23.5,False
2096,RS_GCF_002245355.1,Bacteria,Firmicutes,Bacilli,Thermoactinomycetales,DSM-45169,Paludifilum,paludifilum halophilum,42.5,True
2097,RS_GCF_002355595.1,Bacteria,Bacteroidota,Bacteroidia,Chitinophagales,Chitinophagaceae,Filimonas,filimonas lacunae,29.0,True
2098,RS_GCF_002369955.1,Bacteria,Bacteroidota,Bacteroidia,Flavobacteriales,Ichthyobacteriaceae,Ichthyobacterium,ichthyobacterium seriolicida,26.0,True
2099,RS_GCF_002554705.1,Bacteria,Bacteroidota,Rhodothermia,Rhodothermales,Salinibacteraceae,Longimonas,longimonas halophila,39.5,True
2100,RS_GCF_002777975.1,Bacteria,Proteobacteria,Gammaproteobacteria,Enterobacterales,Shewanellaceae,Shewanella,shewanella carassii,35.0,False
2101,RS_GCF_002795845.1,Bacteria,Proteobacteria,Gammaproteobacteria,Pseudomonadales,Natronospirillaceae,Reinekea,reinekea forsetii,13.5,True
2102,RS_GCF_002804245.1,Bacteria,Firmicutes,Bacilli,Mycoplasmatales,Mycoplasmataceae,Mesoplasma,mesoplasma coleopterae,33.5,False
2103,RS_GCF_002806995.1,Bacteria,Bacteroidota,Bacteroidia,Flavobacteriales,Flavobacteriaceae,Confluentibacter,confluentibacter lentus,32.5,True
2104,RS_GCF_002886045.1,Bacteria,Bacteroidota,Bacteroidia,Flavobacteriales,Flavobacteriaceae,Flavivirga,flavivirga eckloniae,27.5,True
2105,RS_GCF_002901845.1,Bacteria,Firmicutes,Bacilli,Staphylococcales,Staphylococcaceae,Staphylococcus,staphylococcus hominis,33.32142857142856,False
2106,RS_GCF_002902325.1,Bacteria,Firmicutes,Bacilli,Staphylococcales,Staphylococcaceae,Staphylococcus,staphylococcus capitis,34.666666666666664,False
2107,RS_GCF_002920895.1,Bacteria,Bacteroidota,Bacteroidia,Flavobacteriales,Flavobacteriaceae,Flavobacterium,flavobacterium alvei,20.0,False
2108,RS_GCF_002938425.1,Bacteria,Actinobacteriota,Actinomycetia,Mycobacteriales,Geodermatophilaceae,Blastococcus,blastococcus atacamensis,35.0,False
2109,RS_GCF_002938435.1,Bacteria,Actinobacteriota,Actinomycetia,Mycobacteriales,Geodermatophilaceae,Blastococcus,blastococcus saxobsidens,32.0,True
2110,RS_GCF_002954605.1,Bacteria,Bacteroidota,Bacteroidia,Flavobacteriales,Flavobacteriaceae,Polaribacter,polaribacter butkevichii,22.0,False
2111,RS_GCF_002995805.1,Bacteria,Firmicutes_B,Moorellia,Moorellales,Moorellaceae,Moorella,moorella stamsii,65.0,True
2112,RS_GCF_003003265.1,Bacteria,Actinobacteriota,Actinomycetia,Actinomycetales,Microbacteriaceae,Glaciihabitans,glaciihabitans tibetensis,17.5,True
2113,RS_GCF_003014575.1,Bacteria,Bacteroidota,Bacteroidia,Cytophagales,Cyclobacteriaceae,Cecembia,cecembia rubra,41.0,True
2114,RS_GCF_003026215.1,Bacteria,Proteobacteria,Gammaproteobacteria,Enterobacterales,Vibrionaceae,Photobacterium,photobacterium indicum,26.0,True
2115,RS_GCF_003034985.1,Bacteria,Proteobacteria,Alphaproteobacteria,Rhodobacterales,Rhodobacteraceae,Cereibacter,cereibacter changlensis,29.5,True
2116,RS_GCF_003071345.1,Bacteria,Bacteroidota,Bacteroidia,Chitinophagales,Chitinophagaceae,Chitinophaga,chitinophaga parva,32.5,True
2117,RS_GCF_003075095.1,Bacteria,Actinobacteriota,Actinomycetia,Mycobacteriales,Geodermatophilaceae,Blastococcus,blastococcus litoris,32.5,False
2118,RS_GCF_003148495.1,Bacteria,Proteobacteria,Alphaproteobacteria,Rhizobiales,Rhizobiaceae,Mesorhizobium,mesorhizobium loti,26.0,False
2119,RS_GCF_003148745.1,Bacteria,Proteobacteria,Gammaproteobacteria,Enterobacterales,Kangiellaceae,Pleionea,pleionea mediterranea,27.5,True
2120,RS_GCF_003185895.1,Bacteria,Actinobacteriota,Actinomycetia,Actinomycetales,Microbacteriaceae,Cryobacterium,cryobacterium arcticum,20.0,False
2121,RS_GCF_003201205.1,Bacteria,Proteobacteria,Gammaproteobacteria,Nevskiales,Nevskiaceae,Sinimarinibacterium,sinimarinibacterium flocculans,38.5,True
2122,RS_GCF_003259435.1,Bacteria,Bacteroidota,Bacteroidia,Chitinophagales,Chitinophagaceae,Chitinophaga,chitinophaga dinghuensis,30.5,False
2123,RS_GCF_003315245.1,Bacteria,Proteobacteria,Gammaproteobacteria,Arenicellales,Arenicellaceae,Arenicella,arenicella xantha,26.5,False
2124,RS_GCF_003351105.1,Bacteria,Thermotogota,Thermotogae,Thermotogales,Fervidobacteriaceae,Thermosipho,thermosipho africanus,72.5,True
2125,RS_GCF_003385495.1,Bacteria,Bacteroidota,Bacteroidia,Flavobacteriales,Weeksellaceae,Chryseobacterium,chryseobacterium elymi,33.5,False
2126,RS_GCF_003391395.1,Bacteria,Actinobacteriota,Actinomycetia,Mycobacteriales,Mycobacteriaceae,Mycobacterium,mycobacterium marinum,29.5714285714286,False
2127,RS_GCF_003574085.1,Bacteria,Deinococcota,Deinococci,Deinococcales,Thermaceae,Meiothermus,meiothermus luteus,60.0,True
2128,RS_GCF_003610015.1,Bacteria,Proteobacteria,Gammaproteobacteria,Pseudomonadales,Halomonadaceae,Zymobacter,zymobacter palmae,26.0,True
2129,RS_GCF_003634045.1,Bacteria,Proteobacteria,Alphaproteobacteria,Caulobacterales,Maricaulaceae,Maricaulis,maricaulis maris,23.666666666666668,True
2130,RS_GCF_003966265.1,Bacteria,Proteobacteria,Gammaproteobacteria,Enterobacterales,Shewanellaceae,Shewanella,shewanella atlantica,10.0,True
2131,RS_GCF_003991135.1,Bacteria,Firmicutes_F,Halanaerobiia,DY22613,DY22613,Anoxybacter,anoxybacter fermentans,61.0,True
2132,RS_GCF_004011135.1,Bacteria,Actinobacteriota,Actinomycetia,Actinomycetales,Microbacteriaceae,Rathayibacter,rathayibacter festucae,24.0,False
2133,RS_GCF_004217225.1,Bacteria,Proteobacteria,Gammaproteobacteria,Burkholderiales,Rhodocyclaceae,Azospira,azospira oryzae,31.6666666666667,True
2134,RS_GCF_004342625.1,Bacteria,Proteobacteria,Gammaproteobacteria,Burkholderiales,Burkholderiaceae,Tepidimonas,tepidimonas ignava,51.25,True
2135,RS_GCF_004342905.1,Bacteria,Firmicutes,Bacilli,Bacillales_D,Alkalibacillaceae,Melghiribacillus,melghiribacillus thermohalophilus,52.5,True
2136,RS_GCF_004363235.1,Bacteria,Proteobacteria,Alphaproteobacteria,Dongiales,Dongiaceae,Dongia,dongia mobilis,32.5,True
2137,RS_GCF_004917075.1,Bacteria,Desulfobacterota,Desulfuromonadia,Geobacterales,Geobacteraceae,Geomonas,geomonas edaphica,31.5,True
2138,RS_GCF_005377625.1,Bacteria,Desulfobacterota,Syntrophobacteria,Syntrophobacterales,DSM-9756,Desulfoglaeba,desulfoglaeba alkanexedens,34.0,True
2139,RS_GCF_006716065.1,Bacteria,Actinobacteriota,Actinomycetia,Mycobacteriales,Micromonosporaceae,Micromonospora,micromonospora arenicola,22.917,False
2140,RS_GCF_006739205.1,Bacteria,Firmicutes,Bacilli,Lactobacillales,Streptococcaceae,Streptococcus,streptococcus mutans,29.593,False
2141,RS_GCF_007988865.1,Bacteria,Firmicutes,Bacilli,Lactobacillales,Carnobacteriaceae,Alkalibacterium,alkalibacterium kapii,31.0,True
2142,RS_GCF_008079445.1,Bacteria,Proteobacteria,Gammaproteobacteria,Pseudomonadales,Halomonadaceae,Aidingimonas,aidingimonas lacisalsi,36.0,True
2143,RS_GCF_008274785.1,Bacteria,Proteobacteria,Gammaproteobacteria,Pseudomonadales,Halomonadaceae,Halomonas,halomonas eurihalina,31.0,False
2144,RS_GCF_008630535.1,Bacteria,Actinobacteriota,Actinomycetia,Mycobacteriales,Pseudonocardiaceae,Saccharopolyspora,saccharopolyspora hirsuta,32.5,True
2145,RS_GCF_008933955.1,Bacteria,Firmicutes_B,Desulfitobacteriia,Heliobacteriales,Heliobacteriaceae,Heliorestis,heliorestis acidaminivorans,27.5,True
2146,RS_GCF_009184425.1,Bacteria,Bacteroidota,Bacteroidia,Flavobacteriales,Flavobacteriaceae,Muricauda,muricauda olearia,27.5,False
2147,RS_GCF_009735625.1,Bacteria,Firmicutes_B,Moorellia,Moorellales,Moorellaceae,Moorella,moorella glycerini,59.0,True
2148,RS_GCF_009830105.1,Bacteria,Proteobacteria,Alphaproteobacteria,Rhizobiales,Beijerinckiaceae,Microvirga,microvirga makkahensis,29.0,False
2149,RS_GCF_009908165.1,Bacteria,Proteobacteria,Alphaproteobacteria,Rhodobacterales,Rhodobacteraceae,Frigidibacter,frigidibacter albus,19.0,True
2150,RS_GCF_011634895.1,Bacteria,Proteobacteria,Gammaproteobacteria,Enterobacterales,Alteromonadaceae,Rheinheimera,rheinheimera pleomorphica,33.5,True
2151,RS_GCF_013402795.1,Bacteria,Bacteroidota,Bacteroidia,Flavobacteriales,Flavobacteriaceae,Costertonia,costertonia aggregata,29.0,True
2152,RS_GCF_013408565.1,Bacteria,Actinobacteriota,Actinomycetia,Actinomycetales,Dermatophilaceae,Janibacter,janibacter alkaliphilus,27.5,False
2153,RS_GCF_013409935.1,Bacteria,Actinobacteriota,Actinomycetia,Streptosporangiales,Streptosporangiaceae,Streptosporangium,streptosporangium sandarakinum,29.0,False
2154,RS_GCF_013432195.1,Bacteria,Proteobacteria,Gammaproteobacteria,Burkholderiales,Burkholderiaceae,Tepidicella,tepidicella baoligensis,45.0,True
2155,RS_GCF_014204815.1,Bacteria,Actinobacteriota,Actinomycetia,Actinomycetales,Micrococcaceae,Micrococcus,micrococcus flavus,31.0,False
2156,RS_GCF_014635245.1,Bacteria,Proteobacteria,Alphaproteobacteria,Rhizobiales,Methylopilaceae,Agaricicola,agaricicola taiwanensis,32.5,True
2157,RS_GCF_014638745.1,Bacteria,Proteobacteria,Gammaproteobacteria,Xanthomonadales,Xanthomonadaceae,Arenimonas,arenimonas maotaiensis,35.0,False
2158,RS_GCF_014640175.1,Bacteria,Bacteroidota,Bacteroidia,Flavobacteriales,Flavobacteriaceae,Psychroflexus,psychroflexus salis,22.5,False
2159,RS_GCF_014640975.1,Bacteria,Actinobacteriota,Actinomycetia,Actinomycetales,Microbacteriaceae,Microbacterium,microbacterium faecale,26.5,False
2160,RS_GCF_014641495.1,Bacteria,Proteobacteria,Alphaproteobacteria,Rhodospirillales,Terasakiellaceae,Terasakiella,terasakiella brassicae,34.5,True
2161,RS_GCF_014641615.1,Bacteria,Bacteroidota,Bacteroidia,Chitinophagales,Chitinophagaceae,Filimonas,filimonas zeae,29.0,False
2162,RS_GCF_014647035.1,Bacteria,Firmicutes,Bacilli,Bacillales_G,Sporolactobacillaceae,Sporolactobacillus,sporolactobacillus putidus,35.0,True
2163,RS_GCF_014652315.1,Bacteria,Proteobacteria,Gammaproteobacteria,Burkholderiales,Chitinibacteraceae,Jeongeupia,jeongeupia chitinilytica,27.5,True
2164,RS_GCF_014652455.1,Bacteria,Proteobacteria,Alphaproteobacteria,Caulobacterales,Maricaulaceae,Litorimonas,litorimonas cladophorae,26.5,True
2165,RS_GCF_014653945.1,Bacteria,Actinobacteriota,Actinomycetia,Mycobacteriales,Pseudonocardiaceae,Amycolatopsis,amycolatopsis deserti,45.0,True
2166,RS_GCF_014844275.1,Bacteria,Proteobacteria,Gammaproteobacteria,Francisellales,Francisellaceae,Francisella,francisella noatunensis,23.3333333333333,False
2167,RS_GCF_017349355.1,Bacteria,Proteobacteria,Gammaproteobacteria,Thiotrichales,Thiotrichaceae,Thiothrix,thiothrix fructosivorans,10.0,True
2168,RS_GCF_017814435.1,Bacteria,Bacteroidota,Bacteroidia,Flavobacteriales,Flavobacteriaceae,Mariniflexile,mariniflexile gromovii,24.0,True
2169,RS_GCF_018457175.1,Bacteria,Proteobacteria,Alphaproteobacteria,Rhodobacterales,Rhodobacteraceae,Pseudohalocynthiibacter,pseudohalocynthiibacter aestuariivivens,27.5,True
2170,RS_GCF_018459925.1,Bacteria,Actinobacteriota,Actinomycetia,Propionibacteriales,Nocardioidaceae,Nocardioides,nocardioides aquaticus,20.5,False
2171,RS_GCF_018588945.1,Bacteria,Actinobacteriota,Actinomycetia,Actinomycetales,Microbacteriaceae,Microbacterium,microbacterium flavescens,26.0,False
2172,RS_GCF_900095795.1,Bacteria,Bacteroidota,Bacteroidia,Bacteroidales,Dysgonomonadaceae,Petrimonas,petrimonas mucosa,45.0,True
2173,RS_GCF_900099685.1,Bacteria,Bacteroidota,Bacteroidia,Flavobacteriales,Weeksellaceae,Chryseobacterium,chryseobacterium taeanense,30.667,False
2174,RS_GCF_900099815.1,Bacteria,Bacteroidota,Bacteroidia,Flavobacteriales,Flavobacteriaceae,Psychroflexus,psychroflexus sediminis,27.5,True
2175,RS_GCF_900100355.1,Bacteria,Proteobacteria,Gammaproteobacteria,Pseudomonadales,Cellvibrionaceae,Microbulbifer,microbulbifer yueqingensis,33.5,False
2176,RS_GCF_900105785.1,Bacteria,Actinobacteriota,Actinomycetia,Propionibacteriales,Propionibacteriaceae,Friedmanniella,friedmanniella sagamiharensis,26.5,False
2177,RS_GCF_900110245.1,Bacteria,Bacteroidota,Bacteroidia,Chitinophagales,Chitinophagaceae,Niastella,niastella yeongjuensis,31.5,True
2178,RS_GCF_900112235.1,Bacteria,Proteobacteria,Gammaproteobacteria,Pseudomonadales,Halomonadaceae,Marinospirillum,marinospirillum celere,38.333333333333336,True
2179,RS_GCF_900130015.1,Bacteria,Desulfobacterota,Desulfobulbia,Desulfobulbales,Desulfocapsaceae,Desulfofustis,desulfofustis glycolicus,27.0,True
2180,RS_GCF_900141795.1,Bacteria,Proteobacteria,Gammaproteobacteria,Thiomicrospirales,Thiomicrospiraceae,Sulfurivirga,sulfurivirga caldicuralii,53.333333333333336,True
2181,RS_GCF_900141815.1,Bacteria,Verrucomicrobiota,Verrucomicrobiae,Verrucomicrobiales,Akkermansiaceae,Rubritalea,rubritalea squalenifaciens,26.0,False
2182,RS_GCF_900141895.1,Bacteria,Firmicutes_A,Clostridia,Lachnospirales,Lachnospiraceae,Parasporobacterium,parasporobacterium paucivorans,35.25,True
2183,RS_GCF_900142105.1,Bacteria,Firmicutes_A,Clostridia,Lutisporales,Lutisporaceae,Lutispora,lutispora thermophila,56.0,True
2184,RS_GCF_900142135.1,Bacteria,Desulfobacterota,Desulfobacteria,Desulfobacterales,Desulfatibacillaceae,Desulfatibacillum,desulfatibacillum alkenivorans,29.0,True
2185,RS_GCF_900142185.1,Bacteria,Proteobacteria,Alphaproteobacteria,Rhodobacterales,Rhodobacteraceae,Lutimaribacter,lutimaribacter pacificus,27.5,True
2186,RS_GCF_900167605.1,Bacteria,Firmicutes_A,Clostridia,Clostridiales,Caloramatoraceae,Caloramator_B,caloramator_b quimbayensis,50.0,True
2187,RS_GCF_900176385.1,Bacteria,Actinobacteriota,Actinomycetia,Actinomycetales,Dermatophilaceae,Janibacter,janibacter indicus,29.0,False
2188,RS_GCF_900636535.1,Bacteria,Bacteroidota,Bacteroidia,Flavobacteriales,Weeksellaceae,Chryseobacterium,chryseobacterium gleum,31.667,False
2189,RS_GCF_900637195.1,Bacteria,Actinobacteriota,Actinomycetia,Mycobacteriales,Mycobacteriaceae,Mycobacterium,mycobacterium aurum,34.4285714285714,False
2190,RS_GCF_901472495.1,Bacteria,Proteobacteria,Gammaproteobacteria,Enterobacterales,Enterobacteriaceae,Yersinia,yersinia enterocolitica,28.8395,False
2191,RS_GCF_904848165.1,Bacteria,Proteobacteria,Gammaproteobacteria,Pseudomonadales,Moraxellaceae,Psychrobacter,psychrobacter arenosus,26.5,False
2192,GB_GCA_000093085.1,Bacteria,Firmicutes,Bacilli,Bacillales_H,Salisediminibacteriaceae,Salisediminibacterium,salisediminibacterium selenitireducens,26.0,True
2193,GB_GCA_001628815.1,Bacteria,Desulfobacterota,Desulfuromonadia,Geobacterales,Geobacteraceae,Geobacter,geobacter anodireducens,32.5,False
2194,GB_GCA_901472505.1,Bacteria,Proteobacteria,Gammaproteobacteria,Enterobacterales,Enterobacteriaceae,Proteus,proteus vulgaris,34.0,False
2195,RS_GCF_000013985.1,Bacteria,Proteobacteria,Alphaproteobacteria,Sphingomonadales,Sphingomonadaceae,Sphingopyxis,sphingopyxis alaskensis,7.0,True
2196,RS_GCF_000014145.1,Bacteria,Bacteroidota,Bacteroidia,Cytophagales,Cytophagaceae,Cytophaga,cytophaga hutchinsonii,28.667,True
2197,RS_GCF_000015505.1,Bacteria,Proteobacteria,Gammaproteobacteria,Burkholderiales,Burkholderiaceae,Polaromonas,polaromonas naphthalenivorans,20.0,False
2198,RS_GCF_000020485.1,Bacteria,Firmicutes_F,Halanaerobiia,Halanaerobiales,Halothermotrichaceae,Halothermothrix,halothermothrix orenii,60.0,True
2199,RS_GCF_000021565.1,Bacteria,Aquificota,Aquificae,Hydrogenothermales,Hydrogenothermaceae,Persephonella,persephonella marina,72.0,True
2200,RS_GCF_000023025.1,Bacteria,Proteobacteria,Gammaproteobacteria,Pseudomonadales,Cellvibrionaceae,Teredinibacter,teredinibacter turnerae_b,32.5,False
2201,RS_GCF_000023325.1,Bacteria,Thermotogota,Thermotogae,Petrotogales,Kosmotogaceae,Kosmotoga,kosmotoga olearia,65.0,True
2202,RS_GCF_000023885.1,Bacteria,Actinobacteriota,Coriobacteriia,Coriobacteriales,Eggerthellaceae,Slackia,slackia heliotrinireducens,38.5,True
2203,RS_GCF_000024845.1,Bacteria,Bacteroidota,Rhodothermia,Rhodothermales,Rhodothermaceae,Rhodothermus,rhodothermus marinus,67.1111111111111,True
2204,RS_GCF_000092645.1,Bacteria,Actinobacteriota,Actinomycetia,Streptosporangiales,Streptosporangiaceae,Thermobispora,thermobispora bispora,55.625,True
2205,RS_GCF_000092905.1,Bacteria,Firmicutes,Bacilli,Kyrpidiales,Kyrpidiaceae,Kyrpidia,kyrpidia tusciae,51.111,True
2206,RS_GCF_000144695.1,Bacteria,Firmicutes_F,Halanaerobiia,Halobacteroidales,Acetohalobiaceae,Acetohalobium,acetohalobium arabaticum,36.5,True
2207,RS_GCF_000147075.1,Bacteria,Spirochaetota,Spirochaetia,Spirochaetales_A,Spirochaetaceae_A,Spirochaeta_A,spirochaeta_a thermophila_a,65.667,True
2208,RS_GCF_000178115.2,Bacteria,Firmicutes_A,Clostridia,Oscillospirales,Ethanoligenenaceae,Ethanoligenens,ethanoligenens harbinense,34.5,True
2209,RS_GCF_000179595.2,Bacteria,Firmicutes_A,Clostridia,Acetivibrionales,Acetivibrionaceae,Acetivibrio,acetivibrio cellulolyticus,35.0,True
2210,RS_GCF_000179635.2,Bacteria,Firmicutes_A,Clostridia,Oscillospirales,Ruminococcaceae,Ruminococcus_D,ruminococcus_d albus,38.5,True
2211,RS_GCF_000186445.1,Bacteria,Firmicutes,Bacilli,Lactobacillales,Streptococcaceae,Streptococcus,streptococcus agalactiae,34.6666666666667,False
2212,RS_GCF_000192225.1,Bacteria,Bacteroidota,Bacteroidia,Flavobacteriales,Flavobacteriaceae,Capnocytophaga,capnocytophaga sp000192225,36.0,False
2213,RS_GCF_000208405.1,Bacteria,Firmicutes_C,Negativicutes,Selenomonadales,Selenomonadaceae,Selenomonas,selenomonas sputigena,36.667,True
2214,RS_GCF_000213975.1,Bacteria,Firmicutes_C,Negativicutes,Selenomonadales,Selenomonadaceae,Centipeda,centipeda periodontii,35.0,True
2215,RS_GCF_000219605.1,Bacteria,Proteobacteria,Gammaproteobacteria,Pseudomonadales,Pseudomonadaceae,Pseudomonas_A,pseudomonas_a stutzeri,32.286,True
2216,RS_GCF_000221045.1,Bacteria,Proteobacteria,Gammaproteobacteria,Burkholderiales,Burkholderiaceae,Collimonas,collimonas fungivorans_a,22.5,True
2217,RS_GCF_000240165.1,Bacteria,Actinobacteriota,Actinomycetia,Streptomycetales,Streptomycetaceae,Streptomyces,streptomyces cattleya,26.0,False
2218,RS_GCF_000242815.1,Bacteria,Proteobacteria,Gammaproteobacteria,Burkholderiales,Burkholderiaceae,Janthinobacterium,janthinobacterium lividum_d,20.0,True
2219,RS_GCF_000244895.1,Bacteria,Firmicutes_B,Desulfitobacteriia,Desulfitobacteriales,Desulfitobacteriaceae,Desulfosporosinus,desulfosporosinus youngiae,34.625,True
2220,RS_GCF_000244915.1,Bacteria,Proteobacteria,Alphaproteobacteria,Rhizobiales,Xanthobacteraceae,Bradyrhizobium,bradyrhizobium sp000244915,27.833,False
2221,RS_GCF_000246855.1,Bacteria,Bacteroidota,Bacteroidia,Chitinophagales,Chitinophagaceae,Niastella,niastella koreensis,33.5,False
2222,RS_GCF_000263715.2,Bacteria,Proteobacteria,Gammaproteobacteria,Pseudomonadales,Pseudomonadaceae,Pseudomonas_E,pseudomonas_e synxantha_a,20.0,False
2223,RS_GCF_000264055.1,Bacteria,Bacteroidota,Bacteroidia,Flavobacteriales,Flavobacteriaceae,Flavobacterium,flavobacterium sp000264055,10.0,True
2224,RS_GCF_000300275.1,Bacteria,Proteobacteria,Alphaproteobacteria,Rhodospirillales,Thalassospiraceae,Thalassospira,thalassospira profundimaris,22.0,False
2225,RS_GCF_000314735.2,Bacteria,Proteobacteria,Alphaproteobacteria,Rhizobiales,Xanthobacteraceae,Afipia,afipia felis,29.0,True
2226,RS_GCF_000315235.1,Bacteria,Firmicutes,Bacilli,Paenibacillales,Paenibacillaceae,Paenibacillus_B,paenibacillus_b popilliae,26.0,True
2227,RS_GCF_000328625.1,Bacteria,Firmicutes_F,Halanaerobiia,Halobacteroidales,Halobacteroidaceae,Halobacteroides,halobacteroides halobius,31.5,True
2228,RS_GCF_000341245.1,Bacteria,Actinobacteriota,Actinomycetia,Streptosporangiales,Streptosporangiaceae,Nocardiopsis_A,nocardiopsis_a halophila,35.1,False
2229,RS_GCF_000341795.1,Bacteria,Actinobacteriota,Actinomycetia,Mycobacteriales,Mycobacteriaceae,Rhodococcus,rhodococcus triatomae_a,32.0,False
2230,RS_GCF_000344175.1,Bacteria,Firmicutes,Bacilli,Lactobacillales,Listeriaceae,Listeria,listeria fleischmannii,33.5,False
2231,RS_GCF_000373485.1,Bacteria,Proteobacteria,Gammaproteobacteria,Pseudomonadales,DSM-21967,Dasania,dasania marina,19.75,True
2232,RS_GCF_000375425.1,Bacteria,Bacteroidota,Rhodothermia,Balneolales,Balneolaceae,Gracilimonas,gracilimonas tropica,34.375,True
2233,RS_GCF_000379025.1,Bacteria,Firmicutes_F,Halanaerobiia,Halobacteroidales,Halobacteroidaceae,Orenia,orenia marismortui,33.0,True
2234,RS_GCF_000379825.1,Bacteria,Actinobacteriota,Actinomycetia,Mycobacteriales,Micromonosporaceae,Longispora,longispora albida,27.0,False
2235,RS_GCF_000380085.1,Bacteria,Firmicutes,Bacilli,Lactobacillales,Streptococcaceae,Streptococcus,streptococcus merionis,27.5,False
2236,RS_GCF_000411115.1,Bacteria,Bacteroidota,Bacteroidia,Flavobacteriales,Flavobacteriaceae,Capnocytophaga,capnocytophaga granulosa,36.667,False
2237,RS_GCF_000420465.1,Bacteria,Desulfobacterota_I,Desulfovibrionia,Desulfovibrionales,Desulfovibrionaceae,Desulfovibrio,desulfovibrio desulfuricans,31.9,False
2238,RS_GCF_000423425.1,Bacteria,Deinococcota,Deinococci,Deinococcales,Thermaceae,Meiothermus,meiothermus rufus,56.66666666666666,True
2239,RS_GCF_000429065.1,Bacteria,Proteobacteria,Gammaproteobacteria,Xanthomonadales,Xanthomonadaceae,Silanimonas,silanimonas lenta,47.0,True
2240,RS_GCF_000429785.1,Bacteria,Proteobacteria,Gammaproteobacteria,Burkholderiales,Chitinibacteraceae,Chitinibacter,chitinibacter tainanensis,33.5,False
2241,RS_GCF_000430995.1,Bacteria,Firmicutes_A,Clostridia,Clostridiales,Caloramatoraceae,Thermobrachium,thermobrachium celere,57.5,True
2242,RS_GCF_000702625.1,Bacteria,Firmicutes,Bacilli,Exiguobacterales,Exiguobacteraceae,Exiguobacterium_A,exiguobacterium_a oxidotolerans,34.0,False
2243,RS_GCF_000710035.2,Bacteria,Proteobacteria,Gammaproteobacteria,Enterobacterales,Enterobacteriaceae,Pantoea,pantoea ananatis,28.6666666666667,False
2244,RS_GCF_000725385.1,Bacteria,Proteobacteria,Gammaproteobacteria,Xanthomonadales,Rhodanobacteraceae,Dyella,dyella japonica_c,27.5,False
2245,RS_GCF_000742895.1,Bacteria,Firmicutes,Bacilli,Bacillales,Bacillaceae_G,Bacillus_A,bacillus_a anthracis,33.0,False
2246,RS_GCF_000756655.1,Bacteria,Proteobacteria,Gammaproteobacteria,Pseudomonadales,Alcanivoracaceae,Alcanivorax,alcanivorax jadensis,27.5,False
2247,RS_GCF_000756815.1,Bacteria,Proteobacteria,Gammaproteobacteria,Legionellales,Legionellaceae,Tatlockia,tatlockia massiliensis,26.5,True
2248,RS_GCF_000805675.1,Bacteria,Actinobacteriota,Actinomycetia,Mycobacteriales,Mycobacteriaceae,Corynebacterium,corynebacterium minutissimum,36.5,False
2249,RS_GCF_000820305.1,Bacteria,Proteobacteria,Gammaproteobacteria,Enterobacterales,Aeromonadaceae,Aeromonas,aeromonas dhakensis,33.5,False
2250,RS_GCF_000934705.1,Bacteria,Proteobacteria,Gammaproteobacteria,Pseudomonadales,Oleiphilaceae,Marinobacter,marinobacter excellens,22.5,False
2251,RS_GCF_000969415.1,Bacteria,Proteobacteria,Alphaproteobacteria,Rhizobiales,Devosiaceae,Devosia,devosia geojensis,32.5,True
2252,RS_GCF_001274935.1,Bacteria,Firmicutes,Bacilli,Bacillales,Bacillaceae_H,Bacillus_AG,bacillus_ag koreensis,37.5,True
2253,RS_GCF_001277175.1,Bacteria,Proteobacteria,Gammaproteobacteria,Enterobacterales,Enterobacteriaceae,Cronobacter,cronobacter universalis,33.5,False
2254,RS_GCF_001306455.1,Bacteria,Bacteroidota,Bacteroidia,Cytophagales,Spirosomaceae,Jiulongibacter,jiulongibacter sediminis,27.5,True
2255,RS_GCF_001405015.1,Bacteria,Firmicutes_A,Clostridia,Clostridiales,Clostridiaceae,Clostridium,clostridium disporicum,25.5,False
2256,RS_GCF_001458295.1,Bacteria,Proteobacteria,Alphaproteobacteria,Rhodobacterales,Rhodobacteraceae,Ruegeria,ruegeria denitrificans,26.0,True
2257,RS_GCF_001543325.1,Bacteria,Bacteroidota,Bacteroidia,Flavobacteriales,Flavobacteriaceae,Lutibacter,lutibacter profundi,23.0,False
2258,RS_GCF_001562415.1,Bacteria,Firmicutes_A,Clostridia,Peptostreptococcales,Thermotaleaceae,Thermotalea,thermotalea metallivorans,51.6665,True
2259,RS_GCF_001565895.1,Bacteria,Proteobacteria,Gammaproteobacteria,Enterobacterales,Alteromonadaceae,Paraglaciecola,paraglaciecola hydrolytica,22.5,False
2260,RS_GCF_001594005.1,Bacteria,Firmicutes_A,Clostridia,Clostridiales,Clostridiaceae,Clostridium_AC,clostridium_ac tepidiprofundi,50.0,True
2261,RS_GCF_001601575.1,Bacteria,Firmicutes_A,Thermosediminibacteria,Thermosediminibacterales,Thermosediminibacteraceae,Thermovenabulum,thermovenabulum gondwanense,65.0,True
2262,RS_GCF_001677275.1,Bacteria,Proteobacteria,Gammaproteobacteria,Enterobacterales,Vibrionaceae,Vibrio,vibrio breoganii,18.5,True
2263,RS_GCF_001687335.1,Bacteria,Desulfobacterota,Dissulfuribacteria,Dissulfuribacterales,Dissulfuribacteraceae,Dissulfuribacter,dissulfuribacter thermophilus,61.0,True
2264,RS_GCF_001687565.2,Bacteria,Firmicutes,Bacilli,Bacillales_A,Planococcaceae,Planococcus,planococcus antarcticus,20.0,False
2265,RS_GCF_001693415.1,Bacteria,Bacteroidota,Bacteroidia,Flavobacteriales,Flavobacteriaceae,Tenacibaculum,tenacibaculum soleae,23.5,False
2266,RS_GCF_001701045.1,Bacteria,Synergistota,Synergistia,Synergistales,Synergistaceae,Cloacibacillus,cloacibacillus porcorum,39.0,True
2267,RS_GCF_001720485.1,Bacteria,Proteobacteria,Gammaproteobacteria,Pseudomonadales,Halomonadaceae,Cobetia,cobetia marina,26.0,True
2268,RS_GCF_002003465.1,Bacteria,Firmicutes,Bacilli,Bacillales_G,Sporolactobacillaceae,Caenibacillus,caenibacillus caldisaponilyticus,55.0,True
2269,RS_GCF_002105285.1,Bacteria,Proteobacteria,Alphaproteobacteria,Rhodobacterales,Rhodobacteraceae,Planktotalea,planktotalea arctica,20.0,False
2270,RS_GCF_002115725.1,Bacteria,Proteobacteria,Alphaproteobacteria,Rhodobacterales,Rhodobacteraceae,Marivita,marivita cryptomonadis,29.0,True
2271,RS_GCF_002117125.1,Bacteria,Bacteroidota,Bacteroidia,Flavobacteriales,Flavobacteriaceae,Nonlabens,nonlabens spongiae,29.0,False
2272,RS_GCF_002207765.1,Bacteria,Firmicutes_B,Moorellia,Calderihabitantales,Calderihabitantaceae,Calderihabitans,calderihabitans maritimus,65.0,True
2273,RS_GCF_002355375.1,Bacteria,Firmicutes,Bacilli,Aneurinibacillales,Aneurinibacillaceae,Aneurinibacillus,aneurinibacillus soli,32.5,True
2274,RS_GCF_002355535.1,Bacteria,Actinobacteriota,Actinomycetia,Actinomycetales,Microbacteriaceae,Aurantimicrobium,aurantimicrobium minutum,22.5,True
2275,RS_GCF_002563955.1,Bacteria,Actinobacteriota,Actinomycetia,Actinomycetales,Microbacteriaceae,Microbacterium_A,microbacterium_a agarici,27.5,True
2276,RS_GCF_002849855.1,Bacteria,Proteobacteria,Gammaproteobacteria,Enterobacterales,Vibrionaceae,Vibrio,vibrio azureus,23.5,False
2277,RS_GCF_002850745.1,Bacteria,Actinobacteriota,Actinomycetia,Streptosporangiales,Streptosporangiaceae,Nonomuraea,nonomuraea indica,29.0,True
2278,RS_GCF_002902625.1,Bacteria,Firmicutes,Bacilli,Staphylococcales,Staphylococcaceae,Staphylococcus,staphylococcus devriesei,31.5,False
2279,RS_GCF_002943755.1,Bacteria,Bacteroidota,Bacteroidia,Flavobacteriales,Flavobacteriaceae,Aureitalea,aureitalea marina,22.5,True
2280,RS_GCF_003003275.1,Bacteria,Firmicutes,Bacilli,Lactobacillales,Carnobacteriaceae,Alkalibacterium,alkalibacterium olivapovliticus,29.5,False
2281,RS_GCF_003053745.1,Bacteria,Proteobacteria,Alphaproteobacteria,Sphingomonadales,Sphingomonadaceae,Sphingomonas,sphingomonas faeni,22.0,False
2282,RS_GCF_003148585.1,Bacteria,Proteobacteria,Gammaproteobacteria,Pseudomonadales,Moraxellaceae,Psychrobacter,psychrobacter immobilis,24.875,False
2283,RS_GCF_003194565.2,Bacteria,Proteobacteria,Gammaproteobacteria,Enterobacterales,Kangiellaceae,Kangiella,kangiella spongicola,29.5,False
2284,RS_GCF_003206155.1,Bacteria,Proteobacteria,Gammaproteobacteria,Pseudomonadales,Halomonadaceae,Salinicola,salinicola halophilus,35.0,False
2285,RS_GCF_003254155.1,Bacteria,Firmicutes,Bacilli,Bacillales_A,Planococcaceae,Psychrobacillus,psychrobacillus insolitus,21.25,False
2286,RS_GCF_003259615.1,Bacteria,Bacteroidota,Bacteroidia,Sphingobacteriales,Sphingobacteriaceae,Pedobacter,pedobacter cryoconitis,17.5,True
2287,RS_GCF_003268885.1,Bacteria,Proteobacteria,Gammaproteobacteria,Pseudomonadales,Halomonadaceae,Halomonas_E,halomonas_e taeanensis_a,35.0,True
2288,RS_GCF_003315295.1,Bacteria,Firmicutes,Bacilli,Bacillales_D,Amphibacillaceae,Paraliobacillus,paraliobacillus ryukyuensis,38.5,True
2289,RS_GCF_003351045.1,Bacteria,Actinobacteriota,Thermoleophilia,Gaiellales,Gaiellaceae,Gaiella,gaiella occulta,36.0,True
2290,RS_GCF_003491325.1,Bacteria,Firmicutes,Bacilli,Staphylococcales,Staphylococcaceae,Staphylococcus,staphylococcus warneri_a,33.5,False
2291,RS_GCF_003574355.1,Bacteria,Deinococcota,Deinococci,Deinococcales,Thermaceae,Meiothermus,meiothermus granaticius,46.25,True
2292,RS_GCF_003635025.1,Bacteria,Actinobacteriota,Actinomycetia,Mycobacteriales,Pseudonocardiaceae,Saccharopolyspora,saccharopolyspora antimicrobica,32.5,False
2293,RS_GCF_003697165.2,Bacteria,Proteobacteria,Gammaproteobacteria,Enterobacterales,Enterobacteriaceae,Escherichia,escherichia coli,35.8317307692308,False
2294,RS_GCF_003990045.1,Bacteria,Actinobacteriota,Actinomycetia,Actinomycetales,Microbacteriaceae,Labedella,labedella endophytica,27.5,True
2295,RS_GCF_004078655.1,Bacteria,Actinobacteriota,Actinomycetia,Actinomycetales,Microbacteriaceae,Labedella,labedella populi,31.0,False
2296,RS_GCF_004087915.1,Bacteria,Deferribacterota,Deferribacteres,Deferribacterales,Denitrovibrionaceae,Geovibrio,geovibrio thiophilus,36.0,True
2297,RS_GCF_004117055.1,Bacteria,Firmicutes,Bacilli,Brevibacillales,Brevibacillaceae,Brevibacillus,brevibacillus agri,33.5835,False
2298,RS_GCF_004117875.1,Bacteria,Desulfobacterota,Desulfuromonadia,Geobacterales,Geobacteraceae,Geomonas,geomonas oryzae,31.5,False
2299,RS_GCF_004216855.1,Bacteria,Actinobacteriota,Actinomycetia,Actinomycetales,Microbacteriaceae,Microcella,microcella alkaliphila,35.0,False
2300,RS_GCF_004339015.1,Bacteria,Proteobacteria,Gammaproteobacteria,Thiotrichales,Thiotrichaceae,Cocleimonas,cocleimonas flava,26.5,True
2301,RS_GCF_004343195.1,Bacteria,Proteobacteria,Gammaproteobacteria,Enterobacterales,Enterobacteriaceae,Biostraticola,biostraticola tofi,27.5,True
2302,RS_GCF_004345645.1,Bacteria,Actinobacteriota,Actinomycetia,Mycobacteriales,Pseudonocardiaceae,Actinocrispum,actinocrispum wychmicini,27.0,True
2303,RS_GCF_004362825.1,Bacteria,Actinobacteriota,Actinomycetia,Mycobacteriales,Pseudonocardiaceae,Labedaea,labedaea rhizosphaerae,33.5,True
2304,RS_GCF_004768785.1,Bacteria,Firmicutes_A,Clostridia,Oscillospirales,Acutalibacteraceae,Caproiciproducens,caproiciproducens galactitolivorans,45.0,True
2305,RS_GCF_004854025.1,Bacteria,Actinobacteriota,Actinomycetia,Actinomycetales,Microbacteriaceae,Microbacterium,microbacterium hydrothermale,29.0,False
2306,RS_GCF_005222125.1,Bacteria,Firmicutes,Bacilli,Mycoplasmatales,Mycoplasmataceae,Spiroplasma,spiroplasma melliferum,32.25,True
2307,RS_GCF_005843985.1,Bacteria,Campylobacterota,Campylobacteria,Nautiliales,Nautiliaceae,Caminibacter,caminibacter mediatlanticus,55.0,True
2308,RS_GCF_006438825.1,Bacteria,Proteobacteria,Alphaproteobacteria,Acetobacterales,Acetobacteraceae,Roseomonas,roseomonas nepalensis,28.5,False
2309,RS_GCF_006757745.1,Bacteria,Proteobacteria,Gammaproteobacteria,Pseudomonadales,Moraxellaceae,Acinetobacter,acinetobacter radioresistens,29.0,False
2310,RS_GCF_007830055.1,Bacteria,Bacteroidota,Bacteroidia,Chitinophagales,Chitinophagaceae,Lacibacter,lacibacter cauensis,32.5,True
2311,RS_GCF_007988805.1,Bacteria,Actinobacteriota,Actinomycetia,Actinomycetales,Microbacteriaceae,Frigoribacterium,frigoribacterium faeni,7.0,True
2312,RS_GCF_007997155.1,Bacteria,Bacteroidota,Bacteroidia,Flavobacteriales,Flavobacteriaceae,Aequorivita,aequorivita antarctica,20.0,True
2313,RS_GCF_008271745.1,Bacteria,Bacteroidota,Bacteroidia,Cytophagales,Hymenobacteraceae,Rufibacter,rufibacter glacialis,20.0,True
2314,RS_GCF_008312835.1,Bacteria,Actinobacteriota,Actinomycetia,Streptomycetales,Streptomycetaceae,Streptomyces,streptomyces marokkonensis,29.0,False
2315,RS_GCF_008806325.1,Bacteria,Bacteroidota,Bacteroidia,Flavobacteriales,Salibacteraceae,Salibacter,salibacter halophilus,33.0,True
2316,RS_GCF_009759685.1,Bacteria,Proteobacteria,Gammaproteobacteria,Pseudomonadales,Moraxellaceae,Acinetobacter,acinetobacter baumannii,34.863,False
2317,RS_GCF_009909105.1,Bacteria,Myxococcota,Myxococcia,Myxococcales,Myxococcaceae,Corallococcus,corallococcus exiguus,28.0287769784173,False
2318,RS_GCF_010500835.1,Bacteria,Proteobacteria,Alphaproteobacteria,Rhizobiales,Rhizobiaceae,Aurantimonas,aurantimonas aggregata,27.5,False
2319,RS_GCF_011683915.1,Bacteria,Proteobacteria,Alphaproteobacteria,Kiloniellales,Kiloniellaceae,Pelagibius,pelagibius litoralis,29.0,True
2320,RS_GCF_012295615.1,Bacteria,Proteobacteria,Gammaproteobacteria,Pseudomonadales,DSM-6294,Bermanella,bermanella marisrubri,27.625,True
2321,RS_GCF_013093415.1,Bacteria,Proteobacteria,Alphaproteobacteria,Rhodobacterales,Rhodobacteraceae,Halovulum,halovulum dunhuangense,33.5,True
2322,RS_GCF_013248965.1,Bacteria,Proteobacteria,Gammaproteobacteria,Pseudomonadales,Moraxellaceae,Psychrobacter,psychrobacter okhotskensis,22.0,False
2323,RS_GCF_013408145.1,Bacteria,Actinobacteriota,Actinomycetia,Propionibacteriales,Nocardioidaceae,Nocardioides,nocardioides marinus,27.5,False
2324,RS_GCF_013423785.1,Bacteria,Proteobacteria,Gammaproteobacteria,Burkholderiales,Chitinibacteraceae,Chitinibacter,chitinibacter fontanus,27.5,True
2325,RS_GCF_013607875.1,Bacteria,Proteobacteria,Alphaproteobacteria,Sphingomonadales,Sphingomonadaceae,Blastomonas,blastomonas ursincola,26.0,True
2326,RS_GCF_013697085.1,Bacteria,Proteobacteria,Gammaproteobacteria,Pseudomonadales,Halomonadaceae,Halomonas,halomonas kenyensis,37.0,False
2327,RS_GCF_014203045.1,Bacteria,Verrucomicrobiota,Verrucomicrobiae,Verrucomicrobiales,Verrucomicrobiaceae,Prosthecobacter,prosthecobacter dejongeii,26.0,True
2328,RS_GCF_014206945.1,Bacteria,Firmicutes,Bacilli,Bacillales_D,Amphibacillaceae,Gracilibacillus,gracilibacillus halotolerans,47.0,True
2329,RS_GCF_014230355.1,Bacteria,Proteobacteria,Alphaproteobacteria,Sphingomonadales,Sphingomonadaceae,Novosphingobium,novosphingobium piscinae,38.5,False
2330,RS_GCF_014642915.1,Bacteria,Bacteroidota,Bacteroidia,Flavobacteriales,Flavobacteriaceae,Flavobacterium,flavobacterium suaedae,31.5,False
2331,RS_GCF_014646995.1,Bacteria,Actinobacteriota,Actinomycetia,Actinomycetales,Microbacteriaceae,Curtobacterium,curtobacterium luteum,29.0,False
2332,RS_GCF_014649995.1,Bacteria,Actinobacteriota,Actinomycetia,Streptomycetales,Streptomycetaceae,Streptomyces,streptomyces griseoflavus,26.0,False
2333,RS_GCF_014651855.1,Bacteria,Proteobacteria,Gammaproteobacteria,Pseudomonadales,Natronospirillaceae,Saccharospirillum,saccharospirillum salsuginis,35.0,True
2334,RS_GCF_016584105.1,Bacteria,Proteobacteria,Gammaproteobacteria,Ectothiorhodospirales,Ectothiorhodospiraceae,Ectothiorhodospira,ectothiorhodospira shaposhnikovii,27.0,False
2335,RS_GCF_016592435.1,Bacteria,Proteobacteria,Gammaproteobacteria,Pseudomonadales,Nitrincolaceae,Amphritea,amphritea japonica,23.0,True
2336,RS_GCF_016888445.1,Bacteria,Proteobacteria,Gammaproteobacteria,Pseudomonadales,Marinomonadaceae,Marinomonas,marinomonas ostreistagni,35.0,False
2337,RS_GCF_016908635.1,Bacteria,Firmicutes_F,Halanaerobiia,Halobacteroidales,Acetohalobiaceae,Sporohalobacter,sporohalobacter salinus,45.0,True
2338,RS_GCF_017874315.1,Bacteria,Firmicutes_E,Symbiobacteriia,Symbiobacteriales,Symbiobacteriaceae,Symbiobacterium,symbiobacterium terraclitae,55.0,True
2339,RS_GCF_018156225.1,Bacteria,Bacteroidota,Bacteroidia,Bacteroidales,Marinilabiliaceae,Carboxylicivirga,carboxylicivirga sediminis,33.0,True
2340,RS_GCF_018283645.1,Bacteria,Actinobacteriota,Actinomycetia,Streptomycetales,Catenulisporaceae,Actinocrinis,actinocrinis puniceicyclus,22.5,True
2341,RS_GCF_018324205.1,Bacteria,Actinobacteriota,Actinomycetia,Mycobacteriales,Micromonosporaceae,Actinoplanes,actinoplanes ianthinogenes,32.5,False
2342,RS_GCF_900104175.1,Bacteria,Actinobacteriota,Actinomycetia,Mycobacteriales,Pseudonocardiaceae,Lentzea,lentzea jiangxiensis,24.0,False
2343,RS_GCF_900104455.1,Bacteria,Firmicutes_C,Negativicutes,DSM-1736,Dendrosporobacteraceae,Dendrosporobacter,dendrosporobacter quercicolus,27.5,True
2344,RS_GCF_900105045.1,Bacteria,Actinobacteriota,Actinomycetia,Actinomycetales,Brevibacteriaceae,Brevibacterium,brevibacterium sandarakinum,27.5,False
2345,RS_GCF_900105065.1,Bacteria,Actinobacteriota,Actinomycetia,Propionibacteriales,Propionibacteriaceae,Friedmanniella,friedmanniella luteola,26.0,False
2346,RS_GCF_900107255.1,Bacteria,Actinobacteriota,Actinomycetia,Mycobacteriales,Micromonosporaceae,Micromonospora_E,micromonospora_e pattaloongensis,27.5,True
2347,RS_GCF_900107635.1,Bacteria,Bacteroidota,Bacteroidia,Flavobacteriales,Flavobacteriaceae,Flavobacterium,flavobacterium gillisiae,20.0,False
2348,RS_GCF_900108185.1,Bacteria,Acidobacteriota,Acidobacteriae,Acidobacteriales,Acidobacteriaceae,Bryocella,bryocella elongata,21.33333333333333,True
2349,RS_GCF_900111845.1,Bacteria,Proteobacteria,Gammaproteobacteria,Burkholderiales,Neisseriaceae,Kingella,kingella kingae,35.0,True
2350,RS_GCF_900112105.1,Bacteria,Bacteroidota,Bacteroidia,Flavobacteriales,Flavobacteriaceae,Zunongwangia,zunongwangia mangrovi,26.5,True
2351,RS_GCF_900115225.1,Bacteria,Proteobacteria,Alphaproteobacteria,Rhizobiales,Cohaesibacteraceae,Cohaesibacter,cohaesibacter marisflavi,27.5,False
2352,RS_GCF_900141875.1,Bacteria,Bacteroidota,Bacteroidia,Bacteroidales,Prolixibacteraceae,Tangfeifania,tangfeifania diversioriginum,34.0,True
2353,RS_GCF_900142175.1,Bacteria,Bacteroidota,Bacteroidia,Flavobacteriales,Flavobacteriaceae,Maribacter,maribacter aquivivus,22.0,False
2354,RS_GCF_900142895.1,Bacteria,Proteobacteria,Gammaproteobacteria,Pseudomonadales,Halomonadaceae,Halomonas,halomonas subglaciescola,27.0,False
2355,RS_GCF_900155985.1,Bacteria,Bacteroidota,Bacteroidia,Flavobacteriales,Flavobacteriaceae,Maribacter,maribacter ulvicola,22.0,True
2356,RS_GCF_900156685.1,Bacteria,Bacteroidota,Bacteroidia,Flavobacteriales,Weeksellaceae,Chryseobacterium,chryseobacterium piscicola,15.0,True
2357,RS_GCF_900167305.1,Bacteria,Firmicutes_A,Clostridia,Eubacteriales,Garciellaceae,Garciella,garciella nitratireducens,55.0,True
2358,RS_GCF_900182665.1,Bacteria,Actinobacteriota,Actinomycetia,Propionibacteriales,Propionibacteriaceae,Propioniciclava,propioniciclava tarda,35.0,True
2359,RS_GCF_900186865.1,Bacteria,Proteobacteria,Gammaproteobacteria,Xanthomonadales,Xanthomonadaceae,Stenotrophomonas,stenotrophomonas maltophilia,28.3333333333333,False
2360,RS_GCF_900187225.1,Bacteria,Firmicutes,Bacilli,Lactobacillales,Listeriaceae,Listeria,listeria monocytogenes,33.573,True
2361,RS_GCF_900187365.1,Bacteria,Proteobacteria,Alphaproteobacteria,Rhizobiales,Beijerinckiaceae,Rhodoblastus,rhodoblastus acidophilus,26.25,False
2362,RS_GCF_900637555.1,Bacteria,Proteobacteria,Gammaproteobacteria,Burkholderiales,Burkholderiaceae,Lautropia,lautropia mirabilis,35.0,True
2363,RS_GCF_901482445.1,Bacteria,Proteobacteria,Gammaproteobacteria,Burkholderiales,Neisseriaceae,Neisseria,neisseria lactamica,35.5,True
2364,RS_GCF_904846155.1,Bacteria,Proteobacteria,Gammaproteobacteria,Pseudomonadales,Moraxellaceae,Psychrobacter,psychrobacter fulvigenes,26.5,False
2365,RS_GCF_905397275.1,Bacteria,Proteobacteria,Gammaproteobacteria,Burkholderiales,Burkholderiaceae,Cupriavidus,cupriavidus yeoncheonensis,27.5,False
2366,GB_GCA_000069185.1,Bacteria,Actinobacteriota,Actinomycetia,Mycobacteriales,Mycobacteriaceae,Mycobacterium,mycobacterium abscessus,35.5,True
2367,GB_GCA_000154325.1,Bacteria,Firmicutes_A,Clostridia,Oscillospirales,Ruminococcaceae,Ruminiclostridium_E,ruminiclostridium_e siraeum,38.5,True
2368,GB_GCA_000953475.1,Bacteria,Verrucomicrobiota,Verrucomicrobiae,Methylacidiphilales,Methylacidiphilaceae,Methylacidiphilum,methylacidiphilum fumariolicum,55.0,True
2369,GB_GCA_001512765.1,Bacteria,Firmicutes_A,Clostridia,Oscillospirales,Acutalibacteraceae,DTU053,dtu053 sp001512765,55.0,True
2370,GB_GCA_001586195.1,Bacteria,Firmicutes,Bacilli,Bacillales_A,Planococcaceae,Solibacillus,solibacillus silvestris,27.9165,True
2371,GB_GCA_001622165.1,Bacteria,Bacteroidota,Chlorobia,Chlorobiales,Chlorobiaceae,Chlorobium,chlorobium luteolum_b,27.5,True
2372,GB_GCA_002155895.1,Bacteria,Actinobacteriota,Actinomycetia,Streptomycetales,Streptomycetaceae,Streptomyces,streptomyces rochei,26.0,False
2373,GB_GCA_900129595.1,Bacteria,Bacteroidota,Bacteroidia,Flavobacteriales,Flavobacteriaceae,Flavobacterium,flavobacterium frigidimaris,19.0,True
2374,RS_GCF_000011905.1,Bacteria,Chloroflexota,Dehalococcoidia,Dehalococcoidales,Dehalococcoidaceae,Dehalococcoides,dehalococcoides mccartyi,27.5,False
2375,RS_GCF_000013605.1,Bacteria,Proteobacteria,Gammaproteobacteria,Burkholderiales,Burkholderiaceae,Rhodoferax,rhodoferax ferrireducens,26.0,False
2376,RS_GCF_000016785.1,Bacteria,Thermotogota,Thermotogae,Thermotogales,Thermotogaceae,Thermotoga,thermotoga petrophila,77.77766666666666,True
2377,RS_GCF_000019665.1,Bacteria,Verrucomicrobiota,Verrucomicrobiae,Methylacidiphilales,Methylacidiphilaceae,Methylacidiphilum,methylacidiphilum infernorum,60.0,True
2378,RS_GCF_000020965.1,Bacteria,Dictyoglomota,Dictyoglomia,Dictyoglomales,Dictyoglomaceae,Dictyoglomus,dictyoglomus thermophilum,75.33333333333333,True
2379,RS_GCF_000022325.1,Bacteria,Firmicutes_A,Thermoanaerobacteria,Caldicellulosiruptorales,Caldicellulosiruptoraceae,Caldicellulosiruptor,caldicellulosiruptor bescii,76.33333333333333,True
2380,RS_GCF_000025345.1,Bacteria,Actinobacteriota,Actinomycetia,Mycobacteriales,Geodermatophilaceae,Geodermatophilus,geodermatophilus obscurus,26.0,False
2381,RS_GCF_000026225.1,Bacteria,Proteobacteria,Gammaproteobacteria,Enterobacterales,Enterobacteriaceae,Escherichia,escherichia fergusonii,34.0,True
2382,RS_GCF_000147695.2,Bacteria,Firmicutes_A,Thermoanaerobacteria,Thermoanaerobacterales,Thermoanaerobacteraceae,Thermoanaerobacter,thermoanaerobacter wiegelii,65.33333333333333,True
2383,RS_GCF_000148645.1,Bacteria,Proteobacteria,Gammaproteobacteria,Enterobacterales,Shewanellaceae,Ferrimonas,ferrimonas balearica,39.5,True
2384,RS_GCF_000160755.1,Bacteria,Proteobacteria,Gammaproteobacteria,Enterobacterales,Enterobacteriaceae,Proteus,proteus mirabilis,35.7272727272727,True
2385,RS_GCF_000172975.1,Bacteria,Synergistota,Synergistia,Synergistales,Dethiosulfovibrionaceae,Dethiosulfovibrio,dethiosulfovibrio peptidovorans,42.0,True
2386,RS_GCF_000179055.1,Bacteria,Bacteroidota,Bacteroidia,Bacteroidales,Bacteroidaceae,Prevotella,prevotella bryantii,32.5,False
2387,RS_GCF_000185365.1,Bacteria,Firmicutes,Bacilli,Lactobacillales,Enterococcaceae,Enterococcus_G,enterococcus_g italicus,39.5,True
2388,RS_GCF_000192475.1,Bacteria,Proteobacteria,Alphaproteobacteria,Rhodobacterales,Rhodobacteraceae,Ruegeria,ruegeria conchae,27.5,False
2389,RS_GCF_000266945.1,Bacteria,Desulfobacterota,Desulfomonilia,Desulfomonilales,Desulfomonilaceae,Desulfomonile,desulfomonile tiedjei,33.0,True
2390,RS_GCF_000284015.1,Bacteria,Actinobacteriota,Actinomycetia,Mycobacteriales,Geodermatophilaceae,Blastococcus,blastococcus saxobsidens_a,32.0,False
2391,RS_GCF_000297115.1,Bacteria,Firmicutes_A,Clostridia,Clostridiales,Caloramatoraceae,Caloramator,caloramator australicus,60.0,True
2392,RS_GCF_000300995.1,Bacteria,Proteobacteria,Gammaproteobacteria,Pseudomonadales,Alcanivoracaceae,Alcanivorax,alcanivorax hongdengensis,26.5,False
2393,RS_GCF_000313175.2,Bacteria,Spirochaetota,Leptospirae,Leptospirales,Leptospiraceae,Leptospira,leptospira santarosai,29.0,True
2394,RS_GCF_000315365.1,Bacteria,Firmicutes_B,Desulfotomaculia,Desulfotomaculales,Desulfotomaculaceae,Desulfotomaculum,desulfotomaculum hydrothermale,55.0,True
2395,RS_GCF_000348925.1,Bacteria,Bacteroidota,Bacteroidia,Cytophagales,Cyclobacteriaceae,Cesiribacter,cesiribacter andamanensis,34.0,True
2396,RS_GCF_000368585.1,Bacteria,Proteobacteria,Gammaproteobacteria,Pseudomonadales,Moraxellaceae,Acinetobacter,acinetobacter venetianus,30.75,False
2397,RS_GCF_000368765.1,Bacteria,Proteobacteria,Gammaproteobacteria,Pseudomonadales,Moraxellaceae,Acinetobacter,acinetobacter junii,29.3333333333333,False
2398,RS_GCF_000376805.1,Bacteria,Proteobacteria,Alphaproteobacteria,Caulobacterales,Hyphomonadaceae,Henriciella,henriciella marina,20.0,True
2399,RS_GCF_000380485.1,Bacteria,Actinobacteriota,Actinomycetia,Mycobacteriales,Mycobacteriaceae,Jongsikchunia,jongsikchunia kroppenstedtii,27.5,True
2400,RS_GCF_000382305.1,Bacteria,Proteobacteria,Gammaproteobacteria,Burkholderiales,Neisseriaceae,Vitreoscilla,vitreoscilla stercoraria,26.0,True
2401,RS_GCF_000412335.2,Bacteria,Proteobacteria,Gammaproteobacteria,Enterobacterales,Enterobacteriaceae,Cedecea,cedecea davisae,26.0,True
2402,RS_GCF_000419525.1,Bacteria,Proteobacteria,Gammaproteobacteria,Thiotrichales,Thiotrichaceae,Leucothrix,leucothrix mucor,22.5,True
2403,RS_GCF_000421225.1,Bacteria,Actinobacteriota,Actinomycetia,Actinomycetales,Beutenbergiaceae,Ruania,ruania albidiflava,28.25,True
2404,RS_GCF_000422965.1,Bacteria,Proteobacteria,Alphaproteobacteria,Rhizobiales,Pleomorphomonadaceae,Pleomorphomonas,pleomorphomonas oryzae,27.0,True
2405,RS_GCF_000423825.1,Bacteria,Proteobacteria,Gammaproteobacteria,Acidithiobacillales,Thermithiobacillaceae,Thermithiobacillus,thermithiobacillus tepidarius,44.0,True
2406,RS_GCF_000425425.1,Bacteria,Bacteroidota,Bacteroidia,Flavobacteriales,Flavobacteriaceae,Flavobacterium,flavobacterium daejeonense,32.5,False
2407,RS_GCF_000426525.1,Bacteria,Actinobacteriota,Actinomycetia,Propionibacteriales,Nocardioidaceae,Nocardioides,nocardioides alkalitolerans,27.5,False
2408,RS_GCF_000430705.1,Bacteria,Actinobacteriota,Actinomycetia,Actinomycetales,Micrococcaceae,Arthrobacter_C,arthrobacter_c castelli,29.5,True
2409,RS_GCF_000482785.1,Bacteria,Proteobacteria,Gammaproteobacteria,Burkholderiales,Burkholderiaceae,Derxia,derxia gummosa,28.6666666666667,True
2410,RS_GCF_000504285.1,Bacteria,Actinobacteriota,Actinomycetia,Streptomycetales,Catenulisporaceae,Actinospica,actinospica robiniae,27.0,True
2411,RS_GCF_000518485.1,Bacteria,Bacteroidota,Bacteroidia,Flavobacteriales,Flavobacteriaceae,Olleya,olleya marilimosa,17.0,True
2412,RS_GCF_000614205.1,Bacteria,Bacteroidota,Bacteroidia,Bacteroidales,Bacteroidaceae,Prevotella,prevotella saccharolytica,35.0,False
2413,RS_GCF_000691145.1,Bacteria,Firmicutes,Bacilli,Bacillales,Bacillaceae,Bacillus,bacillus altitudinis,32.3125,True
2414,RS_GCF_000701405.1,Bacteria,Deinococcota,Deinococci,Deinococcales,Deinococcaceae,Deinococcus,deinococcus marmoris,13.333333333333334,True
2415,RS_GCF_000724485.1,Bacteria,Firmicutes,Bacilli,Bacillales_B,DSM-18226,Bacillus_Z,bacillus_z methanolicus_a,51.111,True
2416,RS_GCF_000725885.1,Bacteria,Actinobacteriota,Actinomycetia,Streptomycetales,Streptomycetaceae,Streptomyces,streptomyces albus,28.3548387096774,False
2417,RS_GCF_000731955.1,Bacteria,Proteobacteria,Gammaproteobacteria,Pseudomonadales,Halomonadaceae,Halomonas_C,halomonas_c zincidurans,35.0,True
2418,RS_GCF_000732625.1,Bacteria,Bacteroidota,Bacteroidia,Flavobacteriales,Flavobacteriaceae,Nonlabens,nonlabens ulvanivorans,20.0,True
2419,RS_GCF_000737065.1,Bacteria,Proteobacteria,Alphaproteobacteria,Rhodobacterales,Rhodobacteraceae,Thioclava,thioclava atlantica,32.5,False
2420,RS_GCF_000737765.1,Bacteria,Bacteroidota,Bacteroidia,Flavobacteriales,Weeksellaceae,Chryseobacterium,chryseobacterium vrystaatense,23.0,False
2421,RS_GCF_000738675.1,Bacteria,Proteobacteria,Gammaproteobacteria,Enterobacterales,Enterobacteriaceae,Serratia,serratia nematodiphila,33.5,False
2422,RS_GCF_000739975.1,Bacteria,Firmicutes,Bacilli,Lactobacillales,Streptococcaceae,Lactococcus,lactococcus garvieae,32.95,True
2423,RS_GCF_000744435.1,Bacteria,Campylobacterota,Desulfurellia,Desulfurellales,Hippeaceae,Hippea_A,hippea_a jasoniae,62.5,True
2424,RS_GCF_000745965.1,Bacteria,Acidobacteriota,Acidobacteriae,Acidobacteriales,Acidobacteriaceae,Edaphobacter,edaphobacter aggregans,20.0,True
2425,RS_GCF_000816495.1,Bacteria,Proteobacteria,Gammaproteobacteria,Pseudomonadales,Moraxellaceae,Acinetobacter,acinetobacter harbinensis,20.0,False
2426,RS_GCF_000938265.1,Bacteria,Actinobacteriota,Actinomycetia,Actinomycetales,Microbacteriaceae,Agreia,agreia bicolorata,24.0,True
2427,RS_GCF_001006765.1,Bacteria,Firmicutes,Bacilli,Staphylococcales,Staphylococcaceae,Staphylococcus,staphylococcus succinus,31.0,False
2428,RS_GCF_001019615.1,Bacteria,Actinobacteriota,Actinomycetia,Actinomycetales,Cellulomonadaceae,Cellulosimicrobium,cellulosimicrobium cellulans_e,35.0,False
2429,RS_GCF_001029445.1,Bacteria,Proteobacteria,Gammaproteobacteria,Enterobacterales,Vibrionaceae,Photobacterium,photobacterium aquae,32.5,False
2430,RS_GCF_001375595.1,Bacteria,Proteobacteria,Alphaproteobacteria,Caulobacterales,Caulobacteraceae,Phenylobacterium,phenylobacterium immobile,28.6666666666667,True
2431,RS_GCF_001431465.1,Bacteria,Proteobacteria,Gammaproteobacteria,Xanthomonadales,Xanthomonadaceae,Stenotrophomonas,stenotrophomonas terrae,26.0,False
2432,RS_GCF_001556045.1,Bacteria,Proteobacteria,Alphaproteobacteria,Rhizobiales,Xanthobacteraceae,Bradyrhizobium,bradyrhizobium sp001556045,20.0,False
2433,RS_GCF_001591845.1,Bacteria,Firmicutes,Bacilli,Lactobacillales,Lactobacillaceae,Lactobacillus,lactobacillus acidophilus,35.0,False
2434,RS_GCF_001613445.1,Bacteria,Actinobacteriota,Actinomycetia,Mycobacteriales,Mycobacteriaceae,Nocardia,nocardia grenadensis,27.5,False
2435,RS_GCF_001613505.1,Bacteria,Actinobacteriota,Actinomycetia,Mycobacteriales,Mycobacteriaceae,Nocardia,nocardia mikamii,35.0,False
2436,RS_GCF_001642795.1,Bacteria,Proteobacteria,Gammaproteobacteria,Pseudomonadales,Pseudomonadaceae,Pseudomonas_E,pseudomonas_e viridiflava,26.0,False
2437,RS_GCF_001687585.2,Bacteria,Firmicutes,Bacilli,Bacillales_A,Planococcaceae,Planococcus,planococcus halocryophilus,20.0,False
2438,RS_GCF_001758365.1,Bacteria,Firmicutes_A,Clostridia,Clostridiales,Clostridiaceae,Clostridium_C,clostridium_c acetireducens,41.0,True
2439,RS_GCF_001761545.1,Bacteria,Firmicutes,Bacilli,Lactobacillales,Lactobacillaceae,Weissella,weissella soli,20.0,True
2440,RS_GCF_001894865.1,Bacteria,Actinobacteriota,Actinomycetia,Mycobacteriales,Mycobacteriaceae,Rhodococcus,rhodococcus maanshanensis,27.5,False
2441,RS_GCF_001953875.1,Bacteria,Actinobacteriota,Actinomycetia,Streptomycetales,Streptomycetaceae,Streptomyces,streptomyces amritsarensis,26.0,False
2442,RS_GCF_001981305.1,Bacteria,Proteobacteria,Gammaproteobacteria,Pseudomonadales,Oleiphilaceae,Marinobacter,marinobacter lutaoensis,45.0,True
2443,RS_GCF_002218005.2,Bacteria,Proteobacteria,Gammaproteobacteria,Enterobacterales,Vibrionaceae,Vibrio,vibrio algivorus,27.5,False
2444,RS_GCF_002224265.1,Bacteria,Proteobacteria,Gammaproteobacteria,Enterobacterales,Vibrionaceae,Vibrio,vibrio vulnificus,27.9165,False
2445,RS_GCF_002240415.1,Bacteria,Firmicutes,Bacilli,Paenibacillales,Paenibacillaceae,Paenibacillus,paenibacillus kribbensis,33.5,False
2446,RS_GCF_002335445.1,Bacteria,Campylobacterota,Campylobacteria,Nautiliales,Nautiliaceae,Lebetimonas,lebetimonas natsushimae,55.0,True
2447,RS_GCF_002343915.1,Bacteria,Myxococcota,Polyangia,Nannocystales,Nannocystaceae,Nannocystis,nannocystis exedens,28.045871559633,True
2448,RS_GCF_002374835.1,Bacteria,Proteobacteria,Alphaproteobacteria,Sphingomonadales,Sphingomonadaceae,Sphingomonas,sphingomonas ginsenosidimutans,23.75,False
2449,RS_GCF_002563895.1,Bacteria,Proteobacteria,Gammaproteobacteria,Pseudomonadales,Pseudomonadaceae,Pseudomonas_E,pseudomonas_e lurida,21.0,False
2450,RS_GCF_002834235.1,Bacteria,Firmicutes_A,Clostridia,Oscillospirales,Acutalibacteraceae,Ruminococcus_E,ruminococcus_e bromii_b,39.0,True
2451,RS_GCF_002849605.1,Bacteria,Proteobacteria,Gammaproteobacteria,Enterobacterales,Vibrionaceae,Photobacterium,photobacterium carnosum,12.5,True
2452,RS_GCF_002887595.1,Bacteria,Proteobacteria,Gammaproteobacteria,Enterobacterales,Alteromonadaceae,Bowmanella,bowmanella denitrificans,32.5,True
2453,RS_GCF_002934445.1,Bacteria,Bacteroidota,Bacteroidia,Flavobacteriales,Flavobacteriaceae,Nonlabens,nonlabens xylanidelens,20.0,False
2454,RS_GCF_003003285.1,Bacteria,Proteobacteria,Alphaproteobacteria,Rhodobacterales,Rhodobacteraceae,Yoonia,yoonia maritima,29.0,False
2455,RS_GCF_003054325.1,Bacteria,Proteobacteria,Alphaproteobacteria,Rhodobacterales,Rhodobacteraceae,Sulfitobacter,sulfitobacter mediterraneus,24.75,False
2456,RS_GCF_003064105.1,Bacteria,Proteobacteria,Gammaproteobacteria,Xanthomonadales,Xanthomonadaceae,Xanthomonas,xanthomonas hortorum,26.5,False
2457,RS_GCF_003076455.1,Bacteria,Bacteroidota,Bacteroidia,Flavobacteriales,Flavobacteriaceae,Flavobacterium,flavobacterium faecale,16.0,True
2458,RS_GCF_003148475.1,Bacteria,Proteobacteria,Alphaproteobacteria,Rhizobiales,Rhizobiaceae,Pseudaminobacter,pseudaminobacter salicylatoxidans,29.0,True
2459,RS_GCF_003149185.1,Bacteria,Bacteroidota,Bacteroidia,Cytophagales,Flammeovirgaceae,Sediminitomix,sediminitomix flava,32.5,True
2460,RS_GCF_003182485.1,Bacteria,Actinobacteriota,Actinomycetia,Mycobacteriales,Geodermatophilaceae,Geodermatophilus,geodermatophilus normandii,32.5,False
2461,RS_GCF_003253545.1,Bacteria,Bacteroidota,Bacteroidia,Flavobacteriales,Flavobacteriaceae,Mesonia,mesonia algae,22.0,False
2462,RS_GCF_003343245.1,Bacteria,Proteobacteria,Gammaproteobacteria,Enterobacterales,Enterobacteriaceae,Photorhabdus,photorhabdus laumondii,28.8,False
2463,RS_GCF_003350535.1,Bacteria,Proteobacteria,Alphaproteobacteria,Rhizobiales,Beijerinckiaceae,Microvirga,microvirga subterranea,40.0,True
2464,RS_GCF_003664185.1,Bacteria,Bacteroidota,Bacteroidia,Flavobacteriales,Flavobacteriaceae,Tenacibaculum,tenacibaculum discolor,27.5,False
2465,RS_GCF_003986955.1,Bacteria,Proteobacteria,Gammaproteobacteria,Enterobacterales,Alteromonadaceae,Aliidiomarina,aliidiomarina sedimenti,34.0,False
2466,RS_GCF_004117075.1,Bacteria,Thermotogota,Thermotogae,Thermotogales,Fervidobacteriaceae,Fervidobacterium,fervidobacterium changbaicum,76.66666666666667,True
2467,RS_GCF_004329815.1,Bacteria,Bacteroidota,Bacteroidia,Flavobacteriales,Flavobacteriaceae,Flavobacterium,flavobacterium silvisoli,31.5,False
2468,RS_GCF_004364165.1,Bacteria,Bacteroidota,Bacteroidia,Flavobacteriales,Flavobacteriaceae,Maribacter,maribacter spongiicola,27.5,False
2469,RS_GCF_004366795.1,Bacteria,Firmicutes,Bacilli,Alicyclobacillales,Alicyclobacillaceae,Alicyclobacillus,alicyclobacillus sacchari,48.75,True
2470,RS_GCF_004917065.1,Bacteria,Desulfobacterota,Desulfuromonadia,Geobacterales,Geobacteraceae,Geomonas,geomonas ferrireducens,31.5,False
2471,RS_GCF_005484965.1,Bacteria,Proteobacteria,Gammaproteobacteria,Enterobacterales,Enterobacteriaceae,Brenneria,brenneria nigrifluens,26.0,False
2472,RS_GCF_006094395.1,Bacteria,Firmicutes,Bacilli,Staphylococcales,Staphylococcaceae,Staphylococcus,staphylococcus haemolyticus,33.8009696969697,False
2473,RS_GCF_006716785.1,Bacteria,Actinobacteriota,Actinomycetia,Streptosporangiales,Streptosporangiaceae,Thermopolyspora,thermopolyspora flexuosa,50.0,True
2474,RS_GCF_006861795.1,Bacteria,Firmicutes,Bacilli,Bacillales_A,Planococcaceae,Psychrobacillus,psychrobacillus lasiicapitis,29.0,True
2475,RS_GCF_007827555.1,Bacteria,Firmicutes,Bacilli,Bacillales,Aeribacillaceae,Aeribacillus,aeribacillus composti,60.0,True
2476,RS_GCF_008801695.1,Bacteria,Proteobacteria,Gammaproteobacteria,Enterobacterales,Enterobacteriaceae,Pantoea,pantoea stewartii,27.0,False
2477,RS_GCF_008801925.2,Bacteria,Proteobacteria,Gammaproteobacteria,Burkholderiales,Burkholderiaceae,Cupriavidus,cupriavidus basilensis,28.6666666666667,False
2478,RS_GCF_009429125.1,Bacteria,Actinobacteriota,Actinomycetia,Actinomycetales,Cellulomonadaceae,Luteimicrobium,luteimicrobium xylanilyticum,27.5,True
2479,RS_GCF_010686655.1,Bacteria,Bacteroidota,Bacteroidia,Flavobacteriales,Cryomorphaceae,Cryomorpha,cryomorpha ignava,15.0,True
2480,RS_GCF_010730745.1,Bacteria,Actinobacteriota,Actinomycetia,Mycobacteriales,Mycobacteriaceae,Mycobacterium,mycobacterium heidelbergense,34.0,False
2481,RS_GCF_011440395.1,Bacteria,Proteobacteria,Gammaproteobacteria,Pseudomonadales,Cellvibrionaceae,Pseudomaricurvus,pseudomaricurvus alcaniphilus,32.0,True
2482,RS_GCF_012396615.1,Bacteria,Actinobacteriota,Actinomycetia,Actinomycetales,Micrococcaceae,Rothia,rothia terrae,35.0,False
2483,RS_GCF_014190875.1,Bacteria,Actinobacteriota,Actinomycetia,Actinomycetales,Micrococcaceae,Paeniglutamicibacter,paeniglutamicibacter cryotolerans,16.0,True
2484,RS_GCF_014192215.1,Bacteria,Proteobacteria,Gammaproteobacteria,Pseudomonadales,Halomonadaceae,Halomonas,halomonas cerina,26.0,False
2485,RS_GCF_014196835.1,Bacteria,Proteobacteria,Alphaproteobacteria,Rhizobiales,Rhizobiaceae,Aureimonas,aureimonas pseudogalii,24.0,True
2486,RS_GCF_014199325.1,Bacteria,Proteobacteria,Alphaproteobacteria,Sphingomonadales,Sphingomonadaceae,Sphingomonas,sphingomonas yantingensis,29.0,False
2487,RS_GCF_014199445.1,Bacteria,Proteobacteria,Alphaproteobacteria,Rhodobacterales,Rhodobacteraceae,Rubricella,rubricella aquisinus,29.0,True
2488,RS_GCF_014635825.1,Bacteria,Bacteroidota,Bacteroidia,Sphingobacteriales,Sphingobacteriaceae,Mucilaginibacter,mucilaginibacter galii,21.5,False
2489,RS_GCF_014643175.1,Bacteria,Actinobacteriota,Actinomycetia,Mycobacteriales,Mycobacteriaceae,Hoyosella,hoyosella rhizosphaerae,32.5,True
2490,RS_GCF_014646815.1,Bacteria,Actinobacteriota,Actinomycetia,Actinomycetales,Dermatophilaceae,Terrabacter,terrabacter tumescens,28.6666666666667,True
2491,RS_GCF_014652435.1,Bacteria,Proteobacteria,Gammaproteobacteria,Burkholderiales,Burkholderiaceae,Undibacterium,undibacterium squillarum,27.5,True
2492,RS_GCF_014652635.1,Bacteria,Proteobacteria,Alphaproteobacteria,Rhizobiales,Devosiaceae,Devosia,devosia pacifica,27.5,False
2493,RS_GCF_014652875.1,Bacteria,Proteobacteria,Alphaproteobacteria,Rhizobiales,Rhizobiaceae,Corticibacterium,corticibacterium populi,29.0,True
2494,RS_GCF_015160855.1,Bacteria,Actinobacteriota,Actinomycetia,Streptomycetales,Streptomycetaceae,Streptomyces,streptomyces ferrugineus,32.0,False
2495,RS_GCF_016446285.1,Bacteria,Desulfobacterota,Desulfobulbia,Desulfobulbales,Desulfobulbaceae,Desulfobulbus,desulfobulbus oligotrophicus,35.0,False
2496,RS_GCF_016908855.1,Bacteria,Firmicutes,Bacilli,Bacillales_G,Sporolactobacillaceae,Scopulibacillus,scopulibacillus daqui,50.0,True
2497,RS_GCF_018333235.1,Bacteria,Firmicutes,Bacilli,Bacillales_D,Amphibacillaceae,Ornithinibacillus,ornithinibacillus bavariensis,42.0,True
2498,RS_GCF_018403685.1,Bacteria,Firmicutes,Bacilli,Paenibacillales,K13,Xylanibacillus,xylanibacillus composti,37.5,True
2499,RS_GCF_900099895.1,Bacteria,Firmicutes,Bacilli,Paenibacillales,NBRC-103111,Paenibacillus_G,paenibacillus_g naphthalenovorans,50.0,True
2500,RS_GCF_900100845.1,Bacteria,Firmicutes_A,Clostridia,Peptostreptococcales,Natronincolaceae,Natronincola,natronincola ferrireducens,35.0,True
2501,RS_GCF_900101505.1,Bacteria,Proteobacteria,Alphaproteobacteria,Rhodobacterales,Rhodobacteraceae,Mameliella,mameliella alba,25.75,True
2502,RS_GCF_900102055.1,Bacteria,Bacteroidota,Bacteroidia,Flavobacteriales,Flavobacteriaceae,Ulvibacter,ulvibacter litoralis,22.666666666666668,True
2503,RS_GCF_900103665.1,Bacteria,Bacteroidota,Bacteroidia,Sphingobacteriales,Sphingobacteriaceae,Pedobacter,pedobacter steynii,26.0,False
2504,RS_GCF_900103915.1,Bacteria,Firmicutes,Bacilli,Bacillales_D,Alkalibacillaceae,Tenuibacillus,tenuibacillus multivorans,38.5,True
2505,RS_GCF_900104445.1,Bacteria,Desulfobacterota,Desulfobulbia,Desulfobulbales,Desulfocapsaceae,Desulforhopalus,desulforhopalus singaporensis,31.0,True
2506,RS_GCF_900105385.1,Bacteria,Actinobacteriota,Actinomycetia,Propionibacteriales,Propionibacteriaceae,Microlunatus_A,microlunatus_a soli,27.5,True
2507,RS_GCF_900105715.1,Bacteria,Actinobacteriota,Actinomycetia,Actinomycetales,Microbacteriaceae,Microbacterium_A,microbacterium_a humi,27.5,False
2508,RS_GCF_900106645.1,Bacteria,Bacteroidota,Bacteroidia,Flavobacteriales,Flavobacteriaceae,Flavobacterium,flavobacterium degerlachei,20.0,False
2509,RS_GCF_900106695.1,Bacteria,Proteobacteria,Alphaproteobacteria,Rhodobacterales,Rhodobacteraceae,Albimonas,albimonas donghaensis,30.33333333333333,True
2510,RS_GCF_900109545.1,Bacteria,Myxococcota,Myxococcia,Myxococcales,Myxococcaceae,Stigmatella,stigmatella aurantiaca,28.3333333333333,False
2511,RS_GCF_900110775.1,Bacteria,Proteobacteria,Alphaproteobacteria,Rhodobacterales,Rhodobacteraceae,Litorimicrobium,litorimicrobium taeanense,27.5,True
2512,RS_GCF_900112585.1,Bacteria,Proteobacteria,Gammaproteobacteria,Pseudomonadales,Halomonadaceae,Kushneria,kushneria avicenniae,32.5,True
2513,RS_GCF_900116255.1,Bacteria,Firmicutes,Bacilli,Bacillales_D,Amphibacillaceae,Halolactibacillus,halolactibacillus miurensis,38.5,False
2514,RS_GCF_900128995.1,Bacteria,Proteobacteria,Alphaproteobacteria,Rhodobacterales,Rhodobacteraceae,Loktanella,loktanella atrilutea,27.5,False
2515,RS_GCF_900129575.1,Bacteria,Bacteroidota,Bacteroidia,Flavobacteriales,Flavobacteriaceae,Flavobacterium,flavobacterium segetis,15.300000000000002,True
2516,RS_GCF_900129705.1,Bacteria,Bacteroidota,Bacteroidia,Flavobacteriales,Flavobacteriaceae,Flavobacterium,flavobacterium granuli,27.83333333333333,False
2517,RS_GCF_900130065.1,Bacteria,Firmicutes_A,Clostridia,Oscillospirales,Oscillospiraceae,Sporobacter,sporobacter termitidis,34.25,True
2518,RS_GCF_900142205.1,Bacteria,Bacteroidota,Bacteroidia,Cytophagales,Cyclobacteriaceae,Reichenbachiella,reichenbachiella agariperforans,26.5,True
2519,RS_GCF_900142755.1,Bacteria,Proteobacteria,Gammaproteobacteria,Pseudomonadales,Halomonadaceae,Halomonas,halomonas cupida,26.0,False
2520,RS_GCF_900177295.1,Bacteria,Proteobacteria,Alphaproteobacteria,Kiloniellales,DSM-21159,Tistlia,tistlia consotensis,29.5,True
2521,RS_GCF_900198195.1,Bacteria,Bacteroidota,Bacteroidia,Flavobacteriales,Flavobacteriaceae,Tenacibaculum,tenacibaculum jejuense,27.5,False
2522,RS_GCF_900215655.1,Bacteria,Aquificota,Aquificae,Aquificales,Aquificaceae,Hydrogenobacter,hydrogenobacter hydrogenophilus,73.5,True
2523,RS_GCF_900456975.1,Bacteria,Proteobacteria,Gammaproteobacteria,Enterobacterales,Shewanellaceae,Shewanella,shewanella baltica,16.63333333333335,True
2524,RS_GCF_900460065.1,Bacteria,Actinobacteriota,Actinomycetia,Streptomycetales,Streptomycetaceae,Streptomyces,streptomyces griseus,28.0526315789474,False
2525,RS_GCF_900637655.1,Bacteria,Bacteroidota,Bacteroidia,Bacteroidales,Bacteroidaceae,Prevotella,prevotella oris,34.75,False
2526,RS_GCF_902829295.1,Bacteria,Proteobacteria,Gammaproteobacteria,Burkholderiales,Chromobacteriaceae,Vogesella,vogesella oryzae,29.0,True
2527,GB_GCA_000526435.1,Bacteria,Firmicutes_A,Clostridia,Caldicoprobacterales,Caldicoprobacteraceae,Caldicoprobacter,caldicoprobacter oshimai,70.0,True
2528,GB_GCA_000565345.1,Bacteria,Proteobacteria,Gammaproteobacteria,Enterobacterales,Vibrionaceae,Salinivibrio,salinivibrio costicola,30.6666666666667,False
2529,GB_GCA_001610955.1,Bacteria,Firmicutes,Bacilli,Bacillales,Anoxybacillaceae,Geobacillus,geobacillus thermoleovorans,60.4047619047619,True
2530,GB_GCA_900478025.1,Bacteria,Firmicutes,Bacilli,Lactobacillales,Streptococcaceae,Streptococcus,streptococcus pasteurianus,37.667,False
2531,RS_GCF_000008765.1,Bacteria,Firmicutes_A,Clostridia,Clostridiales,Clostridiaceae,Clostridium_S,clostridium_s acetobutylicum,37.5,True
2532,RS_GCF_000011645.1,Bacteria,Firmicutes,Bacilli,Bacillales,Bacillaceae,Bacillus,bacillus licheniformis,31.4827586206897,False
2533,RS_GCF_000012865.1,Bacteria,Firmicutes_B,Z-2901,Carboxydothermales,Carboxydothermaceae,Carboxydothermus,carboxydothermus hydrogenoformans,73.5,True
2534,RS_GCF_000013765.1,Bacteria,Proteobacteria,Gammaproteobacteria,Enterobacterales,Shewanellaceae,Shewanella,shewanella denitrificans,24.555555555555568,False
2535,RS_GCF_000014045.1,Bacteria,Proteobacteria,Alphaproteobacteria,Rhodobacterales,Rhodobacteraceae,Roseobacter,roseobacter denitrificans,23.0,True
2536,RS_GCF_000020945.1,Bacteria,Coprothermobacterota,Coprothermobacteria,Coprothermobacterales,Coprothermobacteraceae,Coprothermobacter,coprothermobacter proteolyticus,62.0,True
2537,RS_GCF_000021305.1,Bacteria,Firmicutes,Bacilli,Bacillales,Bacillaceae_G,Bacillus_A,bacillus_a thuringiensis_s,28.917,True
2538,RS_GCF_000021485.1,Bacteria,Proteobacteria,Gammaproteobacteria,Acidithiobacillales,Acidithiobacillaceae,Acidithiobacillus,acidithiobacillus ferrooxidans,29.9558823529412,False
2539,RS_GCF_000021545.1,Bacteria,Aquificota,Aquificae,Hydrogenothermales,Hydrogenothermaceae,Sulfurihydrogenibium,sulfurihydrogenibium azorense,68.0,True
2540,RS_GCF_000024065.1,Bacteria,Actinobacteriota,Actinomycetia,Actinomycetales,Cellulomonadaceae,Jonesia,jonesia denitrificans,33.5,True
2541,RS_GCF_000024085.1,Bacteria,Proteobacteria,Gammaproteobacteria,Enterobacterales,Kangiellaceae,Kangiella,kangiella koreensis,33.5,False
2542,RS_GCF_000024225.1,Bacteria,Actinobacteriota,Coriobacteriia,Coriobacteriales,Atopobiaceae,Lancefieldella,lancefieldella parvula,39.667,True
2543,RS_GCF_000024385.1,Bacteria,Actinobacteriota,Actinomycetia,Streptosporangiales,Streptosporangiaceae,Thermomonospora,thermomonospora curvata,50.833333333333336,True
2544,RS_GCF_000148585.2,Bacteria,Firmicutes,Bacilli,Lactobacillales,Streptococcaceae,Streptococcus,streptococcus mitis,36.3,False
2545,RS_GCF_000153465.1,Bacteria,Proteobacteria,Alphaproteobacteria,Rhizobiales,Rhizobiaceae,Aurantimonas,aurantimonas manganoxydans,27.5,True
2546,RS_GCF_000153485.2,Bacteria,Bacteroidota,Bacteroidia,Flavobacteriales,Flavobacteriaceae,Psychroflexus,psychroflexus torquis,9.166666666666666,True
2547,RS_GCF_000157935.1,Bacteria,Bacteroidota,Bacteroidia,Bacteroidales,Bacteroidaceae,Prevotella,prevotella copri,34.75,False
2548,RS_GCF_000159355.1,Bacteria,Firmicutes,Bacilli,Lactobacillales,Lactobacillaceae,Lactobacillus,lactobacillus johnsonii,32.333,False
2549,RS_GCF_000165465.1,Bacteria,Firmicutes_F,Halanaerobiia,Halanaerobiales,Halanaerobiaceae,Halanaerobium,halanaerobium praevalens,36.0,True
2550,RS_GCF_000172155.1,Bacteria,Verrucomicrobiota,Verrucomicrobiae,Verrucomicrobiales,Verrucomicrobiaceae,Verrucomicrobium,verrucomicrobium spinosum,32.0,True
2551,RS_GCF_000176915.2,Bacteria,Desulfobacterota_I,Desulfovibrionia,Desulfovibrionales,Desulfovibrionaceae,Pseudodesulfovibrio,pseudodesulfovibrio aespoeensis,28.3335,True
2552,RS_GCF_000212815.1,Bacteria,Firmicutes,Bacilli,Lactobacillales,Streptococcaceae,Streptococcus,streptococcus sanguinis_c,20.0,False
2553,RS_GCF_000220505.1,Bacteria,Proteobacteria,Gammaproteobacteria,Pseudomonadales,Cellvibrionaceae,Microbulbifer,microbulbifer agarilyticus_b,33.0,False
2554,RS_GCF_000225825.1,Bacteria,Actinobacteriota,Actinomycetia,Actinomycetales,Dermabacteraceae,Brachybacterium,brachybacterium squillarum,29.6665,True
2555,RS_GCF_000226215.1,Bacteria,Actinobacteriota,Actinomycetia,Mycobacteriales,Mycobacteriaceae,Dietzia,dietzia alimentaria,29.0,True
2556,RS_GCF_000228725.2,Bacteria,Proteobacteria,Gammaproteobacteria,Chromatiales,Chromatiaceae,Thiorhodovibrio,thiorhodovibrio sp000228725,33.0,True
2557,RS_GCF_000243335.1,Bacteria,Spirochaetota,Leptospirae,Leptospirales,Leptonemataceae,Leptonema,leptonema illini,29.0,True
2558,RS_GCF_000277125.1,Bacteria,Actinobacteriota,Actinomycetia,Mycobacteriales,Mycobacteriaceae,Mycobacterium,mycobacterium intracellulare,34.375,False
2559,RS_GCF_000282995.1,Bacteria,Proteobacteria,Gammaproteobacteria,Burkholderiales,Burkholderiaceae,Melaminivora,melaminivora alkalimesophila,42.5,True
2560,RS_GCF_000284595.1,Bacteria,Proteobacteria,Gammaproteobacteria,Xanthomonadales,Xanthomonadaceae,Stenotrophomonas,stenotrophomonas maltophilia_f,35.0,True
2561,RS_GCF_000298315.2,Bacteria,Proteobacteria,Alphaproteobacteria,Rhizobiales,Rhizobiaceae,Rhizobium,rhizobium grahamii,28.333,False
2562,RS_GCF_000306255.2,Bacteria,Spirochaetota,Leptospirae,Leptospirales,Leptospiraceae,Leptospira,leptospira noguchii,29.0,False
2563,RS_GCF_000308635.1,Bacteria,Actinobacteriota,Actinomycetia,Mycobacteriales,Mycobacteriaceae,Nocardia,nocardia otitidiscaviarum,28.4,False
2564,RS_GCF_000327325.1,Bacteria,Actinobacteriota,Actinomycetia,Mycobacteriales,Mycobacteriaceae,Gordonia,gordonia rubripertincta,31.0,False
2565,RS_GCF_000369005.1,Bacteria,Proteobacteria,Gammaproteobacteria,Pseudomonadales,Moraxellaceae,Acinetobacter,acinetobacter beijerinckii,31.0,False
2566,RS_GCF_000378005.1,Bacteria,Coprothermobacterota,Coprothermobacteria,Coprothermobacterales,Coprothermobacteraceae,Coprothermobacter,coprothermobacter platensis,55.0,True
2567,RS_GCF_000392875.1,Bacteria,Firmicutes,Bacilli,Lactobacillales,Enterococcaceae,Enterococcus,enterococcus faecalis,36.4115,True
2568,RS_GCF_000420085.1,Bacteria,Desulfobacterota,Desulfobacteria,Desulfobacterales,Desulfobacteraceae,Desulfospira,desulfospira joergensenii,27.5,True
2569,RS_GCF_000473265.1,Bacteria,Actinobacteriota,Actinomycetia,Mycobacteriales,Pseudonocardiaceae,Amycolatopsis,amycolatopsis thermoflava,45.0,True
2570,RS_GCF_000497245.1,Bacteria,Firmicutes,Bacilli,Bacillales_G,Sporolactobacillaceae,Sporolactobacillus,sporolactobacillus laevolacticus,28.7,False
2571,RS_GCF_000521485.1,Bacteria,Firmicutes,Bacilli,Bacillales_D,Amphibacillaceae,Gracilibacillus,gracilibacillus boraciitolerans,26.5,True
2572,RS_GCF_000526915.1,Bacteria,Actinobacteriota,Actinomycetia,Mycobacteriales,Mycobacteriaceae,Mycobacterium,mycobacterium genavense,42.0,True
2573,RS_GCF_000682695.1,Bacteria,Proteobacteria,Alphaproteobacteria,Caulobacterales,Hyphomonadaceae,Hyphomonas,hyphomonas chukchiensis,27.5,False
2574,RS_GCF_000685315.1,Bacteria,Proteobacteria,Alphaproteobacteria,Caulobacterales,Hyphomonadaceae,Hyphomonas,hyphomonas polymorpha,35.0,False
2575,RS_GCF_000708755.2,Bacteria,Firmicutes,Bacilli,Bacillales,Bacillaceae,Bacillus_P,bacillus_p indicus,32.333,True
2576,RS_GCF_000730565.1,Bacteria,Proteobacteria,Gammaproteobacteria,Pseudomonadales,Pseudomonadaceae,Pseudomonas_E,pseudomonas_e fulva,27.5,False
2577,RS_GCF_000737785.1,Bacteria,Bacteroidota,Bacteroidia,Flavobacteriales,Weeksellaceae,Chryseobacterium,chryseobacterium luteum,24.5,False
2578,RS_GCF_000739735.1,Bacteria,Proteobacteria,Gammaproteobacteria,Burkholderiales,Burkholderiaceae,Paraburkholderia,paraburkholderia ginsengisoli,27.5,True
2579,RS_GCF_000742135.1,Bacteria,Proteobacteria,Gammaproteobacteria,Enterobacterales,Enterobacteriaceae,Klebsiella,klebsiella pneumoniae,35.693,False
2580,RS_GCF_000745905.1,Bacteria,Actinobacteriota,Acidimicrobiia,Acidimicrobiales,Acidimicrobiaceae,Ferrimicrobium,ferrimicrobium acidiphilum,33.5,True
2581,RS_GCF_000770635.1,Bacteria,Firmicutes,Bacilli,Bacillales_D,Halobacillaceae,Pontibacillus,pontibacillus yanchengensis,37.5,True
2582,RS_GCF_000773975.1,Bacteria,Proteobacteria,Gammaproteobacteria,Enterobacterales,Enterobacteriaceae,Erwinia,erwinia typographi,29.0,False
2583,RS_GCF_000797465.1,Bacteria,Bacteroidota,Bacteroidia,Flavobacteriales,Flavobacteriaceae,Psychroserpens,psychroserpens jangbogonensis,15.0,True
2584,RS_GCF_000820085.1,Bacteria,Proteobacteria,Gammaproteobacteria,Enterobacterales,Aeromonadaceae,Aeromonas,aeromonas sanarellii,39.0,False
2585,RS_GCF_000821045.2,Bacteria,Proteobacteria,Gammaproteobacteria,Pseudomonadales,Halomonadaceae,Chromohalobacter,chromohalobacter japonicus,30.5,False
2586,RS_GCF_000829675.1,Bacteria,Proteobacteria,Gammaproteobacteria,Pseudomonadales,Moraxellaceae,Acinetobacter,acinetobacter rudis,23.5,False
2587,RS_GCF_000949385.2,Bacteria,Proteobacteria,Gammaproteobacteria,Pseudomonadales,Pseudomonadaceae,Pseudomonas_F,pseudomonas_f sp000949385,34.0,True
2588,RS_GCF_000967545.1,Bacteria,Proteobacteria,Gammaproteobacteria,Enterobacterales,Vibrionaceae,Vibrio,vibrio galatheae,27.5,False
2589,RS_GCF_001083805.1,Bacteria,Proteobacteria,Gammaproteobacteria,Enterobacterales,Enterobacteriaceae,Photorhabdus,photorhabdus luminescens,28.6666666666667,False
2590,RS_GCF_001267175.1,Bacteria,Proteobacteria,Gammaproteobacteria,Pseudomonadales,Pseudomonadaceae,Oblitimonas,oblitimonas alkaliphila,27.5,True
2591,RS_GCF_001307805.1,Bacteria,Firmicutes,Bacilli,Bacillales_D,Amphibacillaceae,Lentibacillus,lentibacillus amyloliquefaciens,35.0,True
2592,RS_GCF_001403735.1,Bacteria,Proteobacteria,Alphaproteobacteria,Rhodobacterales,Rhodobacteraceae,Jannaschia,jannaschia rubra,14.5,True
2593,RS_GCF_001436305.1,Bacteria,Firmicutes,Bacilli,Lactobacillales,Lactobacillaceae,Lactobacillus,lactobacillus ultunensis,33.5,True
2594,RS_GCF_001457655.1,Bacteria,Proteobacteria,Gammaproteobacteria,Enterobacterales,Pasteurellaceae,Haemophilus,haemophilus influenzae,36.684,True
2595,RS_GCF_001517105.1,Bacteria,Firmicutes,Bacilli,Bacillales,Bacillaceae,Bacillus,bacillus halotolerans,32.0,False
2596,RS_GCF_001548275.1,Bacteria,Desulfobacterota,Thermodesulfobacteria,Thermodesulfobacteriales,Thermodesulfobacteriaceae,Caldimicrobium,caldimicrobium thiodismutans,75.0,True
2597,RS_GCF_001571285.1,Bacteria,Proteobacteria,Gammaproteobacteria,Enterobacterales,Enterobacteriaceae,Kluyvera,kluyvera cryocrescens,32.3333333333333,True
2598,RS_GCF_001598055.1,Bacteria,Proteobacteria,Gammaproteobacteria,Burkholderiales,Burkholderiaceae,Cupriavidus,cupriavidus nantongensis,33.5,False
2599,RS_GCF_001613145.1,Bacteria,Actinobacteriota,Actinomycetia,Mycobacteriales,Mycobacteriaceae,Nocardia,nocardia jejuensis,33.5,False
2600,RS_GCF_001613465.1,Bacteria,Actinobacteriota,Actinomycetia,Mycobacteriales,Mycobacteriaceae,Nocardia,nocardia niwae,35.0,False
2601,RS_GCF_001677955.1,Bacteria,Bacteroidota,Bacteroidia,Flavobacteriales,Weeksellaceae,Chryseobacterium,chryseobacterium sp001677955,20.0,False
2602,RS_GCF_001715195.1,Bacteria,Bacteroidota,Rhodothermia,Balneolales,Balneolaceae,Rhodohalobacter,rhodohalobacter halophilus,40.0,True
2603,RS_GCF_001854475.1,Bacteria,Proteobacteria,Gammaproteobacteria,Enterobacterales,Alteromonadaceae,Pseudoalteromonas,pseudoalteromonas byunsanensis,27.5,False
2604,RS_GCF_001887595.1,Bacteria,Proteobacteria,Gammaproteobacteria,Xanthomonadales,Rhodanobacteraceae,Luteibacter,luteibacter rhizovicinus,17.5,True
2605,RS_GCF_001996165.1,Bacteria,Proteobacteria,Gammaproteobacteria,Enterobacterales,Vibrionaceae,Salinivibrio,salinivibrio proteolyticus,33.0,True
2606,RS_GCF_002006995.1,Bacteria,Proteobacteria,Gammaproteobacteria,Enterobacterales,Enterobacteriaceae,Izhakiella,izhakiella australiensis,27.5,True
2607,RS_GCF_002266855.1,Bacteria,Bacteroidota,Bacteroidia,Flavobacteriales,Flavobacteriaceae,Winogradskyella,winogradskyella aurantia,34.0,False
2608,RS_GCF_002795805.1,Bacteria,Proteobacteria,Zetaproteobacteria,Mariprofundales,Mariprofundaceae,Mariprofundus,mariprofundus aestuarium,27.5,False
2609,RS_GCF_002884495.1,Bacteria,Firmicutes,Bacilli,Bacillales_A,Planococcaceae,Rummeliibacillus,rummeliibacillus pycnus,29.0,True
2610,RS_GCF_003003125.1,Bacteria,Firmicutes,Bacilli,Thermoactinomycetales,Thermoactinomycetaceae,Laceyella,laceyella sediminis,55.0,True
2611,RS_GCF_003054555.1,Bacteria,Actinobacteriota,Actinomycetia,Streptomycetales,Streptomycetaceae,Streptomyces,streptomyces lunaelactis,23.0,False
2612,RS_GCF_003387535.1,Bacteria,Proteobacteria,Gammaproteobacteria,Pseudomonadales,Moraxellaceae,Paraperlucidibaca,paraperlucidibaca baekdonensis,20.0,True
2613,RS_GCF_003387615.1,Bacteria,Bacteroidota,Bacteroidia,Flavobacteriales,Flavobacteriaceae,Tenacibaculum,tenacibaculum gallaicum,27.5,False
2614,RS_GCF_003633615.1,Bacteria,Bacteroidota,Bacteroidia,Sphingobacteriales,Sphingobacteriaceae,Mucilaginibacter,mucilaginibacter gracilis,20.0,True
2615,RS_GCF_003634755.1,Bacteria,Bacteroidota,Bacteroidia,Flavobacteriales,Flavobacteriaceae,Flavobacterium,flavobacterium limicola,16.25,True
2616,RS_GCF_003688495.1,Bacteria,Bacteroidota,Bacteroidia,Flavobacteriales,Flavobacteriaceae,Flavobacterium,flavobacterium weaverense,15.15,True
2617,RS_GCF_003788585.1,Bacteria,Proteobacteria,Gammaproteobacteria,Nevskiales,Salinisphaeraceae,Salinisphaera,salinisphaera japonica,22.5,True
2618,RS_GCF_003989795.1,Bacteria,Proteobacteria,Gammaproteobacteria,Pseudomonadales,Halomonadaceae,Halomonas,halomonas andesensis,32.5,False
2619,RS_GCF_004001245.1,Bacteria,Proteobacteria,Gammaproteobacteria,Thiohalomonadales,Thiohalomonadaceae,Sulfurivermis,sulfurivermis fontis,45.0,True
2620,RS_GCF_004135935.1,Bacteria,Proteobacteria,Alphaproteobacteria,Rhizobiales,Beijerinckiaceae,Methylovirgula,methylovirgula ligni,22.0,True
2621,RS_GCF_004216715.1,Bacteria,Bacteroidota,Bacteroidia,Cytophagales,Cyclobacteriaceae,Cecembia,cecembia calidifontis,45.0,True
2622,RS_GCF_004295345.1,Bacteria,Proteobacteria,Gammaproteobacteria,Enterobacterales,Shewanellaceae,Shewanella,shewanella maritima,30.5,False
2623,RS_GCF_004309735.1,Bacteria,Desulfobacterota_I,Desulfovibrionia,Desulfovibrionales,Desulfovibrionaceae,Desulfovibrio,desulfovibrio legallii,35.0,True
2624,RS_GCF_004339575.1,Bacteria,Aquificota,Desulfurobacteriia,Desulfurobacteriales,Desulfurobacteriaceae,Phorcysia,phorcysia thermohydrogeniphila,75.0,True
2625,RS_GCF_004357985.1,Bacteria,Proteobacteria,Gammaproteobacteria,Xanthomonadales,Xanthomonadaceae,Luteimonas,luteimonas aestuarii,35.5,False
2626,RS_GCF_004362865.1,Bacteria,Bacteroidota,Bacteroidia,Flavobacteriales,Flavobacteriaceae,Zeaxanthinibacter,zeaxanthinibacter enoshimensis,29.0,True
2627,RS_GCF_004364325.1,Bacteria,Actinobacteriota,Actinomycetia,Mycobacteriales,Pseudonocardiaceae,Actinophytocola,actinophytocola oryzae,23.0,False
2628,RS_GCF_005938655.1,Bacteria,Proteobacteria,Gammaproteobacteria,Pseudomonadales,Alcanivoracaceae,Alcanivorax,alcanivorax gelatiniphagus,38.5,False
2629,RS_GCF_007954425.1,Bacteria,Proteobacteria,Alphaproteobacteria,Sphingomonadales,Sphingomonadaceae,Novosphingobium,novosphingobium ginsenosidimutans,31.0,False
2630,RS_GCF_007954585.1,Bacteria,Proteobacteria,Gammaproteobacteria,Pseudomonadales,Halomonadaceae,Pistricoccus,pistricoccus aurantiacus,33.0,True
2631,RS_GCF_008824185.1,Bacteria,Proteobacteria,Alphaproteobacteria,Rhodobacterales,Rhodobacteraceae,Paracoccus,paracoccus pantotrophus,34.2,False
2632,RS_GCF_008973755.1,Bacteria,Proteobacteria,Gammaproteobacteria,Pseudomonadales,Nitrincolaceae,Nitrincola,nitrincola alkalilacustris,24.0,True
2633,RS_GCF_009649845.1,Bacteria,Myxococcota,Polyangia,Polyangiales,Polyangiaceae,Polyangium,polyangium spumosum,28.4615384615385,True
2634,RS_GCF_010500915.1,Bacteria,Proteobacteria,Gammaproteobacteria,Enterobacterales,Alteromonadaceae,Alteromonas,alteromonas hispanica,32.0,False
2635,RS_GCF_011947285.1,Bacteria,Proteobacteria,Gammaproteobacteria,Burkholderiales,Burkholderiaceae,Glaciimonas,glaciimonas immobilis,10.0,True
2636,RS_GCF_012844305.1,Bacteria,Bacteroidota,Bacteroidia,Cytophagales,Flammeovirgaceae,Flammeovirga,flammeovirga aprica,22.0,False
2637,RS_GCF_013340935.1,Bacteria,Proteobacteria,Alphaproteobacteria,Azospirillales,Azospirillaceae,Azospirillum,azospirillum melinis,26.5,False
2638,RS_GCF_013409575.1,Bacteria,Bacteroidota,Bacteroidia,Bacteroidales,Tannerellaceae,Macellibacteroides,macellibacteroides fermentans,37.5,True
2639,RS_GCF_013623905.1,Bacteria,Actinobacteriota,Actinomycetia,Actinomycetales,Brevibacteriaceae,Brevibacterium,brevibacterium sediminis,26.5,False
2640,RS_GCF_014191725.1,Bacteria,Proteobacteria,Gammaproteobacteria,Pseudomonadales,Cellvibrionaceae,Microbulbifer,microbulbifer rhizosphaerae,40.0,True
2641,RS_GCF_014196505.1,Bacteria,Proteobacteria,Alphaproteobacteria,Rhizobiales,Rhizobiaceae,Rhizobium,rhizobium metallidurans,27.5,False
2642,RS_GCF_014202315.1,Bacteria,Actinobacteriota,Actinomycetia,Streptosporangiales,Streptosporangiaceae,Thermocatellispora,thermocatellispora tengchongensis,47.5,True
2643,RS_GCF_014596935.1,Bacteria,Bacteroidota,Bacteroidia,Flavobacteriales,Flavobacteriaceae,Aestuariibaculum,aestuariibaculum suncheonense,27.5,True
2644,RS_GCF_014652675.1,Bacteria,Proteobacteria,Gammaproteobacteria,Burkholderiales,Burkholderiaceae,Formosimonas,formosimonas limnophila,20.0,True
2645,RS_GCF_014652795.1,Bacteria,Proteobacteria,Gammaproteobacteria,Pseudomonadales,Halomonadaceae,Kushneria,kushneria pakistanensis,31.5,False
2646,RS_GCF_014873765.1,Bacteria,Desulfobacterota_I,Desulfovibrionia,Desulfovibrionales,Desulfomicrobiaceae,Desulfomicrobium,desulfomicrobium macestii,35.0,False
2647,RS_GCF_014905615.1,Bacteria,Proteobacteria,Gammaproteobacteria,Enterobacterales,Alteromonadaceae,Pseudoalteromonas,pseudoalteromonas aliena,23.0,False
2648,RS_GCF_016834455.1,Bacteria,Proteobacteria,Gammaproteobacteria,Enterobacterales,Shewanellaceae,Shewanella,shewanella litorisediminis,33.5,False
2649,RS_GCF_016919065.1,Bacteria,Desulfobacterota,Desulfobulbia,Desulfobulbales,Desulfobulbaceae,Desulfobulbus,desulfobulbus rhabdoformis,31.0,False
2650,RS_GCF_017299535.1,Bacteria,Proteobacteria,Gammaproteobacteria,Enterobacterales,Enterobacteriaceae,Serratia,serratia marcescens,29.9491525423729,False
2651,RS_GCF_017565705.1,Bacteria,Actinobacteriota,Actinomycetia,Actinomycetales,Microbacteriaceae,Leucobacter,leucobacter ruminantium,38.5,False
2652,RS_GCF_017875235.1,Bacteria,Proteobacteria,Alphaproteobacteria,Caulobacterales,Caulobacteraceae,Asticcacaulis,asticcacaulis solisilvae,27.5,False
2653,RS_GCF_017876395.1,Bacteria,Actinobacteriota,Actinomycetia,Actinomycetales,Micrococcaceae,Nesterenkonia,nesterenkonia lacusekhoensis,20.0,True
2654,RS_GCF_018223745.1,Bacteria,Firmicutes_A,Clostridia,Clostridiales,Clostridiaceae,Clostridium,clostridium beijerinckii,36.5555555555556,False
2655,RS_GCF_900089585.1,Bacteria,Actinobacteriota,Actinomycetia,Mycobacteriales,Micromonosporaceae,Micromonospora,micromonospora sediminicola,31.0,False
2656,RS_GCF_900094545.1,Bacteria,Proteobacteria,Alphaproteobacteria,Rhizobiales,Rhizobiaceae,Rhizobium,rhizobium miluonense,27.5,False
2657,RS_GCF_900096565.1,Bacteria,Bacteroidota,Bacteroidia,Bacteroidales,Williamwhitmaniaceae,Williamwhitmania,williamwhitmania taraxaci,22.5,True
2658,RS_GCF_900101855.1,Bacteria,Bacteroidota,Bacteroidia,Flavobacteriales,Flavobacteriaceae,Flavobacterium,flavobacterium anhuiense,26.6665,False
2659,RS_GCF_900101875.1,Bacteria,Bacteroidota,Bacteroidia,Sphingobacteriales,Sphingobacteriaceae,Mucilaginibacter,mucilaginibacter pineti,26.0,False
2660,RS_GCF_900106955.1,Bacteria,Proteobacteria,Gammaproteobacteria,Pseudomonadales,Halomonadaceae,Aidingimonas,aidingimonas halophila,32.5,False
2661,RS_GCF_900107535.1,Bacteria,Bacteroidota,Bacteroidia,Sphingobacteriales,Sphingobacteriaceae,Pedobacter,pedobacter hartonius,13.333333333333334,True
2662,RS_GCF_900107645.1,Bacteria,Desulfobacterota,Desulfuromonadia,Desulfuromonadales,Geopsychrobacteraceae,Desulfuromusa,desulfuromusa kysingii,32.0,True
2663,RS_GCF_900108045.1,Bacteria,Firmicutes_A,Clostridia,Clostridiales,Caloramatoraceae,Caloramator,caloramator fervidus,67.75,True
2664,RS_GCF_900109205.1,Bacteria,Proteobacteria,Alphaproteobacteria,Sphingomonadales,Sphingomonadaceae,Sphingomonas,sphingomonas sp900109205,20.0,False
2665,RS_GCF_900110375.1,Bacteria,Bacteroidota,Bacteroidia,Flavobacteriales,Flavobacteriaceae,Flavobacterium,flavobacterium sinopsychrotolerans,21.5,False
2666,RS_GCF_900111875.1,Bacteria,Proteobacteria,Alphaproteobacteria,Rhodobacterales,Rhodobacteraceae,Poseidonocella,poseidonocella pacifica,27.5,True
2667,RS_GCF_900112865.1,Bacteria,Proteobacteria,Gammaproteobacteria,Xanthomonadales,Rhodanobacteraceae,Dyella,dyella marensis,33.5,True
2668,RS_GCF_900114155.1,Bacteria,Proteobacteria,Gammaproteobacteria,Pseudomonadales,Oleiphilaceae,Marinobacter,marinobacter persicus,35.0,False
2669,RS_GCF_900114765.1,Bacteria,Proteobacteria,Gammaproteobacteria,Pseudomonadales,Pseudomonadaceae,Pseudomonas_D,pseudomonas_d pachastrellae,24.0,True
2670,RS_GCF_900114975.1,Bacteria,Desulfobacterota,Syntrophobacteria,Syntrophobacterales,Thermodesulforhabdaceae,Thermodesulforhabdus,thermodesulforhabdus norvegica,60.0,True
2671,RS_GCF_900116005.1,Bacteria,Proteobacteria,Alphaproteobacteria,Rhodobacterales,Rhodobacteraceae,Poseidonocella,poseidonocella sedimentorum,26.5,False
2672,RS_GCF_900116065.1,Bacteria,Proteobacteria,Alphaproteobacteria,Caulobacterales,Caulobacteraceae,Brevundimonas,brevundimonas viscosa,29.0,True
2673,RS_GCF_900116115.1,Bacteria,Bacteroidota,Bacteroidia,Flavobacteriales,Flavobacteriaceae,Lutibacter,lutibacter maritimus,27.5,True
2674,RS_GCF_900129865.1,Bacteria,Firmicutes,Bacilli,Bacillales_D,Amphibacillaceae,Virgibacillus,virgibacillus chiguensis,40.0,True
2675,RS_GCF_900143245.1,Bacteria,Bacteroidota,Bacteroidia,Flavobacteriales,Flavobacteriaceae,Flavobacterium,flavobacterium fryxellicola,20.0,False
2676,RS_GCF_900156645.1,Bacteria,Firmicutes,Bacilli,Bacillales_D,Halobacillaceae,Salimicrobium,salimicrobium flavidum,34.25,True
2677,RS_GCF_900167575.1,Bacteria,Actinobacteriota,Actinomycetia,Actinomycetales,Microbacteriaceae,Okibacterium,okibacterium fritillariae,25.5,True
2678,RS_GCF_900169265.1,Bacteria,Actinobacteriota,Actinomycetia,Actinomycetales,Brevibacteriaceae,Brevibacterium,brevibacterium iodinum,27.5,False
2679,RS_GCF_900176005.1,Bacteria,Firmicutes_B,Moorellia,Moorellales,Moorellaceae,Thermanaeromonas,thermanaeromonas toyohensis,70.0,True
2680,RS_GCF_900215625.1,Bacteria,Firmicutes,Bacilli,Bacillales_D,Amphibacillaceae,Terribacillus,terribacillus aidingensis,33.5,True
2681,RS_GCF_900233005.1,Bacteria,Proteobacteria,Gammaproteobacteria,Enterobacterales,Vibrionaceae,Vibrio,vibrio tapetis,18.0,True
2682,RS_GCF_900445835.1,Bacteria,Proteobacteria,Gammaproteobacteria,Burkholderiales,Burkholderiaceae,Bordetella,bordetella avium,36.333,False
2683,RS_GCF_900460525.1,Bacteria,Proteobacteria,Gammaproteobacteria,Enterobacterales,Enterobacteriaceae,Yersinia,yersinia kristensenii,33.5,False
2684,RS_GCF_900660755.1,Bacteria,Firmicutes,Bacilli,Acholeplasmatales,Acholeplasmataceae,Acholeplasma,acholeplasma hippikon,36.0,True
2685,GB_GCA_001562115.1,Bacteria,Proteobacteria,Gammaproteobacteria,Enterobacterales,Alteromonadaceae,Alteromonas,alteromonas stellipolaris,20.375,False
2686,GB_GCA_002101905.1,Bacteria,Actinobacteriota,Actinomycetia,Mycobacteriales,Mycobacteriaceae,Mycobacterium,mycobacterium shimoidei,41.0,True
2687,RS_GCF_000007145.1,Bacteria,Proteobacteria,Gammaproteobacteria,Xanthomonadales,Xanthomonadaceae,Xanthomonas,xanthomonas campestris,26.4,False
2688,RS_GCF_000007705.1,Bacteria,Proteobacteria,Gammaproteobacteria,Burkholderiales,Chromobacteriaceae,Chromobacterium,chromobacterium violaceum,26.0,False
2689,RS_GCF_000015585.1,Bacteria,Proteobacteria,Gammaproteobacteria,Nitrococcales,Halorhodospiraceae,Halorhodospira,halorhodospira halophila,47.0,True
2690,RS_GCF_000016765.1,Bacteria,Proteobacteria,Alphaproteobacteria,Sphingomonadales,Sphingomonadaceae,Rhizorhabdus,rhizorhabdus wittichii,29.0,True
2691,RS_GCF_000017545.1,Bacteria,Thermotogota,Thermotogae,Thermotogales,Fervidobacteriaceae,Fervidobacterium,fervidobacterium nodosum,69.72233333333334,True
2692,RS_GCF_000024965.1,Bacteria,Actinobacteriota,Actinomycetia,Actinomycetales,Cellulomonadaceae,Xylanimonas,xylanimonas cellulosilytica,29.0,True
2693,RS_GCF_000093025.1,Bacteria,Proteobacteria,Gammaproteobacteria,Burkholderiales,Methylophilaceae,Methylotenera,methylotenera versatilis,19.5,True
2694,RS_GCF_000154205.1,Bacteria,Bacteroidota,Bacteroidia,Bacteroidales,Bacteroidaceae,Bacteroides,bacteroides uniformis,36.0,False
2695,RS_GCF_000185505.1,Bacteria,Firmicutes_A,Clostridia,Eubacteriales,Eubacteriaceae,Pseudoramibacter,pseudoramibacter alactolyticus,36.0,True
2696,RS_GCF_000185725.2,Bacteria,Actinobacteriota,Actinomycetia,Mycobacteriales,Mycobacteriaceae,Segniliparus,segniliparus rugosus,31.333,False
2697,RS_GCF_000190375.1,Bacteria,Proteobacteria,Gammaproteobacteria,Burkholderiales,Burkholderiaceae,Rubrivivax,rubrivivax benzoatilyticus,35.0,True
2698,RS_GCF_000190555.1,Bacteria,Deinococcota,Deinococci,Deinococcales,Deinococcaceae,Deinococcus,deinococcus proteolyticus,32.5,False
2699,RS_GCF_000191045.1,Bacteria,Aquificota,Desulfurobacteriia,Desulfurobacteriales,Desulfurobacteriaceae,Desulfurobacterium,desulfurobacterium thermolithotrophum,70.0,True
2700,RS_GCF_000195335.1,Bacteria,Deinococcota,Deinococci,Deinococcales,Marinithermaceae,Marinithermus,marinithermus hydrothermalis,68.33333333333333,True
2701,RS_GCF_000196175.1,Bacteria,Bdellovibrionota,Bdellovibrionia,Bdellovibrionales,Bdellovibrionaceae,Bdellovibrio,bdellovibrio bacteriovorus,28.875,True
2702,RS_GCF_000202835.1,Bacteria,Proteobacteria,Alphaproteobacteria,Acetobacterales,Acetobacteraceae,Acidiphilium,acidiphilium multivorum,32.7725,True
2703,RS_GCF_000212375.1,Bacteria,Bacteroidota,Bacteroidia,Bacteroidales,Porphyromonadaceae,Porphyromonas,porphyromonas asaccharolytica,34.75,True
2704,RS_GCF_000226565.1,Bacteria,Proteobacteria,Gammaproteobacteria,Enterobacterales,Alteromonadaceae,Glaciecola,glaciecola nitratireducens,9.5,True
2705,RS_GCF_000236585.1,Bacteria,Deinococcota,Deinococci,Deinococcales,Thermaceae,Thermus,thermus sp000236585,92.4,True
2706,RS_GCF_000248055.1,Bacteria,Actinobacteriota,Actinomycetia,Mycobacteriales,Mycobacteriaceae,Gordonia,gordonia sputi,30.5714285714286,False
2707,RS_GCF_000255135.1,Bacteria,Thermotogota,Thermotogae,Petrotogales,Petrotogaceae,Marinitoga,marinitoga piezophila,65.55566666666667,True
2708,RS_GCF_000255455.1,Bacteria,Bacteroidota,Bacteroidia,Flavobacteriales,Flavobacteriaceae,Aquimarina,aquimarina agarilytica,24.0,False
2709,RS_GCF_000265465.1,Bacteria,Bacteroidota,Bacteroidia,Flavobacteriales,Weeksellaceae,Ornithobacterium,ornithobacterium rhinotracheale,35.0,True
2710,RS_GCF_000297055.2,Bacteria,Proteobacteria,Gammaproteobacteria,Burkholderiales,Sulfuricellaceae,Sulfuricella,sulfuricella denitrificans,22.0,True
2711,RS_GCF_000300335.1,Bacteria,Proteobacteria,Alphaproteobacteria,Rhizobiales,Rhizobiaceae,Nitratireductor,nitratireductor pacificus,27.5,True
2712,RS_GCF_000308295.2,Bacteria,Proteobacteria,Alphaproteobacteria,Rhizobiales,Xanthobacteraceae,Afipia,afipia birgiae,23.333,False
2713,RS_GCF_000312425.1,Bacteria,Proteobacteria,Alphaproteobacteria,Reyranellales,Reyranellaceae,Reyranella,reyranella massiliensis,30.25,True
2714,RS_GCF_000340435.2,Bacteria,Actinobacteriota,Actinomycetia,Mycobacteriales,Mycobacteriaceae,Mycobacterium,mycobacterium haemophilum,31.0,False
2715,RS_GCF_000340885.1,Bacteria,Firmicutes_A,Clostridia,Clostridiales,Clostridiaceae,Clostridium,clostridium saccharoperbutylacetonicum,32.5,False
2716,RS_GCF_000365025.1,Bacteria,Proteobacteria,Alphaproteobacteria,Caulobacterales,Maricaulaceae,Robiginitomaculum,robiginitomaculum antarcticum,20.0,True
2717,RS_GCF_000367345.1,Bacteria,Proteobacteria,Alphaproteobacteria,Sphingomonadales,Sphingomonadaceae,Sphingobium,sphingobium xenophagum,28.8,False
2718,RS_GCF_000374645.1,Bacteria,Proteobacteria,Gammaproteobacteria,Nitrococcales,Nitrococcaceae,Arhodomonas,arhodomonas aquaeolei,31.5,True
2719,RS_GCF_000377005.1,Bacteria,Firmicutes,Bacilli,Lactobacillales,Streptococcaceae,Streptococcus,streptococcus minor,32.25,False
2720,RS_GCF_000379145.1,Bacteria,Proteobacteria,Alphaproteobacteria,Rhizobiales,Xanthobacteraceae,Bradyrhizobium,bradyrhizobium elkanii,27.967,False
2721,RS_GCF_000380505.1,Bacteria,Proteobacteria,Alphaproteobacteria,Rhizobiales,Kaistiaceae,Kaistia,kaistia granuli,24.0,True
2722,RS_GCF_000380985.1,Bacteria,Bacteroidota,Bacteroidia,Bacteroidales,Dysgonomonadaceae,Proteiniphilum,proteiniphilum acetatigenes,35.5,False
2723,RS_GCF_000387765.1,Bacteria,Firmicutes_A,Clostridia,Tissierellales,Caldisalinibacteraceae,Caldisalinibacter,caldisalinibacter kiritimatiensis,53.75,True
2724,RS_GCF_000416965.1,Bacteria,Firmicutes,Bacilli,Exiguobacterales,Exiguobacteraceae,Exiguobacterium,exiguobacterium chiriqhucha,20.0,False
2725,RS_GCF_000422325.1,Bacteria,Proteobacteria,Gammaproteobacteria,Pseudomonadales,Halomonadaceae,Marinospirillum,marinospirillum minutulum,27.3333333333333,False
2726,RS_GCF_000422365.1,Bacteria,Bacteroidota,Bacteroidia,Flavobacteriales,Flavobacteriaceae,Mesoflavibacter,mesoflavibacter zeaxanthinifaciens,36.0,False
2727,RS_GCF_000422885.1,Bacteria,Proteobacteria,Gammaproteobacteria,Burkholderiales,Burkholderiaceae,Ottowia,ottowia thiooxydans,26.0,True
2728,RS_GCF_000423065.1,Bacteria,Bacteroidota,Bacteroidia,Flavobacteriales,Flavobacteriaceae,Gramella,gramella echinicola,24.0,True
2729,RS_GCF_000425625.1,Bacteria,Proteobacteria,Gammaproteobacteria,Pseudomonadales,Pseudomonadaceae,Pseudomonas_N,pseudomonas_n azotifigens,34.5,True
2730,RS_GCF_000428465.1,Bacteria,Proteobacteria,Gammaproteobacteria,Burkholderiales,Chitinimonadaceae,Chitinimonas,chitinimonas koreensis,35.0,False
2731,RS_GCF_000429465.1,Bacteria,Bacteroidota,Bacteroidia,Cytophagales,Cyclobacteriaceae,Algoriphagus,algoriphagus vanfongensis,23.5,False
2732,RS_GCF_000429485.1,Bacteria,Proteobacteria,Gammaproteobacteria,Enterobacterales,Celerinatantimonadaceae,Aliagarivorans,aliagarivorans marinus,27.5,True
2733,RS_GCF_000430025.1,Bacteria,Bacteroidota,Bacteroidia,Flavobacteriales,Flavobacteriaceae,Flavobacterium,flavobacterium suncheonense,33.5,False
2734,RS_GCF_000483485.1,Bacteria,Proteobacteria,Gammaproteobacteria,Thiomicrospirales,Thiomicrospiraceae,Thiomicrorhabdus,thiomicrorhabdus chilensis,36.0,True
2735,RS_GCF_000521865.1,Bacteria,Proteobacteria,Alphaproteobacteria,Rhodobacterales,Rhodobacteraceae,Roseivivax,roseivivax isoporae,37.5,False
2736,RS_GCF_000615975.1,Bacteria,Proteobacteria,Alphaproteobacteria,Rhizobiales,Rhizobiaceae,Nitratireductor,nitratireductor aquibiodomus,34.75,False
2737,RS_GCF_000620105.1,Bacteria,Proteobacteria,Gammaproteobacteria,Burkholderiales,Aquaspirillaceae,Microvirgula,microvirgula aerodenitrificans,32.0,True
2738,RS_GCF_000687875.1,Bacteria,Proteobacteria,Alphaproteobacteria,Acetobacterales,Acetobacteraceae,Acidocella,acidocella facilis,20.0,True
2739,RS_GCF_000688515.1,Bacteria,Proteobacteria,Alphaproteobacteria,Rhizobiales,Afifellaceae,Afifella,afifella pfennigii,32.5,True
2740,RS_GCF_000691165.1,Bacteria,Firmicutes,Bacilli,Bacillales,Bacillaceae,Bacillus,bacillus safensis,34.305499999999995,False
2741,RS_GCF_000696305.2,Bacteria,Proteobacteria,Gammaproteobacteria,Pseudomonadales,Moraxellaceae,Moraxella,moraxella bovoculi,35.0,True
2742,RS_GCF_000708285.2,Bacteria,Bacteroidota,Bacteroidia,Sphingobacteriales,Sphingobacteriaceae,Pedobacter,pedobacter borealis,18.5,True
2743,RS_GCF_000711715.1,Bacteria,Proteobacteria,Alphaproteobacteria,Sphingomonadales,Sphingomonadaceae,Sphingomicrobium,sphingomicrobium astaxanthinifaciens,33.5,True
2744,RS_GCF_000744885.1,Bacteria,Deinococcota,Deinococci,Deinococcales,Thermaceae,Thermus,thermus amyloliquefaciens,62.5,True
2745,RS_GCF_000754815.1,Bacteria,Proteobacteria,Gammaproteobacteria,Enterobacterales,Enterobacteriaceae,Yersinia,yersinia ruckeri,22.0,True
2746,RS_GCF_000766795.1,Bacteria,Bacteroidota,Bacteroidia,Flavobacteriales,Flavobacteriaceae,Polaribacter,polaribacter sp000766795,21.0,False
2747,RS_GCF_000807855.2,Bacteria,Bacteroidota,Bacteroidia,Cytophagales,Flammeovirgaceae,Flammeovirga,flammeovirga pacifica,32.0,True
2748,RS_GCF_000949475.1,Bacteria,Bacteroidota,Bacteroidia,Bacteroidales,Prolixibacteraceae,Draconibacterium,draconibacterium sediminis,32.5,True
2749,RS_GCF_000964405.1,Bacteria,Proteobacteria,Alphaproteobacteria,Acetobacterales,Acetobacteraceae,Komagataeibacter,komagataeibacter hansenii,33.5,True
2750,RS_GCF_000973725.1,Bacteria,Bacteroidota,Bacteroidia,Cytophagales,Hymenobacteraceae,Pontibacter,pontibacter korlensis,33.5,False
2751,RS_GCF_001027025.1,Bacteria,Thermotogota,Thermotogae,Petrotogales,Kosmotogaceae,Kosmotoga_B,kosmotoga_b pacifica,70.0,True
2752,RS_GCF_001314995.1,Bacteria,Bacteroidota,Bacteroidia,Bacteroidales,Bacteroidaceae,Bacteroides,bacteroides ovatus,34.75,False
2753,RS_GCF_001402875.1,Bacteria,Proteobacteria,Alphaproteobacteria,Rhizobiales,Xanthobacteraceae,Blastochloris,blastochloris viridis,26.25,True
2754,RS_GCF_001420285.1,Bacteria,Bacteroidota,Bacteroidia,Flavobacteriales,Weeksellaceae,Chryseobacterium,chryseobacterium aquaticum,27.5,False
2755,RS_GCF_001431525.1,Bacteria,Proteobacteria,Gammaproteobacteria,Xanthomonadales,Xanthomonadaceae,Stenotrophomonas,stenotrophomonas koreensis,28.5,False
2756,RS_GCF_001431595.1,Bacteria,Proteobacteria,Gammaproteobacteria,Xanthomonadales,Xanthomonadaceae,Stenotrophomonas,stenotrophomonas acidaminiphila,33.75,False
2757,RS_GCF_001439665.1,Bacteria,Bacteroidota,Bacteroidia,Flavobacteriales,Flavobacteriaceae,Formosa,formosa algae,23.0,False
2758,RS_GCF_001457635.1,Bacteria,Firmicutes,Bacilli,Lactobacillales,Streptococcaceae,Streptococcus,streptococcus pneumoniae,35.958,False
2759,RS_GCF_001458355.1,Bacteria,Proteobacteria,Alphaproteobacteria,Rhodobacterales,Rhodobacteraceae,Thalassobius,thalassobius gelatinovorus,26.0,True
2760,RS_GCF_001544135.1,Bacteria,Firmicutes,Bacilli,Bacillales,Anoxybacillaceae,Geobacillus,geobacillus zalihae,63.75,True
2761,RS_GCF_001552275.1,Bacteria,Firmicutes,Bacilli,Bacillales_D,Amphibacillaceae,Amphibacillus_B,amphibacillus_b sediminis,27.0,True
2762,RS_GCF_001552655.1,Bacteria,Firmicutes,Bacilli,Alicyclobacillales,Alicyclobacillaceae,Alicyclobacillus_G,alicyclobacillus_g kakegawensis,52.5,True
2763,RS_GCF_001552735.1,Bacteria,Actinobacteriota,Actinomycetia,Actinomycetales,Cellulomonadaceae,Sanguibacter,sanguibacter suarezii,27.5,True
2764,RS_GCF_001553785.1,Bacteria,Actinobacteriota,Actinomycetia,Mycobacteriales,Micromonosporaceae,Actinoplanes,actinoplanes sp001553785,29.0,False
2765,RS_GCF_001563225.1,Bacteria,Desulfobacterota_I,Desulfovibrionia,Desulfovibrionales,Desulfovibrionaceae,Pseudodesulfovibrio,pseudodesulfovibrio indicus,32.5,False
2766,RS_GCF_001571245.1,Bacteria,Proteobacteria,Gammaproteobacteria,Burkholderiales,Burkholderiaceae,Achromobacter,achromobacter piechaudii,29.3335,False
2767,RS_GCF_001574435.1,Bacteria,Proteobacteria,Gammaproteobacteria,Enterobacterales,Moritellaceae,Moritella,moritella sp001574435,6.5,True
2768,RS_GCF_001580545.1,Bacteria,Proteobacteria,Gammaproteobacteria,Burkholderiales,Burkholderiaceae,Paraburkholderia,paraburkholderia monticola,31.0,False
2769,RS_GCF_001598915.1,Bacteria,Actinobacteriota,Actinomycetia,Mycobacteriales,Mycobacteriaceae,Williamsia,williamsia muralis,29.0,True
2770,RS_GCF_001612945.1,Bacteria,Actinobacteriota,Actinomycetia,Mycobacteriales,Mycobacteriaceae,Nocardia,nocardia inohanensis,32.5,False
2771,RS_GCF_001614315.2,Bacteria,Proteobacteria,Gammaproteobacteria,XJ16,Halofilaceae,Halofilum,halofilum ochraceum,35.0,True
2772,RS_GCF_001632805.1,Bacteria,Actinobacteriota,Actinomycetia,Mycobacteriales,Mycobacteriaceae,Mycobacterium,mycobacterium chelonae,35.6153846153846,False
2773,RS_GCF_001650345.1,Bacteria,Proteobacteria,Gammaproteobacteria,Enterobacterales,Vibrionaceae,Photobacterium,photobacterium jeanii,27.5,False
2774,RS_GCF_001653715.1,Bacteria,Proteobacteria,Alphaproteobacteria,Rhizobiales,Beijerinckiaceae,Methylobacterium,methylobacterium platani,27.5,False
2775,RS_GCF_001662875.1,Bacteria,Proteobacteria,Alphaproteobacteria,Rhodospirillales,Thalassospiraceae,Thalassospira,thalassospira tepidiphila,40.333333333333336,True
2776,RS_GCF_001693275.1,Bacteria,Cyanobacteria,Cyanobacteriia,Cyanobacteriales,Cyanobacteriaceae,Limnothrix,limnothrix sp001693275,38.0,True
2777,RS_GCF_001886855.1,Bacteria,Firmicutes,Bacilli,Mycoplasmatales,Mycoplasmataceae,Spiroplasma,spiroplasma citri,31.0,False
2778,RS_GCF_001953055.1,Bacteria,Proteobacteria,Alphaproteobacteria,Rhizobiales,Rhizobiaceae,Salaquimonas,salaquimonas pukyongi,27.5,True
2779,RS_GCF_002005165.1,Bacteria,Firmicutes,Bacilli,Thermoactinomycetales,Novibacillaceae,Novibacillus,novibacillus thermophilus,50.0,True
2780,RS_GCF_002008365.1,Bacteria,Proteobacteria,Alphaproteobacteria,Rhizobiales,Rhizobiaceae,Rhizobium,rhizobium leguminosarum,27.9,True
2781,RS_GCF_002055535.1,Bacteria,Firmicutes,Bacilli,Lactobacillales,Streptococcaceae,Streptococcus,streptococcus pyogenes,34.889,False
2782,RS_GCF_002075795.1,Bacteria,Proteobacteria,Gammaproteobacteria,Enterobacterales,Shewanellaceae,Shewanella,shewanella japonica,22.5,False
2783,RS_GCF_002091675.1,Bacteria,Proteobacteria,Gammaproteobacteria,Pseudomonadales,Pseudomonadaceae,Pseudomonas_B,pseudomonas_b luteola,32.5,False
2784,RS_GCF_002238045.1,Bacteria,Proteobacteria,Alphaproteobacteria,Rhizobiales,Rhizobiaceae,Notoacmeibacter,notoacmeibacter marinus,29.0,True
2785,RS_GCF_002251695.1,Bacteria,Proteobacteria,Gammaproteobacteria,Burkholderiales,Burkholderiaceae,Ralstonia,ralstonia solanacearum,27.9645,True
2786,RS_GCF_002844235.1,Bacteria,Proteobacteria,Alphaproteobacteria,Rhodospirillales,Thalassospiraceae,Thalassospira,thalassospira povalilytica,43.0,True
2787,RS_GCF_002902385.1,Bacteria,Firmicutes,Bacilli,Staphylococcales,Staphylococcaceae,Staphylococcus,staphylococcus intermedius,35.5,False
2788,RS_GCF_002954765.1,Bacteria,Bacteroidota,Bacteroidia,Flavobacteriales,Flavobacteriaceae,Nonlabens,nonlabens arenilitoris,27.5,False
2789,RS_GCF_002982075.1,Bacteria,Proteobacteria,Alphaproteobacteria,Rhizobiales,Labraceae,Labrys,labrys okinawensis,26.25,True
2790,RS_GCF_002995755.1,Bacteria,Firmicutes_B,Moorellia,Moorellales,Moorellaceae,Moorella,moorella humiferrea,65.0,True
2791,RS_GCF_003025555.1,Bacteria,Proteobacteria,Gammaproteobacteria,Enterobacterales,Vibrionaceae,Photobacterium,photobacterium lutimaris,27.5,False
2792,RS_GCF_003149025.1,Bacteria,Actinobacteriota,Actinomycetia,Actinomycetales,Microbacteriaceae,Rathayibacter,rathayibacter iranicus,27.0,False
2793,RS_GCF_003201355.1,Bacteria,Bacteroidota,Bacteroidia,Bacteroidales,Dysgonomonadaceae,Dysgonomonas,dysgonomonas alginatilytica,35.0,False
2794,RS_GCF_003201855.1,Bacteria,Proteobacteria,Gammaproteobacteria,Burkholderiales,Aquaspirillaceae,Rivicola,rivicola pingtungensis,32.5,True
2795,RS_GCF_003217215.1,Bacteria,Bacteroidota,Bacteroidia,Flavobacteriales,Flavobacteriaceae,Winogradskyella,winogradskyella epiphytica,24.0,False
2796,RS_GCF_003315515.1,Bacteria,Proteobacteria,Gammaproteobacteria,Enterobacterales,Enterobacteriaceae,Brenneria,brenneria salicis,26.0,True
2797,RS_GCF_003337305.1,Bacteria,Bacteroidota,Bacteroidia,Flavobacteriales,Flavobacteriaceae,Winogradskyella,winogradskyella arenosi,26.5,False
2798,RS_GCF_003385555.1,Bacteria,Proteobacteria,Alphaproteobacteria,Rhodobacterales,Rhodobacteraceae,Rhodosalinus,rhodosalinus sediminis,40.0,True
2799,RS_GCF_003386165.1,Bacteria,Bacteroidota,Bacteroidia,Flavobacteriales,Flavobacteriaceae,Winogradskyella,winogradskyella eximia,22.0,False
2800,RS_GCF_003387165.1,Bacteria,Firmicutes,Bacilli,Staphylococcales,Salinicoccaceae,Jeotgalicoccus,jeotgalicoccus halotolerans,32.5,False
2801,RS_GCF_003402975.1,Bacteria,Bacteroidota,Bacteroidia,Flavobacteriales,Crocinitomicaceae,Brumimicrobium,brumimicrobium aurantiacum,29.0,True
2802,RS_GCF_003697185.1,Bacteria,Proteobacteria,Alphaproteobacteria,Rhizobiales,Beijerinckiaceae,Methylobacterium,methylobacterium brachiatum,31.0,False
2803,RS_GCF_003722335.1,Bacteria,Proteobacteria,Alphaproteobacteria,Caulobacterales,Caulobacteraceae,Caulobacter,caulobacter flavus,29.0,False
2804,RS_GCF_003987015.1,Bacteria,Proteobacteria,Gammaproteobacteria,Enterobacterales,Alteromonadaceae,Aliidiomarina,aliidiomarina taiwanensis,35.0,False
2805,RS_GCF_003987255.1,Bacteria,Proteobacteria,Gammaproteobacteria,Enterobacterales,Alteromonadaceae,Idiomarina,idiomarina ramblicola,32.0,True
2806,RS_GCF_004339465.1,Bacteria,Proteobacteria,Alphaproteobacteria,Rhizobiales,Xanthobacteraceae,Ancylobacter,ancylobacter aquaticus,26.4,True
2807,RS_GCF_004345675.1,Bacteria,Firmicutes_A,Thermoanaerobacteria,Thermoanaerobacterales,Thermoanaerobacteraceae,Caldanaerobacter,caldanaerobacter subterraneus,69.33333333333333,True
2808,RS_GCF_004358675.1,Bacteria,Proteobacteria,Alphaproteobacteria,Rhodobacterales,Rhodobacteraceae,Fluviibacterium,fluviibacterium aquatile,27.5,True
2809,RS_GCF_004363005.1,Bacteria,Bacteroidota,Bacteroidia,Flavobacteriales,Flavobacteriaceae,Tenacibaculum,tenacibaculum caenipelagi,27.5,False
2810,RS_GCF_004364155.1,Bacteria,Firmicutes_A,Clostridia,Clostridiales,Caloramatoraceae,Fonticella,fonticella tunisiensis,55.0,True
2811,RS_GCF_004365915.1,Bacteria,Actinobacteriota,Actinomycetia,Actinomycetales,Microbacteriaceae,Cryobacterium,cryobacterium psychrophilum,10.0,True
2812,RS_GCF_004378255.1,Bacteria,Bacteroidota,Bacteroidia,Sphingobacteriales,Sphingobacteriaceae,Mucilaginibacter,mucilaginibacter phyllosphaerae,22.5,False
2813,RS_GCF_006475605.1,Bacteria,Proteobacteria,Alphaproteobacteria,Caulobacterales,Caulobacteraceae,Asticcacaulis,asticcacaulis tiandongensis,27.5,False
2814,RS_GCF_006716095.1,Bacteria,Actinobacteriota,Actinomycetia,Actinomycetales,Dermatophilaceae,Barrientosiimonas,barrientosiimonas humi,32.0,True
2815,RS_GCF_007556705.1,Bacteria,Proteobacteria,Gammaproteobacteria,Burkholderiales,Burkholderiaceae,Tepidimonas,tepidimonas thermarum,52.5,True
2816,RS_GCF_007858275.1,Bacteria,Proteobacteria,Gammaproteobacteria,Pseudomonadales,Pseudomonadaceae,Pseudomonas_E,pseudomonas_e proteolytica,33.0,False
2817,RS_GCF_007990525.1,Bacteria,Fusobacteriota,Fusobacteriia,Fusobacteriales,Leptotrichiaceae,Leptotrichia,leptotrichia hofstadii,37.333,False
2818,RS_GCF_007995065.1,Bacteria,Proteobacteria,Alphaproteobacteria,Sphingomonadales,Sphingomonadaceae,Sphingomonas,sphingomonas ginsenosidivorax,27.5,False
2819,RS_GCF_007995085.1,Bacteria,Proteobacteria,Gammaproteobacteria,Burkholderiales,Burkholderiaceae,Paraburkholderia,paraburkholderia azotifigens,27.5,False
2820,RS_GCF_008639165.1,Bacteria,Actinobacteriota,Actinomycetia,Streptomycetales,Streptomycetaceae,Streptomyces,streptomyces venezuelae,26.0,False
2821,RS_GCF_008728835.1,Bacteria,Proteobacteria,Alphaproteobacteria,Dongiales,Dongiaceae,Hypericibacter,hypericibacter adhaerens,34.5,True
2822,RS_GCF_009711415.1,Bacteria,Proteobacteria,Alphaproteobacteria,Rhizobiales,Stappiaceae,Roseibium,roseibium denhamense,26.0,False
2823,RS_GCF_009901525.1,Bacteria,Bacteroidota,Bacteroidia,Flavobacteriales,Flavobacteriaceae,Kordia,kordia antarctica,20.0,True
2824,RS_GCF_009909205.1,Bacteria,Proteobacteria,Gammaproteobacteria,Burkholderiales,Burkholderiaceae,Aquabacterium,aquabacterium fontiphilum,27.5,True
2825,RS_GCF_010120595.1,Bacteria,Firmicutes,Bacilli,Lactobacillales,Streptococcaceae,Streptococcus,streptococcus thermophilus,42.7915,True
2826,RS_GCF_010730575.1,Bacteria,Actinobacteriota,Actinomycetia,Mycobacteriales,Mycobacteriaceae,Mycobacterium,mycobacterium parmense,31.0,False
2827,RS_GCF_011742555.1,Bacteria,Proteobacteria,Gammaproteobacteria,Xanthomonadales,Rhodanobacteraceae,Luteibacter,luteibacter jiangsuensis,27.5,True
2828,RS_GCF_011764445.1,Bacteria,Actinobacteriota,Actinomycetia,Mycobacteriales,Micromonosporaceae,Phytohabitans,phytohabitans rumicis,27.0,True
2829,RS_GCF_011926545.1,Bacteria,Proteobacteria,Alphaproteobacteria,Sphingomonadales,Sphingomonadaceae,Sphingopyxis,sphingopyxis italica,27.5,False
2830,RS_GCF_011927665.1,Bacteria,Desulfobacterota_I,Desulfovibrionia,Desulfovibrionales,Desulfovibrionaceae,Desulfobaculum,desulfobaculum xiamenense,36.25,True
2831,RS_GCF_012222825.1,Bacteria,Proteobacteria,Gammaproteobacteria,Francisellales,Francisellaceae,Allofrancisella,allofrancisella frigidaquae,32.0,True
2832,RS_GCF_012396235.1,Bacteria,Actinobacteriota,Actinomycetia,Mycobacteriales,Mycobacteriaceae,Rhodococcus,rhodococcus opacus,27.1851851851852,False
2833,RS_GCF_013375155.1,Bacteria,Proteobacteria,Gammaproteobacteria,Enterobacterales,Enterobacteriaceae,Serratia,serratia ureilytica,25.5,True
2834,RS_GCF_013409645.1,Bacteria,Actinobacteriota,Actinomycetia,Propionibacteriales,Nocardioidaceae,Nocardioides,nocardioides panaciterrulae,27.5,False
2835,RS_GCF_013410455.1,Bacteria,Actinobacteriota,Actinomycetia,Actinomycetales,Dermatophilaceae,Allobranchiibius,allobranchiibius huperziae,29.0,True
2836,RS_GCF_014118685.1,Bacteria,Actinobacteriota,Actinomycetia,Actinomycetales,Actinomycetaceae,Flaviflexus,flaviflexus huanghaiensis,29.0,True
2837,RS_GCF_014180685.1,Bacteria,Actinobacteriota,Actinomycetia,Propionibacteriales,Nocardioidaceae,Nocardioides,nocardioides pelophilus,31.5,False
2838,RS_GCF_014197105.1,Bacteria,Proteobacteria,Alphaproteobacteria,Sphingomonadales,Sphingomonadaceae,Sphingomonas,sphingomonas jinjuensis,27.5,False
2839,RS_GCF_014202395.1,Bacteria,Proteobacteria,Gammaproteobacteria,Enterobacterales,Pasteurellaceae,Histophilus,histophilus somni,36.0,True
2840,RS_GCF_014202765.1,Bacteria,Proteobacteria,Gammaproteobacteria,Burkholderiales,Chitinibacteraceae,Silvimonas,silvimonas terrae,27.5,True
2841,RS_GCF_014203235.1,Bacteria,Actinobacteriota,Actinomycetia,Streptosporangiales,Streptosporangiaceae,Nonomuraea,nonomuraea endophytica,24.0,False
2842,RS_GCF_014204985.1,Bacteria,Actinobacteriota,Actinomycetia,Streptosporangiales,Streptosporangiaceae,Streptosporangium,streptosporangium becharense,31.0,False
2843,RS_GCF_014205055.1,Bacteria,Actinobacteriota,Actinomycetia,Streptomycetales,Streptomycetaceae,Streptomyces,streptomyces luteogriseus,26.5,True
2844,RS_GCF_014647515.1,Bacteria,Actinobacteriota,Actinomycetia,Mycobacteriales,Micromonosporaceae,Dactylosporangium,dactylosporangium sucinum,31.0,True
2845,RS_GCF_015277775.1,Bacteria,Acidobacteriota,Acidobacteriae,Bryobacterales,Bryobacteraceae,Paludibaculum,paludibaculum fermentans,24.0,True
2846,RS_GCF_015326965.1,Bacteria,Firmicutes,Bacilli,Paenibacillales,Paenibacillaceae,Paenibacillus,paenibacillus sp001860525,29.0,False
2847,RS_GCF_016464335.1,Bacteria,Proteobacteria,Gammaproteobacteria,Enterobacterales,Vibrionaceae,Aliivibrio,aliivibrio fischeri,22.1965,True
2848,RS_GCF_016894385.1,Bacteria,Proteobacteria,Gammaproteobacteria,Burkholderiales,Burkholderiaceae,Cupriavidus,cupriavidus oxalaticus,32.5,False
2849,RS_GCF_016907975.1,Bacteria,Proteobacteria,Alphaproteobacteria,Rhizobiales,Methylopilaceae,Methylopila,methylopila capsulata,29.3333333333333,True
2850,RS_GCF_900090325.1,Bacteria,Actinobacteriota,Actinomycetia,Mycobacteriales,Micromonosporaceae,Micromonospora,micromonospora pallida,26.0,False
2851,RS_GCF_900103215.1,Bacteria,Bacteroidota,Bacteroidia,Flavobacteriales,Flavobacteriaceae,Kriegella,kriegella aquimaris,26.5,True
2852,RS_GCF_900104895.1,Bacteria,Actinobacteriota,Actinomycetia,Actinomycetales,Microbacteriaceae,Microterricola,microterricola viridarii,22.5,True
2853,RS_GCF_900108395.1,Bacteria,Bacteroidota,Bacteroidia,Flavobacteriales,Flavobacteriaceae,Flavobacterium,flavobacterium marinum,35.0,False
2854,RS_GCF_900109315.1,Bacteria,Proteobacteria,Gammaproteobacteria,Enterobacterales,Pasteurellaceae,Haemophilus_B,haemophilus_b ducreyi,36.0,True
2855,RS_GCF_900110135.1,Bacteria,Proteobacteria,Alphaproteobacteria,Rhodobacterales,Rhodobacteraceae,Pseudorhodobacter,pseudorhodobacter antarcticus,15.0,True
2856,RS_GCF_900110955.1,Bacteria,Actinobacteriota,Actinomycetia,Mycobacteriales,Pseudonocardiaceae,Lentzea,lentzea xinjiangensis,27.5,True
2857,RS_GCF_900111765.1,Bacteria,Myxococcota,Myxococcia,Myxococcales,Myxococcaceae,Myxococcus,myxococcus fulvus,28.0188679245283,False
2858,RS_GCF_900114235.1,Bacteria,Firmicutes,Bacilli,Lactobacillales,Carnobacteriaceae,Marinilactibacillus,marinilactibacillus piezotolerans,38.5,True
2859,RS_GCF_900114485.1,Bacteria,Proteobacteria,Alphaproteobacteria,Rhodobacterales,Rhodobacteraceae,Loktanella,loktanella salsilacus,20.0,False
2860,RS_GCF_900128965.1,Bacteria,Actinobacteriota,Acidimicrobiia,Acidimicrobiales,Acidimicrobiaceae,Ferrithrix,ferrithrix thermotolerans,41.5,True
2861,RS_GCF_900155475.1,Bacteria,Proteobacteria,Gammaproteobacteria,Methylococcales,Methylococcaceae,Methylomagnum,methylomagnum ishizawai,32.0,True
2862,RS_GCF_900156255.1,Bacteria,Proteobacteria,Alphaproteobacteria,Rhodobacterales,Rhodobacteraceae,Paracoccus,paracoccus thiocyanatus,33.5,True
2863,RS_GCF_900172315.1,Bacteria,Proteobacteria,Alphaproteobacteria,Rhodobacterales,Rhodobacteraceae,Palleronia,palleronia marisminoris,28.5,True
2864,RS_GCF_900176375.1,Bacteria,Bacteroidota,Bacteroidia,Cytophagales,Cyclobacteriaceae,Reichenbachiella,reichenbachiella faecimaris,29.0,False
2865,RS_GCF_900182575.1,Bacteria,Bacteroidota,Bacteroidia,Sphingobacteriales,Sphingobacteriaceae,Solitalea,solitalea koreensis,29.0,True
2866,RS_GCF_900182695.1,Bacteria,Proteobacteria,Alphaproteobacteria,Rhodobacterales,Rhodobacteraceae,Paracoccus,paracoccus laeviglucosivorans,32.5,False
2867,RS_GCF_900186955.1,Bacteria,Firmicutes,Bacilli,Bacillales,Bacillaceae,Bacillus,bacillus pumilus,28.7575757575758,False
2868,RS_GCF_900637845.1,Bacteria,Firmicutes,Bacilli,Erysipelotrichales,Erysipelotrichaceae,Erysipelothrix,erysipelothrix rhusiopathiae,33.5,True
2869,GB_GCA_000200715.1,Archaea,Thermoproteota,Nitrososphaeria,Nitrososphaerales,Nitrosopumilaceae,Cenarchaeum,cenarchaeum symbiosum,10.0,False
2870,GB_GCA_000306725.1,Archaea,Halobacteriota,Methanosarcinia,Methanosarcinales,Methanosarcinaceae,Methanolobus,methanolobus psychrophilus,18.0,False
2871,RS_GCF_000011005.1,Archaea,Halobacteriota,Methanocellia,Methanocellales,Methanocellaceae,Methanocella,methanocella paludicola,36.3,False
2872,RS_GCF_000022365.1,Archaea,Methanobacteriota_B,Thermococci,Thermococcales,Thermococcaceae,Thermococcus,thermococcus gammatolerans,88.0,False
2873,RS_GCF_000022545.1,Archaea,Methanobacteriota_B,Thermococci,Thermococcales,Thermococcaceae,Thermococcus_A,thermococcus_a sibiricus,78.0,False
2874,RS_GCF_000186365.1,Archaea,Thermoproteota,Thermoproteia,Sulfolobales,Desulfurococcaceae,Desulfurococcus,desulfurococcus mucosus,85.75,False
2875,RS_GCF_000328665.1,Archaea,Halobacteriota,Methanosarcinia,Methanosarcinales,Methanosarcinaceae,Methanomethylovorans,methanomethylovorans hollandica,35.65,False
2876,RS_GCF_000336615.1,Archaea,Halobacteriota,Halobacteria,Halobacteriales,Haloarculaceae,Haloarcula,haloarcula amylolytica,41.0,False
2877,RS_GCF_000336815.1,Archaea,Halobacteriota,Halobacteria,Halobacteriales,Haloferacaceae,Haloferax,haloferax prahovense,43.0,False
2878,RS_GCF_000336915.1,Archaea,Halobacteriota,Halobacteria,Halobacteriales,Halococcaceae,Halococcus,halococcus saccharolyticus,35.5,False
2879,RS_GCF_000337675.1,Archaea,Halobacteriota,Halobacteria,Halobacteriales,Natrialbaceae,Natronococcus,natronococcus amylolyticus,42.5,False
2880,RS_GCF_000337815.1,Archaea,Halobacteriota,Halobacteria,Halobacteriales,Haloferacaceae,Haloferax,haloferax mucosum,47.5,False
2881,RS_GCF_001647085.1,Archaea,Methanobacteriota_B,Thermococci,Thermococcales,Thermococcaceae,Thermococcus,thermococcus piezophilus,75.0,False
2882,RS_GCF_001953745.1,Archaea,Halobacteriota,Halobacteria,Halobacteriales,Natrialbaceae,Natrinema,natrinema saccharevitans,43.5,False
2883,RS_GCF_002287175.1,Archaea,Methanobacteriota,Methanobacteria,Methanobacteriales,Methanobacteriaceae,Methanobacterium_D,methanobacterium_d bryantii,38.0,False
2884,RS_GCF_900100385.1,Archaea,Halobacteriota,Halobacteria,Halobacteriales,Haloarculaceae,Halovenus,halovenus aranensis,40.0,False
2885,RS_GCF_900103505.1,Archaea,Halobacteriota,Halobacteria,Halobacteriales,Natrialbaceae,Haloarchaeobius,haloarchaeobius iranensis,40.0,False
2886,RS_GCF_900107205.1,Archaea,Halobacteriota,Halobacteria,Halobacteriales,Haloferacaceae,Halopenitus,halopenitus persicus,39.75,False
2887,RS_GCF_900110215.1,Archaea,Halobacteriota,Halobacteria,Halobacteriales,Haloarculaceae,Halorientalis,halorientalis persicus,40.0,False
2888,RS_GCF_900129775.1,Archaea,Halobacteriota,Halobacteria,Halobacteriales,Haloferacaceae,Halobaculum,halobaculum gomorrense,36.3333333333333,False
2889,GB_GCA_000789255.1,Archaea,Halobacteriota,Archaeoglobi,Archaeoglobales,Archaeoglobaceae,Geoglobus,geoglobus acetivorans,80.5,False
2890,GB_GCA_001560915.1,Archaea,Thermoplasmatota,Thermoplasmata,Methanomassiliicoccales,Methanomethylophilaceae,Methanomethylophilus,methanomethylophilus sp001560915,39.0,False
2891,RS_GCF_000023945.1,Archaea,Halobacteriota,Halobacteria,Halobacteriales,Haloarculaceae,Halorhabdus,halorhabdus utahensis,50.0,False
2892,RS_GCF_000092305.1,Archaea,Methanobacteriota_A,Methanococci,Methanococcales,Methanocaldococcaceae,Methanocaldococcus_A,methanocaldococcus_a infernus,82.0,False
2893,RS_GCF_000243315.1,Archaea,Thermoproteota,Thermoproteia,Sulfolobales,Sulfolobaceae,Metallosphaera,metallosphaera yellowstonensis,65.0,False
2894,RS_GCF_000246985.2,Archaea,Methanobacteriota_B,Thermococci,Thermococcales,Thermococcaceae,Thermococcus_A,thermococcus_a litoralis,85.0,False
2895,RS_GCF_000306765.2,Archaea,Halobacteriota,Halobacteria,Halobacteriales,Haloferacaceae,Haloferax,haloferax mediterranei,40.5,False
2896,RS_GCF_000337175.1,Archaea,Halobacteriota,Halobacteria,Halobacteriales,Natrialbaceae,Natrinema,natrinema gari,38.5,False
2897,RS_GCF_000337335.1,Archaea,Halobacteriota,Halobacteria,Halobacteriales,Haloferacaceae,Halorubrum,halorubrum distributum,42.9165,False
2898,RS_GCF_000371805.1,Archaea,Methanobacteriota_A,Methanococci,Methanococcales,Methanocaldococcaceae,Methanocaldococcus_A,methanocaldococcus_a villosus,80.0,False
2899,RS_GCF_000969885.1,Archaea,Halobacteriota,Methanosarcinia,Methanosarcinales,Methanosarcinaceae,Methanosarcina,methanosarcina thermophila,51.38877777777776,False
2900,RS_GCF_002177135.1,Archaea,Halobacteriota,Halobacteria,Halobacteriales,Natrialbaceae,Natronolimnobius,natronolimnobius baerhuensis,41.0,False
2901,RS_GCF_002214565.1,Archaea,Methanobacteriota_B,Thermococci,Thermococcales,Thermococcaceae,Thermococcus,thermococcus radiotolerans,88.0,False
2902,RS_GCF_002761295.1,Archaea,Halobacteriota,Methanosarcinia,Methanosarcinales,Methanosarcinaceae,Methanohalophilus,methanohalophilus portucalensis,39.25,False
2903,RS_GCF_003149675.1,Archaea,Methanobacteriota,Methanobacteria,Methanobacteriales,Methanobacteriaceae,Methanosphaera,methanosphaera cuniculi,37.5,False
2904,RS_GCF_003675855.1,Archaea,Halobacteriota,Halobacteria,Halobacteriales,QS-9-68-17,Halostella,halostella salina,40.0,False
2905,RS_GCF_004310395.1,Archaea,Methanobacteriota_A,Methanococci,Methanococcales,Methanococcaceae,Methanofervidicoccus,methanofervidicoccus abyssi,70.0,False
2906,RS_GCF_014647455.2,Archaea,Halobacteriota,Halobacteria,Halobacteriales,Halobacteriaceae,Halarchaeum,halarchaeum grantii,45.0,False
2907,RS_GCF_000015825.1,Archaea,Halobacteriota,Methanomicrobia,Methanomicrobiales,Methanoculleaceae,Methanoculleus,methanoculleus marisnigri,28.625,False
2908,RS_GCF_000265525.1,Archaea,Methanobacteriota_B,Thermococci,Thermococcales,Thermococcaceae,Thermococcus,thermococcus cleftensis,86.5,False
2909,RS_GCF_000334895.1,Archaea,Halobacteriota,Halobacteria,Halobacteriales,Halococcaceae,Halococcus,halococcus agarilyticus,42.0,False
2910,RS_GCF_001488575.1,Archaea,Halobacteriota,Halobacteria,Halobacteriales,Halobacteriaceae,Halobacterium,halobacterium hubeiense,45.0,False
2911,RS_GCF_002945325.1,Archaea,Methanobacteriota_A,Methanococci,Methanococcales,Methanococcaceae,Methanococcus,methanococcus maripaludis,36.839969696969696,False
2912,RS_GCF_017874375.1,Archaea,Halobacteriota,Methanosarcinia,Methanosarcinales,Methanosarcinaceae,Methanohalophilus,methanohalophilus levihalophilus,35.0,False
2913,RS_GCF_900102375.1,Archaea,Halobacteriota,Halobacteria,Halobacteriales,Haloferacaceae,Halorubrum,halorubrum xinjiangense,40.0,False
2914,RS_GCF_000011105.1,Archaea,Methanobacteriota_B,Thermococci,Thermococcales,Thermococcaceae,Pyrococcus,pyrococcus horikoshii,96.47233333333334,False
2915,RS_GCF_000017165.1,Archaea,Methanobacteriota_A,Methanococci,Methanococcales,Methanococcaceae,Methanococcus,methanococcus vannielii,36.91666666666665,False
2916,RS_GCF_000152265.2,Archaea,Thermoplasmatota,Thermoplasmata,Thermoplasmatales,Thermoplasmataceae,Ferroplasma,ferroplasma acidarmanus,40.625,False
2917,RS_GCF_000204415.1,Archaea,Halobacteriota,Methanosarcinia,Methanotrichales,Methanotrichaceae,Methanothrix,methanothrix soehngenii,37.5,False
2918,RS_GCF_000336955.1,Archaea,Halobacteriota,Halobacteria,Halobacteriales,Haloferacaceae,Haloferax,haloferax larsenii,43.5,False
2919,RS_GCF_000337375.1,Archaea,Halobacteriota,Halobacteria,Halobacteriales,Haloferacaceae,Halorubrum,halorubrum lipolyticum,46.5,False
2920,RS_GCF_000337575.1,Archaea,Halobacteriota,Halobacteria,Halobacteriales,Natrialbaceae,Natrialba,natrialba hulunbeirensis,50.0,False
2921,RS_GCF_000337735.1,Archaea,Halobacteriota,Halobacteria,Halobacteriales,Natrialbaceae,Natronorubrum,natronorubrum sulfidifaciens,45.5,False
2922,RS_GCF_000337795.1,Archaea,Halobacteriota,Halobacteria,Halobacteriales,Haloferacaceae,Haloferax,haloferax denitrificans,50.0,False
2923,RS_GCF_000337835.1,Archaea,Halobacteriota,Halobacteria,Halobacteriales,Haloferacaceae,Haloferax,haloferax sulfurifontis,34.5,False
2924,RS_GCF_000427685.1,Archaea,Halobacteriota,Halobacteria,Halobacteriales,Haloferacaceae,Haloplanus,haloplanus natans,40.0,False
2925,RS_GCF_000591055.1,Archaea,Halobacteriota,Halobacteria,Halobacteriales,Haloarculaceae,Natronomonas,natronomonas moolapensis,38.5,False
2926,RS_GCF_000711215.1,Archaea,Halobacteriota,Methanomicrobia,Methanomicrobiales,Methanomicrobiaceae,Methanomicrobium,methanomicrobium mobile,39.25,False
2927,RS_GCF_001592435.1,Archaea,Methanobacteriota_B,Thermococci,Thermococcales,Thermococcaceae,Thermococcus,thermococcus peptonophilus,84.375,False
2928,RS_GCF_002214365.1,Archaea,Methanobacteriota_B,Thermococci,Thermococcales,Thermococcaceae,Thermococcus,thermococcus celer,86.5,False
2929,RS_GCF_002287235.1,Archaea,Halobacteriota,Methanosarcinia,Methanosarcinales,Methanosarcinaceae,Methanosarcina,methanosarcina spelaei,33.0,False
2930,RS_GCF_900112205.1,Archaea,Halobacteriota,Halobacteria,Halobacteriales,Natrialbaceae,Halobiforma,halobiforma haloterrestris,42.0,False
2931,RS_GCF_000007305.1,Archaea,Methanobacteriota_B,Thermococci,Thermococcales,Thermococcaceae,Pyrococcus,pyrococcus furiosus,98.25595238095237,False
2932,RS_GCF_000011085.1,Archaea,Halobacteriota,Halobacteria,Halobacteriales,Haloarculaceae,Haloarcula,haloarcula marismortui,44.545,False
2933,RS_GCF_000025665.1,Archaea,Thermoplasmatota,Thermoplasmata,Aciduliprofundales,Aciduliprofundaceae,Aciduliprofundum,aciduliprofundum boonei,70.0,False
2934,RS_GCF_000025685.1,Archaea,Halobacteriota,Halobacteria,Halobacteriales,Haloferacaceae,Haloferax,haloferax volcanii,39.05566666666667,False
2935,RS_GCF_000092185.1,Archaea,Thermoproteota,Thermoproteia,Sulfolobales,Desulfurococcaceae,Thermosphaera,thermosphaera aggregans,85.0,False
2936,RS_GCF_000179575.2,Archaea,Methanobacteriota_A,Methanococci,Methanococcales,Methanococcaceae,Methanothermococcus_A,methanothermococcus_a okinawensis,61.5,False
2937,RS_GCF_000196895.1,Archaea,Halobacteriota,Halobacteria,Halobacteriales,Halalkalicoccaceae,Halalkalicoccus,halalkalicoccus jeotgali,38.25,False
2938,RS_GCF_000226975.2,Archaea,Halobacteriota,Halobacteria,Halobacteriales,Natrialbaceae,Halobiforma,halobiforma lacisalsi,43.5,False
2939,RS_GCF_000337415.1,Archaea,Halobacteriota,Halobacteria,Halobacteriales,Haloferacaceae,Halorubrum,halorubrum tebenquichense,40.833333333333336,False
2940,RS_GCF_000337535.1,Archaea,Halobacteriota,Halobacteria,Halobacteriales,Natrialbaceae,Natrialba,natrialba aegyptia,39.5,False
2941,RS_GCF_000504205.1,Archaea,Halobacteriota,Methanosarcinia,Methanosarcinales,Methanosarcinaceae,Methanolobus,methanolobus tindarius,26.0,False
2942,RS_GCF_001602375.1,Archaea,Halobacteriota,Methanomicrobia,Methanomicrobiales,Methanoculleaceae,Methanoculleus,methanoculleus horonobensis,39.5,False
2943,RS_GCF_002214465.1,Archaea,Methanobacteriota_B,Thermococci,Thermococcales,Thermococcaceae,Thermococcus,thermococcus barossii,81.25,False
2944,RS_GCF_003967175.1,Archaea,Thermoproteota,Thermoproteia,Sulfolobales,Sulfolobaceae,Sulfodiicoccus,sulfodiicoccus acidiphilus,67.5,False
2945,RS_GCF_004114995.1,Archaea,Halobacteriota,Halobacteria,Halobacteriales,Haloferacaceae,Halorubrum,halorubrum amylolyticum,38.0,False
2946,RS_GCF_007004735.1,Archaea,Halobacteriota,Halobacteria,Halobacteriales,Haloferacaceae,Salinigranum,salinigranum halophilum,41.0,False
2947,RS_GCF_009729545.1,Archaea,Thermoproteota,Thermoproteia,Sulfolobales,Sulfolobaceae,Acidianus,acidianus infernus,89.0,False
2948,RS_GCF_013388255.1,Archaea,Halobacteriota,Methanosarcinia,Methanosarcinales,Methanosarcinaceae,Methanolobus,methanolobus zinderi,45.0,False
2949,RS_GCF_017873335.1,Archaea,Methanobacteriota_B,Thermococci,Thermococcales,Thermococcaceae,Thermococcus,thermococcus stetteri,75.0,False
2950,RS_GCF_900176435.1,Archaea,Thermoplasmatota,Thermoplasmata,Thermoplasmatales,Thermoplasmataceae,Picrophilus,picrophilus oshimae,59.0,False
2951,GB_GCA_000336895.1,Archaea,Halobacteriota,Halobacteria,Halobacteriales,Haloarculaceae,Haloarcula,haloarcula argentinensis,45.0,False
2952,GB_GCA_001509375.1,Archaea,Halobacteriota,Methanosarcinia,Methanotrichales,Methanotrichaceae,Methanothrix_A,methanothrix_a harundinacea_d,35.5,False
2953,RS_GCF_000243455.1,Archaea,Methanobacteriota_A,Methanococci,Methanococcales,Methanococcaceae,Methanotorris,methanotorris formicicus,71.0,False
2954,RS_GCF_000337695.1,Archaea,Halobacteriota,Halobacteria,Halobacteriales,Natrialbaceae,Natronococcus,natronococcus jeotgali,41.0,False
2955,RS_GCF_000725425.1,Archaea,Methanobacteriota_B,Thermococci,Thermococcales,Thermococcaceae,Palaeococcus,palaeococcus pacificus,80.0,False
2956,RS_GCF_000755245.1,Archaea,Halobacteriota,Halobacteria,Halobacteriales,Halococcaceae,Halococcus,halococcus sediminicola,37.5,False
2957,RS_GCF_001542905.1,Archaea,Halobacteriota,Halobacteria,Halobacteriales,Haloferacaceae,Halorubrum,halorubrum aethiopicum,41.0,False
2958,RS_GCF_003856835.1,Archaea,Halobacteriota,Halobacteria,Halobacteriales,Haloferacaceae,Haloplanus,haloplanus aerogenes,38.5,False
2959,RS_GCF_000007225.1,Archaea,Thermoproteota,Thermoproteia,Thermoproteales,Thermoproteaceae,Pyrobaculum,pyrobaculum aerophilum,97.63333333333333,False
2960,RS_GCF_000013725.1,Archaea,Halobacteriota,Methanosarcinia,Methanosarcinales,Methanosarcinaceae,Methanococcoides,methanococcoides burtonii,22.566666666666663,False
2961,RS_GCF_000015945.1,Archaea,Thermoproteota,Thermoproteia,Sulfolobales,Desulfurococcaceae,Staphylothermus,staphylothermus marinus,91.16666666666669,False
2962,RS_GCF_000018305.1,Archaea,Thermoproteota,Thermoproteia,Thermoproteales,Thermocladiaceae,Caldivirga,caldivirga maquilingensis,84.33333333333333,False
2963,RS_GCF_000151105.2,Archaea,Methanobacteriota_B,Thermococci,Thermococcales,Thermococcaceae,Thermococcus_B,thermococcus_b barophilus,85.0,False
2964,RS_GCF_000303155.1,Archaea,Thermoproteota,Nitrososphaeria,Nitrososphaerales,Nitrososphaeraceae,Nitrososphaera,nitrososphaera gargensis,48.0,False
2965,RS_GCF_000328685.1,Archaea,Halobacteriota,Halobacteria,Halobacteriales,Natrialbaceae,Natronococcus,natronococcus occultus,37.3,False
2966,RS_GCF_000336635.1,Archaea,Halobacteriota,Halobacteria,Halobacteriales,Haloarculaceae,Haloarcula,haloarcula japonica,45.0,False
2967,RS_GCF_000336775.1,Archaea,Halobacteriota,Halobacteria,Halobacteriales,Haloferacaceae,Haloferax,haloferax gibbonsii,40.0,False
2968,RS_GCF_000698785.1,Archaea,Thermoproteota,Nitrososphaeria,Nitrososphaerales,Nitrososphaeraceae,Nitrososphaera,nitrososphaera viennensis,42.0,False
2969,RS_GCF_000769655.1,Archaea,Methanobacteriota_B,Thermococci,Thermococcales,Thermococcaceae,Thermococcus,thermococcus eurythermalis,85.0,False
2970,RS_GCF_000875775.1,Archaea,Thermoproteota,Nitrososphaeria,Nitrososphaerales,Nitrosopumilaceae,Nitrosopumilus,nitrosopumilus piranensis,32.0,False
2971,RS_GCF_001484195.1,Archaea,Methanobacteriota_B,Thermococci,Thermococcales,Thermococcaceae,Thermococcus,thermococcus celericrescens,80.0,False
2972,RS_GCF_001577775.1,Archaea,Methanobacteriota_B,Thermococci,Thermococcales,Thermococcaceae,Pyrococcus,pyrococcus kukulkanii,105.0,False
2973,RS_GCF_002078355.1,Archaea,Thermoplasmatota,Thermoplasmata,Thermoplasmatales,Thermoplasmataceae,Ferroplasma,ferroplasma acidiphilum,35.0,False
2974,RS_GCF_002114285.1,Archaea,Halobacteriota,Halobacteria,Halobacteriales,Haloferacaceae,Halorubrum,halorubrum ezzemoulense,38.5,False
2975,RS_GCF_003605635.1,Archaea,Halobacteriota,Halobacteria,Halobacteriales,Haloferacaceae,Halonotius,halonotius pteroides,45.0,False
2976,RS_GCF_900100875.1,Archaea,Halobacteriota,Halobacteria,Halobacteriales,Haloferacaceae,Halopelagius,halopelagius longus,48.0,False
2977,RS_GCF_900108505.1,Archaea,Halobacteriota,Halobacteria,Halobacteriales,Haloferacaceae,Halopenitus,halopenitus malekzadehii,40.0,False
2978,RS_GCF_900114435.1,Archaea,Halobacteriota,Halobacteria,Halobacteriales,Haloarculaceae,Halomicrobium,halomicrobium zhouii,42.0,False
2979,RS_GCF_900182635.1,Archaea,Halobacteriota,Halobacteria,Halobacteriales,Haloferacaceae,Halorubrum,halorubrum cibi,33.5,False
2980,RS_GCF_000008665.1,Archaea,Halobacteriota,Archaeoglobi,Archaeoglobales,Archaeoglobaceae,Archaeoglobus,archaeoglobus fulgidus,80.72233333333334,False
2981,RS_GCF_000017625.1,Archaea,Halobacteriota,Methanomicrobia,Methanomicrobiales,Methanoregulaceae,Methanoregula,methanoregula boonei,36.1665,False
2982,RS_GCF_000025325.1,Archaea,Halobacteriota,Halobacteria,Halobacteriales,Natrialbaceae,Haloterrigena,haloterrigena turkmenica,51.0,False
2983,RS_GCF_000026045.1,Archaea,Halobacteriota,Halobacteria,Halobacteriales,Haloarculaceae,Natronomonas,natronomonas pharaonis,45.0,False
2984,RS_GCF_000237865.1,Archaea,Halobacteriota,Halobacteria,Halobacteriales,Haloferacaceae,Haloquadratum,haloquadratum walsbyi,45.0,False
2985,RS_GCF_000243255.1,Archaea,Halobacteriota,Methanomicrobia,Methanomicrobiales,Methanomicrobiaceae,Methanoplanus,methanoplanus limicola,37.833333333333336,False
2986,RS_GCF_000337135.1,Archaea,Halobacteriota,Halobacteria,Halobacteriales,Natrialbaceae,Natrialba,natrialba chahannaoensis,46.25,False
2987,RS_GCF_000376965.1,Archaea,Methanobacteriota_A,Methanococci,Methanococcales,Methanococcaceae,Methanothermococcus,methanothermococcus thermolithotrophicus,63.333333333333336,False
2988,RS_GCF_000513855.1,Archaea,Thermoproteota,Thermoproteia,Sulfolobales,Desulfurococcaceae,Desulfurococcus,desulfurococcus amylolyticus,87.2855,False
2989,RS_GCF_000585495.1,Archaea,Methanobacteriota_B,Thermococci,Thermococcales,Thermococcaceae,Thermococcus,thermococcus nautili,87.5,False
2990,RS_GCF_000784355.1,Archaea,Halobacteriota,Methanomicrobia,Methanomicrobiales,Methanomicrobiaceae,Methanolacinia,methanolacinia paynteri,39.0,False
2991,RS_GCF_000969905.1,Archaea,Halobacteriota,Methanosarcinia,Methanosarcinales,Methanosarcinaceae,Methanosarcina,methanosarcina vacuolata,38.25,False
2992,RS_GCF_001484685.1,Archaea,Methanobacteriota_B,Thermococci,Thermococcales,Thermococcaceae,Thermococcus_A,thermococcus_a sp001484685,85.0,False
2993,RS_GCF_002243045.1,Archaea,Halobacteriota,Methanosarcinia,Methanosarcinales,Methanosarcinaceae,Methanolobus,methanolobus psychrotolerans,33.5,False
2994,RS_GCF_002355635.1,Archaea,Halobacteriota,Halobacteria,Halobacteriales,Haloferacaceae,Halopenitus,halopenitus persicus_a,40.0,False
2995,RS_GCF_007671725.1,Archaea,Halobacteriota,Halobacteria,Halobacteriales,Haloferacaceae,Halorubrum,halorubrum depositum,38.0,False
2996,RS_GCF_013407185.1,Archaea,Thermoproteota,Nitrososphaeria,Nitrososphaerales,Nitrosopumilaceae,Nitrosopumilus,nitrosopumilus ureiphilus,26.0,False
2997,RS_GCF_013415885.1,Archaea,Halobacteriota,Halobacteria,Halobacteriales,Haloarculaceae,Halosimplex,halosimplex rubrum,42.0,False
2998,RS_GCF_017873625.1,Archaea,Methanobacteriota,Methanobacteria,Methanobacteriales,Methanobacteriaceae,Methanobacterium,methanobacterium petrolearium,35.0,False
2999,RS_GCF_000017185.1,Archaea,Methanobacteriota_A,Methanococci,Methanococcales,Methanococcaceae,Methanothermococcus_A,methanothermococcus_a aeolicus,44.2,False
3000,RS_GCF_000025505.1,Archaea,Halobacteriota,Archaeoglobi,Archaeoglobales,Archaeoglobaceae,Ferroglobus,ferroglobus placidus,85.0,False
3001,RS_GCF_000025625.1,Archaea,Halobacteriota,Halobacteria,Halobacteriales,Natrialbaceae,Natrialba,natrialba magadii,38.5,False
3002,RS_GCF_000166095.1,Archaea,Methanobacteriota,Methanobacteria,Methanobacteriales,Methanothermaceae,Methanothermus,methanothermus fervidus,82.41666666666667,False
3003,RS_GCF_000172995.2,Archaea,Halobacteriota,Halobacteria,Halobacteriales,Haloferacaceae,Halogeometricum,halogeometricum borinquense,40.0,False
3004,RS_GCF_000275865.1,Archaea,Halobacteriota,Methanomicrobia,Methanomicrobiales,Methanofollaceae,Methanofollis,methanofollis liminatans,39.5,False
3005,RS_GCF_000337915.1,Archaea,Halobacteriota,Halobacteria,Halobacteriales,Haloferacaceae,Halorubrum,halorubrum saccharovorum,50.0,False
3006,RS_GCF_000739595.1,Archaea,Halobacteriota,Halobacteria,Halobacteriales,Haloferacaceae,Halorubrum,halorubrum halophilum,37.5,False
3007,RS_GCF_000828575.1,Archaea,Methanobacteriota,Methanobacteria,Methanobacteriales,Methanothermobacteraceae,Methanothermobacter,methanothermobacter sp000828575,55.0,False
3008,RS_GCF_000970205.1,Archaea,Halobacteriota,Methanosarcinia,Methanosarcinales,Methanosarcinaceae,Methanosarcina,methanosarcina mazei,36.16522222222223,False
3009,RS_GCF_001462205.1,Archaea,Halobacteriota,Halobacteria,Halobacteriales,Haloferacaceae,Haloparvum,haloparvum sedimenti,42.0,False
3010,RS_GCF_002153915.1,Archaea,Halobacteriota,Methanonatronarchaeia,Methanonatronarchaeales,Methanonatronarchaeaceae,Methanonatronarchaeum,methanonatronarchaeum thermophilum,50.0,False
3011,RS_GCF_002214585.1,Archaea,Methanobacteriota_B,Thermococci,Thermococcales,Thermococcaceae,Thermococcus,thermococcus profundus,80.0,False
3012,RS_GCF_900100715.1,Archaea,Halobacteriota,Methanosarcinia,Methanosarcinales,Methanosarcinaceae,Methanolobus,methanolobus vulcani,40.0,False
3013,RS_GCF_900110535.1,Archaea,Halobacteriota,Halobacteria,Halobacteriales,Halobacteriaceae,Halobacterium,halobacterium jilantaiense,40.0,False
3014,RS_GCF_900188065.1,Archaea,Halobacteriota,Halobacteria,Halobacteriales,Haloferacaceae,Halorubrum,halorubrum vacuolatum,38.75,False
3015,RS_GCF_000008645.1,Archaea,Methanobacteriota,Methanobacteria,Methanobacteriales,Methanothermobacteraceae,Methanothermobacter,methanothermobacter thermautotrophicus,65.39351851851853,False
3016,RS_GCF_000018365.1,Archaea,Methanobacteriota_B,Thermococci,Thermococcales,Thermococcaceae,Thermococcus,thermococcus onnurineus,80.0,False
3017,RS_GCF_000018465.1,Archaea,Thermoproteota,Nitrososphaeria,Nitrososphaerales,Nitrosopumilaceae,Nitrosopumilus,nitrosopumilus maritimus,32.0,False
3018,RS_GCF_000025285.1,Archaea,Halobacteriota,Archaeoglobi,Archaeoglobales,Archaeoglobaceae,Archaeoglobus_B,archaeoglobus_b profundus,82.0,False
3019,RS_GCF_000190315.1,Archaea,Thermoproteota,Thermoproteia,Thermoproteales,Thermocladiaceae,Vulcanisaeta,vulcanisaeta moutnovskia,80.75,False
3020,RS_GCF_000195915.1,Archaea,Thermoplasmatota,Thermoplasmata,Thermoplasmatales,Thermoplasmataceae,Thermoplasma,thermoplasma acidophilum,57.7221111111111,False
3021,RS_GCF_000196655.1,Archaea,Halobacteriota,Methanosarcinia,Methanosarcinales,Methanosarcinaceae,Methanohalobium,methanohalobium evestigatum,46.66666666666666,False
3022,RS_GCF_000204925.1,Archaea,Thermoproteota,Thermoproteia,Sulfolobales,Sulfolobaceae,Metallosphaera,metallosphaera cuprina,65.0,False
3023,RS_GCF_000336935.1,Archaea,Halobacteriota,Halobacteria,Halobacteriales,Halococcaceae,Halococcus,halococcus salifodinae,37.5,False
3024,RS_GCF_000337455.1,Archaea,Halobacteriota,Halobacteria,Halobacteriales,Haloarculaceae,Halosimplex,halosimplex carlsbadense,38.16666666666666,False
3025,RS_GCF_000383975.1,Archaea,Halobacteriota,Halobacteria,Halobacteriales,Natrialbaceae,Natronorubrum,natronorubrum tibetense,45.0,False
3026,RS_GCF_000403645.1,Archaea,Halobacteriota,Halobacteria,Halobacteriales,Salinarchaeaceae,Salinarchaeum,salinarchaeum sp000403645,38.5,False
3027,RS_GCF_000470655.1,Archaea,Halobacteriota,Halobacteria,Halobacteriales,Haloarculaceae,Halorhabdus,halorhabdus tiamatea,45.0,False
3028,RS_GCF_002116695.1,Archaea,Thermoproteota,Thermoproteia,Sulfolobales,Sulfolobaceae,Acidianus,acidianus manzaensis,80.0,False
3029,RS_GCF_002214505.1,Archaea,Methanobacteriota_B,Thermococci,Thermococcales,Thermococcaceae,Thermococcus,thermococcus siculi,83.75,False
3030,RS_GCF_009392895.1,Archaea,Halobacteriota,Halobacteria,Halobacteriales,Natrialbaceae,Natronorubrum,natronorubrum aibiense,45.0,False
3031,RS_GCF_009729015.1,Archaea,Thermoproteota,Thermoproteia,Sulfolobales,Sulfolobaceae,Acidianus,acidianus ambivalens,80.0,False
3032,RS_GCF_000015805.1,Archaea,Thermoproteota,Thermoproteia,Thermoproteales,Thermoproteaceae,Pyrobaculum,pyrobaculum calidifontis,92.08333333333331,False
3033,RS_GCF_000022205.1,Archaea,Halobacteriota,Halobacteria,Halobacteriales,Haloferacaceae,Halorubrum,halorubrum lacusprofundi,34.0,False
3034,RS_GCF_000024185.1,Archaea,Methanobacteriota,Methanobacteria,Methanobacteriales,Methanobacteriaceae,Methanobrevibacter,methanobrevibacter ruminantium,33.0,False
3035,RS_GCF_000025865.1,Archaea,Halobacteriota,Methanosarcinia,Methanosarcinales,Methanosarcinaceae,Methanohalophilus,methanohalophilus mahii,36.0,False
3036,RS_GCF_000091665.1,Archaea,Methanobacteriota_A,Methanococci,Methanococcales,Methanocaldococcaceae,Methanocaldococcus,methanocaldococcus jannaschii,83.8888888888889,False
3037,RS_GCF_000144915.1,Archaea,Thermoproteota,Thermoproteia,Sulfolobales,Acidilobaceae,Acidilobus,acidilobus saccharovorans,81.389,False
3038,RS_GCF_000211475.1,Archaea,Methanobacteriota_B,Thermococci,Thermococcales,Thermococcaceae,Pyrococcus,pyrococcus sp000211475,86.5,False
3039,RS_GCF_000230735.2,Archaea,Halobacteriota,Halobacteria,Halobacteriales,Natrialbaceae,Natrinema,natrinema pellirubrum,32.5,False
3040,RS_GCF_000264495.1,Archaea,Thermoproteota,Thermoproteia,Sulfolobales,Desulfurococcaceae,Thermogladius,thermogladius calderae,84.0,False
3041,RS_GCF_000337555.1,Archaea,Halobacteriota,Halobacteria,Halobacteriales,Natrialbaceae,Natrialba,natrialba asiatica,35.0,False
3042,RS_GCF_009900715.1,Archaea,Halobacteriota,Halobacteria,Halobacteriales,Halococcaceae,Halococcus,halococcus salsus,39.0,False
3043,RS_GCF_017874335.1,Archaea,Halobacteriota,Halobacteria,Halobacteriales,Halobacteriaceae,Halarchaeum,halarchaeum salinum,42.0,False
3044,RS_GCF_900111935.1,Archaea,Halobacteriota,Halobacteria,Halobacteriales,Haloferacaceae,Halorubrum,halorubrum sodomense,40.0,False
3045,RS_GCF_900215575.1,Archaea,Halobacteriota,Halobacteria,Halobacteriales,Natronoarchaeaceae,Natronoarchaeum,natronoarchaeum philippinense,40.0,False
3046,GB_GCA_003056265.1,Archaea,Thermoproteota,Thermoproteia,Sulfolobales,NBVN01,Zestosphaera,zestosphaera tikiterensis,82.5,False
3047,RS_GCF_000011125.1,Archaea,Thermoproteota,Thermoproteia,Sulfolobales,Acidilobaceae,Aeropyrum,aeropyrum pernix,91.08333333333331,False
3048,RS_GCF_000015205.1,Archaea,Thermoproteota,Thermoproteia,Thermoproteales,Thermoproteaceae,Pyrobaculum,pyrobaculum islandicum,99.16666666666669,False
3049,RS_GCF_000024625.1,Archaea,Methanobacteriota_A,Methanococci,Methanococcales,Methanocaldococcaceae,Methanocaldococcus,methanocaldococcus vulcanius,79.389,False
3050,RS_GCF_000215995.1,Archaea,Methanobacteriota_B,Thermococci,Thermococcales,Thermococcaceae,Pyrococcus,pyrococcus yayanosii,98.0,False
3051,RS_GCF_000223905.1,Archaea,Halobacteriota,Halobacteria,Halobacteriales,Haloarculaceae,Haloarcula,haloarcula hispanica,40.375,False
3052,RS_GCF_000251105.1,Archaea,Halobacteriota,Methanocellia,Methanocellales,Methanocellaceae,Methanocella,methanocella conradii,53.125,False
3053,RS_GCF_000320505.1,Archaea,Methanobacteriota,Methanobacteria,Methanobacteriales,Methanobacteriaceae,Methanobrevibacter_B,methanobrevibacter_b boviskoreani,38.5,False
3054,RS_GCF_000385565.1,Archaea,Halobacteriota,Archaeoglobi,Archaeoglobales,Archaeoglobaceae,Archaeoglobus_A,archaeoglobus_a sulfaticallidus,75.0,False
3055,RS_GCF_000816105.1,Archaea,Methanobacteriota_B,Thermococci,Thermococcales,Thermococcaceae,Thermococcus,thermococcus guaymasensis,88.0,False
3056,RS_GCF_002214545.1,Archaea,Methanobacteriota_B,Thermococci,Thermococcales,Thermococcaceae,Thermococcus,thermococcus thioreducens,84.0,False
3057,RS_GCF_013377755.1,Archaea,Halobacteriota,Methanomicrobia,Methanomicrobiales,Methanofollaceae,Methanofollis,methanofollis tationis,42.0,False
3058,RS_GCF_016065055.1,Archaea,Halobacteriota,Halobacteria,Halobacteriales,Haloarculaceae,Halosimplex,halosimplex litoreum,40.0,False
3059,RS_GCF_900215215.1,Archaea,Halobacteriota,Methanosarcinia,Methanosarcinales,Methanosarcinaceae,Methanohalophilus,methanohalophilus euhalobius,32.5,False
3060,RS_GCF_000007345.1,Archaea,Halobacteriota,Methanosarcinia,Methanosarcinales,Methanosarcinaceae,Methanosarcina,methanosarcina acetivorans,37.575,False
3061,RS_GCF_000063445.1,Archaea,Halobacteriota,Methanocellia,Methanocellales,Methanocellaceae,Methanocella_A,methanocella_a arvoryzae,45.0,False
3062,RS_GCF_000092465.1,Archaea,Thermoproteota,Thermoproteia,Sulfolobales,Desulfurococcaceae,Staphylothermus,staphylothermus hellenicus,85.0,False
3063,RS_GCF_000145295.1,Archaea,Methanobacteriota,Methanobacteria,Methanobacteriales,Methanothermobacteraceae,Methanothermobacter,methanothermobacter marburgensis,62.36111111111111,False
3064,RS_GCF_000327485.1,Archaea,Halobacteriota,Methanomicrobia,Methanomicrobiales,Methanoregulaceae,Methanoregula,methanoregula formicica,31.5,False
3065,RS_GCF_000327505.1,Archaea,Thermoplasmatota,Thermoplasmata,Aciduliprofundales,Aciduliprofundaceae,Aciduliprofundum,aciduliprofundum sp000327505,70.0,False
3066,RS_GCF_000336995.1,Archaea,Halobacteriota,Halobacteria,Halobacteriales,Haloferacaceae,Halorubrum,halorubrum aidingense,41.0,False
3067,RS_GCF_000337775.1,Archaea,Halobacteriota,Halobacteria,Halobacteriales,Haloarculaceae,Haloarcula,haloarcula vallismortis,41.25,False
3068,RS_GCF_000379085.1,Archaea,Halobacteriota,Halobacteria,Halobacteriales,Haloarculaceae,Halomicrobium,halomicrobium katesii,39.0,False
3069,RS_GCF_000739065.1,Archaea,Methanobacteriota_A,Methanococci,Methanococcales,Methanocaldococcaceae,Methanocaldococcus,methanocaldococcus bathoardescens,82.0,False
3070,RS_GCF_000970085.1,Archaea,Halobacteriota,Methanosarcinia,Methanosarcinales,Methanosarcinaceae,Methanosarcina,methanosarcina siciliae,37.1111111111111,False
3071,RS_GCF_001282785.1,Archaea,Halobacteriota,Halobacteria,Halobacteriales,Haloferacaceae,Halolamina,halolamina sediminis,38.5,False
3072,RS_GCF_001304615.2,Archaea,Halobacteriota,Methanosarcinia,Methanosarcinales,Methanosarcinaceae,Methanosarcina,methanosarcina flavescens,44.375,False
3073,RS_GCF_002214385.1,Archaea,Methanobacteriota_B,Thermococci,Thermococcales,Thermococcaceae,Thermococcus,thermococcus gorgonarius,84.5,False
3074,RS_GCF_002214485.1,Archaea,Methanobacteriota_B,Thermococci,Thermococcales,Thermococcaceae,Thermococcus,thermococcus pacificus,84.5,False
3075,RS_GCF_003201765.2,Archaea,Thermoproteota,Thermoproteia,Sulfolobales,Sulfolobaceae,Acidianus,acidianus sulfidivorans,69.66666666666667,False
3076,RS_GCF_007671685.1,Archaea,Halobacteriota,Halobacteria,Halobacteriales,Haloferacaceae,Halorubrum,halorubrum salsamenti,42.0,False
3077,RS_GCF_014647235.1,Archaea,Halobacteriota,Halobacteria,Halobacteriales,Haloarculaceae,Halomicroarcula,halomicroarcula pellucida,40.0,False
3078,RS_GCF_900095295.1,Archaea,Methanobacteriota,Methanobacteria,Methanobacteriales,Methanobacteriaceae,Methanobacterium_C,methanobacterium_c congolense,39.5,False
3079,RS_GCF_000014945.1,Archaea,Halobacteriota,Methanosarcinia,Methanotrichales,Methanotrichaceae,Methanothrix_B,methanothrix_b thermoacetophila,57.5,False
3080,RS_GCF_000021965.1,Archaea,Halobacteriota,Methanomicrobia,Methanomicrobiales,Methanosphaerulaceae,Methanosphaerula,methanosphaerula palustris,29.0,False
3081,RS_GCF_000023965.1,Archaea,Halobacteriota,Halobacteria,Halobacteriales,Haloarculaceae,Halomicrobium,halomicrobium mukohataei,45.0,False
3082,RS_GCF_000258425.1,Archaea,Thermoproteota,Thermoproteia,Sulfolobales,Fervidicoccaceae,Fervidicoccus,fervidicoccus fontis,71.66666666666667,False
3083,RS_GCF_000263735.1,Archaea,Methanobacteriota_B,Thermococci,Thermococcales,Thermococcaceae,Pyrococcus,pyrococcus sp000263735,95.0,False
3084,RS_GCF_000336755.1,Archaea,Halobacteriota,Halobacteria,Halobacteriales,Haloferacaceae,Haloferax,haloferax elongans,53.0,False
3085,RS_GCF_000376445.1,Archaea,Halobacteriota,Halobacteria,Halobacteriales,Haladaptataceae,Haladaptatus,haladaptatus paucihalophilus,36.5835,False
3086,RS_GCF_000956175.1,Archaea,Thermoproteota,Nitrososphaeria,Nitrososphaerales,Nitrosopumilaceae,Nitrosopumilus,nitrosopumilus adriaticus,31.5,False
3087,RS_GCF_000970025.1,Archaea,Halobacteriota,Methanosarcinia,Methanosarcinales,Methanosarcinaceae,Methanosarcina,methanosarcina barkeri,36.269230769230745,False
3088,RS_GCF_001006045.1,Archaea,Halobacteriota,Archaeoglobi,Archaeoglobales,Archaeoglobaceae,Geoglobus,geoglobus ahangari,88.0,False
3089,RS_GCF_001469955.1,Archaea,Halobacteriota,Halobacteria,Halobacteriales,Haloferacaceae,Haloprofundus,haloprofundus marisrubri,34.0,False
3090,RS_GCF_001571405.1,Archaea,Halobacteriota,Methanomicrobia,Methanomicrobiales,Methanoculleaceae,Methanoculleus,methanoculleus thermophilus,55.0,False
3091,RS_GCF_001889405.1,Archaea,Halobacteriota,Methanosarcinia,Methanosarcinales,Methanosarcinaceae,Methanohalophilus,methanohalophilus halophilus,31.0,False
3092,RS_GCF_003841485.1,Archaea,Halobacteriota,Halobacteria,Halobacteriales,Natrialbaceae,Natrarchaeobius,natrarchaeobius halalkaliphilus,45.0,False
3093,RS_GCF_013415905.1,Archaea,Halobacteriota,Halobacteria,Halobacteriales,Haloarculaceae,Halosimplex,halosimplex pelagicum,42.0,False
3094,RS_GCF_014647115.1,Archaea,Halobacteriota,Halobacteria,Halobacteriales,Halobacteriaceae,Halarchaeum,halarchaeum rubridurum,42.5,False
3095,RS_GCF_900156425.1,Archaea,Halobacteriota,Halobacteria,Halobacteriales,Haladaptataceae,Haladaptatus,haladaptatus litoreus,38.5,False
3096,RS_GCF_900880625.1,Archaea,Halobacteriota,Halobacteria,Halobacteriales,Haloarculaceae,Halorhabdus,halorhabdus rudnickae,40.0,False
3097,GB_GCA_000145985.1,Archaea,Thermoproteota,Thermoproteia,Sulfolobales,Ignisphaeraceae,Ignisphaera,ignisphaera aggregans,93.0,False
3098,GB_GCA_000690595.2,Archaea,Halobacteriota,Halobacteria,Halobacteriales,Natrialbaceae,Natrinema,natrinema mahii,45.0,False
3099,RS_GCF_000011185.1,Archaea,Thermoplasmatota,Thermoplasmata,Thermoplasmatales,Thermoplasmataceae,Thermoplasma,thermoplasma volcanium,58.750111111111096,False
3100,RS_GCF_000023985.1,Archaea,Methanobacteriota_A,Methanococci,Methanococcales,Methanocaldococcaceae,Methanocaldococcus,methanocaldococcus fervens,82.33333333333333,False
3101,RS_GCF_000025525.1,Archaea,Methanobacteriota_A,Methanococci,Methanococcales,Methanocaldococcaceae,Methanocaldococcus,methanocaldococcus sp000025525,90.0,False
3102,RS_GCF_000194625.1,Archaea,Halobacteriota,Archaeoglobi,Archaeoglobales,Archaeoglobaceae,Archaeoglobus_C,archaeoglobus_c veneficus,76.25,False
3103,RS_GCF_000230955.2,Archaea,Halobacteriota,Halobacteria,Halobacteriales,Halobacteriaceae,Halobacterium,halobacterium sp000230955,42.0,False
3104,RS_GCF_000304355.2,Archaea,Halobacteriota,Methanomicrobia,Methanomicrobiales,Methanoculleaceae,Methanoculleus,methanoculleus bourgensis,39.25,False
3105,RS_GCF_000337615.1,Archaea,Halobacteriota,Halobacteria,Halobacteriales,Natrialbaceae,Natrinema,natrinema pallidum,38.5,False
3106,RS_GCF_000685155.1,Archaea,Halobacteriota,Methanosarcinia,Methanosarcinales,Methanoperedenaceae,Methanoperedens,methanoperedens nitroreducens,28.5,False
3107,RS_GCF_000765475.1,Archaea,Halobacteriota,Methanosarcinia,Methanosarcinales,Methanosarcinaceae,Methanococcoides,methanococcoides methylutens,30.83333333333333,False
3108,RS_GCF_000966265.1,Archaea,Methanobacteriota_B,Thermococci,Thermococcales,Thermococcaceae,Palaeococcus,palaeococcus ferrophilus,82.0,False
3109,RS_GCF_000970265.1,Archaea,Halobacteriota,Methanosarcinia,Methanosarcinales,Methanosarcinaceae,Methanosarcina,methanosarcina lacustris,22.5,False
3110,RS_GCF_001402945.1,Archaea,Thermoplasmatota,Thermoplasmata,Thermoplasmatales,Thermoplasmataceae,Acidiplasma,acidiplasma aeolicum,42.5,False
3111,RS_GCF_003841505.1,Archaea,Halobacteriota,Halobacteria,Halobacteriales,Natrialbaceae,Natrarchaeobius,natrarchaeobius chitinivorans,43.0,False
3112,RS_GCF_017873815.1,Archaea,Halobacteriota,Halobacteria,Halobacteriales,Haloferacaceae,Halorubrum,halorubrum alkaliphilum,38.0,False
3113,RS_GCF_900083515.1,Archaea,Thermoplasmatota,Thermoplasmata,Thermoplasmatales,Thermoplasmataceae,Cuniculiplasma,cuniculiplasma divulgatum,38.5,False
3114,RS_GCF_900107665.1,Archaea,Halobacteriota,Halobacteria,Halobacteriales,Haloferacaceae,Haloplanus,haloplanus vescus,40.0,False
3115,RS_GCF_900113615.1,Archaea,Halobacteriota,Halobacteria,Halobacteriales,Haloferacaceae,Halorubrum,halorubrum aquaticum,37.5,False
3116,GB_GCA_000350305.1,Archaea,Thermoplasmatota,Thermoplasmata,Methanomassiliicoccales,Methanomethylophilaceae,Methanomethylophilus,methanomethylophilus sp000350305,39.0,False
3117,RS_GCF_000009965.1,Archaea,Methanobacteriota_B,Thermococci,Thermococcales,Thermococcaceae,Thermococcus,thermococcus kodakarensis,81.77766666666666,False
3118,RS_GCF_000012545.1,Archaea,Methanobacteriota,Methanobacteria,Methanobacteriales,Methanobacteriaceae,Methanosphaera,methanosphaera stadtmanae,37.72222222222224,False
3119,RS_GCF_000147875.1,Archaea,Halobacteriota,Methanomicrobia,Methanomicrobiales,Methanomicrobiaceae,Methanolacinia,methanolacinia petrolearia,38.5835,False
3120,RS_GCF_000195935.2,Archaea,Methanobacteriota_B,Thermococci,Thermococcales,Thermococcaceae,Pyrococcus,pyrococcus abyssi,97.0,False
3121,RS_GCF_000214415.1,Archaea,Methanobacteriota_A,Methanococci,Methanococcales,Methanococcaceae,Methanotorris,methanotorris igneus,86.66666666666667,False
3122,RS_GCF_000217995.1,Archaea,Halobacteriota,Methanosarcinia,Methanosarcinales,Methanosarcinaceae,Methanosalsum,methanosalsum zhilinae,43.0,False
3123,RS_GCF_000258515.1,Archaea,Methanobacteriota_B,Thermococci,Thermococcales,Thermococcaceae,Thermococcus,thermococcus zilligii,76.66666666666667,False
3124,RS_GCF_000711905.1,Archaea,Halobacteriota,Methanosarcinia,Methanosarcinales_A,Methermicoccaceae,Methermicoccus,methermicoccus shengliensis,65.0,False
3125,RS_GCF_003264935.1,Archaea,Methanobacteriota,Methanobacteria,Methanobacteriales,Methanothermobacteraceae_A,Methanothermobacter_A,methanothermobacter_a tenebrarum,70.0,False
3126,RS_GCF_004799685.1,Archaea,Halobacteriota,Halobacteria,Halobacteriales,Haloferacaceae,Halobellus,halobellus limi,45.0,False
3127,RS_GCF_008124605.1,Archaea,Halobacteriota,Halobacteria,Halobacteriales,Halobacteriaceae,Halobacterium,halobacterium salinarum,43.90685714285714,False
3128,RS_GCF_013343295.1,Archaea,Thermoproteota,Thermoproteia,Sulfolobales,Sulfolobaceae,Metallosphaera,metallosphaera tengchongensis,70.0,False
3129,RS_GCF_017874235.1,Archaea,Halobacteriota,Halobacteria,Halobacteriales,Haloferacaceae,Halolamina,halolamina salifodinae,39.5,False
3130,RS_GCF_900114585.1,Archaea,Methanobacteriota,Methanobacteria,Methanobacteriales,Methanobacteriaceae,Methanobrevibacter,methanobrevibacter olleyae,37.0,False
